# gmatrix v1 per-event location G  cols=[dTp/dx dTp/dy dTp/dz dTp/dot]
# model tag=bat number=86939 dim=3  fd dx=0.0100 dz=0.0100 eikonal=1
# EVENT 0  nrows 20  ncols 4  params[x y z ot]  hypo -9.3454 -3.9247 -0.3957
0 P st 12 cl 0 sigma 0.17627  G -6.21199608e-02 -1.66445971e-01 3.83794308e-02 1.00000000e+00
0 P st 13 cl 0 sigma 0.17627  G -1.20449066e-01 -1.30003691e-01 4.34279442e-02 1.00000000e+00
0 P st 14 cl 0 sigma 0.17627  G -1.75172091e-01 -2.96175480e-02 3.79204750e-02 1.00000000e+00
0 P st 19 cl 0 sigma 0.17627  G -5.07503748e-02 -1.55591965e-01 8.77767801e-02 1.00000000e+00
0 P st 23 cl 1 sigma 0.40238  G 5.37753105e-02 -1.52480602e-01 -7.89642334e-02 1.00000000e+00
0 P st 31 cl 0 sigma 0.17627  G -1.47163868e-01 -8.39710236e-02 -5.86867332e-02 1.00000000e+00
0 P st 33 cl 0 sigma 0.17627  G 1.45441294e-01 -1.01214647e-01 4.51982021e-02 1.00000000e+00
0 P st 36 cl 0 sigma 0.17627  G 1.65390968e-01 2.32338905e-02 7.56382942e-02 1.00000000e+00
0 P st 38 cl 0 sigma 0.17627  G 5.05298376e-02 1.44615769e-01 1.05956197e-01 1.00000000e+00
0 P st 40 cl 0 sigma 0.17627  G 9.89556313e-02 1.46120787e-01 4.66287136e-02 1.00000000e+00
0 P st 42 cl 0 sigma 0.17627  G -1.51360035e-01 9.26375389e-02 2.96831131e-02 1.00000000e+00
0 P st 46 cl 0 sigma 0.17627  G -1.61778927e-01 -7.34806061e-02 3.53813171e-02 1.00000000e+00
0 S st 12 cl 1 sigma 0.13790  G -1.07479095e-01 -2.87938118e-01 6.64114952e-02 1.00000000e+00
0 S st 13 cl 1 sigma 0.13790  G -2.08377838e-01 -2.24900246e-01 7.51256943e-02 1.00000000e+00
0 S st 19 cl 0 sigma 0.10762  G -8.78095627e-02 -2.69174576e-01 1.51860714e-01 1.00000000e+00
0 S st 31 cl 1 sigma 0.13790  G -2.54583359e-01 -1.45268440e-01 -1.01518631e-01 1.00000000e+00
0 S st 33 cl 1 sigma 0.13790  G 2.51615047e-01 -1.75082684e-01 7.81893730e-02 1.00000000e+00
0 S st 36 cl 1 sigma 0.13790  G 2.86126137e-01 4.01794910e-02 1.30856037e-01 1.00000000e+00
0 S st 40 cl 0 sigma 0.10762  G 1.71196461e-01 2.52795219e-01 8.06689262e-02 1.00000000e+00
0 S st 46 cl 1 sigma 0.13790  G -2.79879570e-01 -1.27136707e-01 6.12020493e-02 1.00000000e+00
# EVENT 1  nrows 19  ncols 4  params[x y z ot]  hypo -10.0553 -4.0556 0.9655
1 P st 10 cl 0 sigma 0.17627  G 1.47342682e-02 -1.60050392e-01 1.16825104e-02 1.00000000e+00
1 P st 12 cl 0 sigma 0.17627  G -6.77645206e-02 -1.44231319e-01 1.95503235e-02 1.00000000e+00
1 P st 16 cl 0 sigma 0.17627  G -1.55949593e-01 3.83973122e-02 1.24812126e-02 1.00000000e+00
1 P st 18 cl 0 sigma 0.17627  G -1.27363205e-01 -9.84191895e-02 8.38041306e-03 1.00000000e+00
1 P st 19 cl 0 sigma 0.17627  G -6.65247440e-02 -1.17284060e-01 7.88688660e-02 1.00000000e+00
1 P st 20 cl 0 sigma 0.17627  G -1.43855810e-01 6.71565533e-02 2.11358070e-02 1.00000000e+00
1 P st 33 cl 0 sigma 0.17627  G 1.19388103e-01 -1.00672245e-01 3.28540802e-02 1.00000000e+00
1 P st 34 cl 0 sigma 0.17627  G -1.23500824e-01 -8.09311867e-02 4.89056110e-02 1.00000000e+00
1 P st 36 cl 0 sigma 0.17627  G 1.16389990e-01 1.50263309e-02 9.85622406e-02 1.00000000e+00
1 P st 38 cl 0 sigma 0.17627  G 1.15036964e-03 8.56041908e-02 1.26051903e-01 1.00000000e+00
1 P st 40 cl 0 sigma 0.17627  G 7.39216805e-02 1.35135651e-01 3.49938869e-02 1.00000000e+00
1 P st 41 cl 0 sigma 0.17627  G -4.14967537e-02 1.51115656e-01 2.92539597e-02 1.00000000e+00
1 P st 42 cl 0 sigma 0.17627  G -1.40774250e-01 7.62581825e-02 1.56044960e-02 1.00000000e+00
1 P st 43 cl 0 sigma 0.17627  G -1.27601624e-01 9.74535942e-02 1.28984451e-02 1.00000000e+00
1 S st 18 cl 1 sigma 0.13790  G -2.20322609e-01 -1.70230865e-01 1.45196915e-02 1.00000000e+00
1 S st 20 cl 0 sigma 0.10762  G -2.48861313e-01 1.16181374e-01 3.65734100e-02 1.00000000e+00
1 S st 33 cl 0 sigma 0.10762  G 2.06553936e-01 -1.74164772e-01 5.68270683e-02 1.00000000e+00
1 S st 38 cl 0 sigma 0.10762  G 1.99675560e-03 1.48081779e-01 2.18063593e-01 1.00000000e+00
1 S st 40 cl 0 sigma 0.10762  G 1.27899647e-01 2.33781338e-01 6.05463982e-02 1.00000000e+00
# EVENT 2  nrows 25  ncols 4  params[x y z ot]  hypo -4.6503 5.6769 -1.0347
2 P st 11 cl 0 sigma 0.17627  G 1.76680088e-01 2.48432159e-02 1.82032585e-02 1.00000000e+00
2 P st 12 cl 0 sigma 0.17627  G 1.07604265e-01 1.41927600e-01 2.06738710e-02 1.00000000e+00
2 P st 13 cl 0 sigma 0.17627  G 1.53720379e-02 1.78456306e-01 1.59740448e-02 1.00000000e+00
2 P st 18 cl 0 sigma 0.17627  G -1.79356337e-01 -9.39965248e-03 1.26242638e-02 1.00000000e+00
2 P st 20 cl 1 sigma 0.40238  G -1.70826912e-02 1.78766251e-01 8.96453857e-03 1.00000000e+00
2 P st 22 cl 0 sigma 0.17627  G -1.15227699e-01 -1.37865543e-01 1.16229057e-02 1.00000000e+00
2 P st 25 cl 0 sigma 0.17627  G -1.24317408e-01 -1.28775835e-01 1.65045261e-02 1.00000000e+00
2 P st 26 cl 0 sigma 0.17627  G -1.73306465e-01 -4.76121902e-02 1.03831291e-02 1.00000000e+00
2 P st 28 cl 0 sigma 0.17627  G -1.72439218e-01 4.41491604e-02 1.98900700e-02 1.00000000e+00
2 P st 31 cl 0 sigma 0.17627  G -1.56176090e-01 8.85903835e-02 1.32560730e-02 1.00000000e+00
2 P st 34 cl 0 sigma 0.17627  G 4.06563282e-02 1.74921751e-01 1.28924847e-02 1.00000000e+00
2 P st 36 cl 1 sigma 0.40238  G 1.12903118e-01 1.39737129e-01 9.05990601e-03 1.00000000e+00
2 P st 37 cl 0 sigma 0.17627  G -1.10852718e-01 1.41251087e-01 9.25064087e-03 1.00000000e+00
2 P st 40 cl 1 sigma 0.40238  G 7.96556473e-02 1.44195557e-01 -4.08053398e-02 1.00000000e+00
2 P st 46 cl 0 sigma 0.17627  G -5.83529472e-02 1.69795752e-01 1.34229660e-02 1.00000000e+00
2 S st 11 cl 0 sigma 0.10762  G 3.05652618e-01 4.29749489e-02 3.14891338e-02 1.00000000e+00
2 S st 12 cl 0 sigma 0.10762  G 1.86163187e-01 2.45535374e-01 3.57687473e-02 1.00000000e+00
2 S st 13 cl 0 sigma 0.10762  G 2.66015530e-02 3.08728218e-01 2.76386738e-02 1.00000000e+00
2 S st 18 cl 0 sigma 0.10762  G -3.10289860e-01 -1.62601471e-02 2.18391418e-02 1.00000000e+00
2 S st 20 cl 1 sigma 0.13790  G -2.95400620e-02 3.09276581e-01 1.55448914e-02 1.00000000e+00
2 S st 25 cl 0 sigma 0.10762  G -2.15089321e-01 -2.22766399e-01 2.85267830e-02 1.00000000e+00
2 S st 31 cl 1 sigma 0.13790  G -2.70175934e-01 1.53255463e-01 2.29239464e-02 1.00000000e+00
2 S st 36 cl 1 sigma 0.13790  G 1.95336342e-01 2.41756439e-01 1.56879425e-02 1.00000000e+00
2 S st 37 cl 0 sigma 0.10762  G -1.91760063e-01 2.44355202e-01 1.59978867e-02 1.00000000e+00
2 S st 40 cl 1 sigma 0.13790  G 1.37829781e-01 2.49409676e-01 -7.06195831e-02 1.00000000e+00
# EVENT 3  nrows 29  ncols 4  params[x y z ot]  hypo -5.5656 1.6150 2.3248
3 P st 10 cl 0 sigma 0.17627  G 1.03545189e-01 -1.10030174e-01 5.64575195e-02 1.00000000e+00
3 P st 12 cl 0 sigma 0.17627  G 4.86791134e-02 -4.49120998e-02 1.44946575e-01 1.00000000e+00
3 P st 13 cl 0 sigma 0.17627  G -2.32517719e-02 4.49597836e-02 1.53332949e-01 1.00000000e+00
3 P st 18 cl 0 sigma 0.17627  G -1.37448311e-01 -7.11441040e-02 4.52876091e-02 1.00000000e+00
3 P st 19 cl 0 sigma 0.17627  G 8.56280327e-02 8.51154327e-02 1.07306242e-01 1.00000000e+00
3 P st 20 cl 0 sigma 0.17627  G -3.64661217e-02 1.49345398e-01 4.96625900e-02 1.00000000e+00
3 P st 21 cl 0 sigma 0.17627  G -3.63349915e-02 -1.53958797e-01 3.18288803e-02 1.00000000e+00
3 P st 25 cl 0 sigma 0.17627  G -7.58886337e-02 -1.32286549e-01 5.10931015e-02 1.00000000e+00
3 P st 28 cl 0 sigma 0.17627  G -1.16223097e-01 -7.61508942e-02 8.17000866e-02 1.00000000e+00
3 P st 29 cl 0 sigma 0.17627  G -1.53970718e-01 -2.75850296e-02 3.88622284e-02 1.00000000e+00
3 P st 31 cl 0 sigma 0.17627  G -1.47646666e-01 -1.28805637e-02 6.41763210e-02 1.00000000e+00
3 P st 33 cl 0 sigma 0.17627  G 1.48612261e-01 3.56495380e-02 4.94062901e-02 1.00000000e+00
3 P st 34 cl 0 sigma 0.17627  G 2.41637230e-02 1.00094080e-01 1.20562315e-01 1.00000000e+00
3 P st 36 cl 0 sigma 0.17627  G 1.17886066e-01 9.81688499e-02 4.82082367e-02 1.00000000e+00
3 P st 37 cl 0 sigma 0.17627  G -1.29175186e-01 8.65697861e-02 4.17709351e-02 1.00000000e+00
3 P st 38 cl 0 sigma 0.17627  G 7.74860382e-02 1.31225586e-01 5.11407852e-02 1.00000000e+00
3 P st 40 cl 0 sigma 0.17627  G 8.87155533e-02 1.30486488e-01 3.36289406e-02 1.00000000e+00
3 P st 42 cl 1 sigma 0.40238  G -5.19990921e-02 1.46889687e-01 4.19378281e-02 1.00000000e+00
3 P st 43 cl 1 sigma 0.40238  G -4.92691994e-02 1.49774551e-01 3.36527824e-02 1.00000000e+00
3 P st 46 cl 0 sigma 0.17627  G -9.05990601e-02 6.93202019e-02 1.08492374e-01 1.00000000e+00
3 P st 47 cl 0 sigma 0.17627  G -1.53768063e-01 1.54495239e-02 4.65512276e-02 1.00000000e+00
3 S st 12 cl 0 sigma 0.10762  G 8.42094421e-02 -7.77006149e-02 2.50762701e-01 1.00000000e+00
3 S st 13 cl 0 sigma 0.10762  G -4.02271748e-02 7.77721405e-02 2.65258551e-01 1.00000000e+00
3 S st 18 cl 0 sigma 0.10762  G -2.37762928e-01 -1.23071671e-01 7.83562660e-02 1.00000000e+00
3 S st 19 cl 1 sigma 0.13790  G 1.48141384e-01 1.47259235e-01 1.85644627e-01 1.00000000e+00
3 S st 36 cl 0 sigma 0.10762  G 2.03955173e-01 1.69849396e-01 8.33988190e-02 1.00000000e+00
3 S st 37 cl 1 sigma 0.13790  G -2.23481655e-01 1.49774551e-01 7.22527504e-02 1.00000000e+00
3 S st 40 cl 1 sigma 0.13790  G 1.53493881e-01 2.25734711e-01 5.81979752e-02 1.00000000e+00
3 S st 46 cl 0 sigma 0.10762  G -1.56736374e-01 1.19912624e-01 1.87683105e-01 1.00000000e+00
# EVENT 4  nrows 33  ncols 4  params[x y z ot]  hypo -0.3864 -3.8940 3.6608
4 P st 12 cl 0 sigma 0.17627  G 1.00755692e-01 -1.04367733e-01 7.21573830e-02 1.00000000e+00
4 P st 13 cl 0 sigma 0.17627  G 9.42230225e-02 -9.17613506e-02 9.67860222e-02 1.00000000e+00
4 P st 14 cl 0 sigma 0.17627  G 5.41448593e-02 -3.43859196e-02 1.48868561e-01 1.00000000e+00
4 P st 15 cl 0 sigma 0.17627  G 2.47597694e-02 2.98202038e-02 1.55824423e-01 1.00000000e+00
4 P st 16 cl 0 sigma 0.17627  G -1.96218491e-02 7.25030899e-02 1.42312050e-01 1.00000000e+00
4 P st 18 cl 0 sigma 0.17627  G -4.87804413e-02 -1.41060352e-01 6.41226768e-02 1.00000000e+00
4 P st 19 cl 0 sigma 0.17627  G 1.35684013e-01 -4.37378883e-02 7.89165497e-02 1.00000000e+00
4 P st 20 cl 0 sigma 0.17627  G 6.91890717e-02 7.41481781e-02 1.23572350e-01 1.00000000e+00
4 P st 28 cl 0 sigma 0.17627  G 7.70092010e-03 -1.42598152e-01 7.79986382e-02 1.00000000e+00
4 P st 31 cl 0 sigma 0.17627  G -3.61979008e-02 -1.21736526e-01 9.88304615e-02 1.00000000e+00
4 P st 33 cl 0 sigma 0.17627  G 1.50227547e-01 -3.68833542e-02 4.69923019e-02 1.00000000e+00
4 P st 34 cl 0 sigma 0.17627  G 1.17838383e-01 -4.48346138e-02 1.00028515e-01 1.00000000e+00
4 P st 35 cl 0 sigma 0.17627  G -1.25384331e-01 -5.35011292e-02 8.82387161e-02 1.00000000e+00
4 P st 36 cl 0 sigma 0.17627  G 1.51681900e-01 6.29425049e-03 5.54680824e-02 1.00000000e+00
4 P st 37 cl 0 sigma 0.17627  G -8.46087933e-02 7.08103180e-03 1.34837627e-01 1.00000000e+00
4 P st 38 cl 0 sigma 0.17627  G 1.42705441e-01 3.14712524e-02 6.89625740e-02 1.00000000e+00
4 P st 39 cl 0 sigma 0.17627  G -1.18839741e-01 6.12616539e-02 9.02175903e-02 1.00000000e+00
4 P st 40 cl 0 sigma 0.17627  G 1.42383575e-01 5.72323799e-02 5.13792038e-02 1.00000000e+00
4 P st 42 cl 1 sigma 0.40238  G 3.63290310e-02 1.00672245e-01 1.20693445e-01 1.00000000e+00
4 P st 43 cl 0 sigma 0.17627  G 2.26199627e-02 1.27327442e-01 9.73999500e-02 1.00000000e+00
4 P st 47 cl 0 sigma 0.17627  G -8.71241093e-02 -9.03069973e-02 1.01476908e-01 1.00000000e+00
4 S st 12 cl 1 sigma 0.13790  G 1.74319744e-01 -1.80554390e-01 1.24824047e-01 1.00000000e+00
4 S st 13 cl 1 sigma 0.13790  G 1.63006783e-01 -1.58739090e-01 1.67429447e-01 1.00000000e+00
4 S st 14 cl 0 sigma 0.10762  G 9.36627388e-02 -5.94854355e-02 2.57539749e-01 1.00000000e+00
4 S st 16 cl 0 sigma 0.10762  G -3.39627266e-02 1.25432014e-01 2.46191025e-01 1.00000000e+00
4 S st 18 cl 1 sigma 0.13790  G -8.44240189e-02 -2.44045258e-01 1.10936165e-01 1.00000000e+00
4 S st 20 cl 1 sigma 0.13790  G 1.19709969e-01 1.28293037e-01 2.13766098e-01 1.00000000e+00
4 S st 31 cl 1 sigma 0.13790  G -6.25967979e-02 -2.10595131e-01 1.70969963e-01 1.00000000e+00
4 S st 34 cl 1 sigma 0.13790  G 2.03871727e-01 -7.75575638e-02 1.73056126e-01 1.00000000e+00
4 S st 36 cl 1 sigma 0.13790  G 2.62427330e-01 1.08957291e-02 9.59396362e-02 1.00000000e+00
4 S st 38 cl 1 sigma 0.13790  G 2.46870518e-01 5.44667244e-02 1.19304657e-01 1.00000000e+00
4 S st 40 cl 0 sigma 0.10762  G 2.46357918e-01 9.90390778e-02 8.88586044e-02 1.00000000e+00
4 S st 47 cl 1 sigma 0.13790  G -1.50704384e-01 -1.56223774e-01 1.75571442e-01 1.00000000e+00
# EVENT 5  nrows 18  ncols 4  params[x y z ot]  hypo -7.2125 -7.1884 4.2583
5 P st 12 cl 1 sigma 0.40238  G -5.32865524e-03 -1.42574310e-01 7.40170479e-02 1.00000000e+00
5 P st 13 cl 0 sigma 0.17627  G -3.55660915e-02 -1.31273270e-01 8.78274441e-02 1.00000000e+00
5 P st 15 cl 0 sigma 0.17627  G -1.12283230e-01 -4.24027443e-02 1.06132030e-01 1.00000000e+00
5 P st 16 cl 0 sigma 0.17627  G -1.32423639e-01 -9.98377800e-03 9.32216644e-02 1.00000000e+00
5 P st 18 cl 0 sigma 0.17627  G -9.49263573e-02 -1.22582912e-01 4.47034836e-02 1.00000000e+00
5 P st 19 cl 0 sigma 0.17627  G 2.50756741e-02 -1.16276741e-01 1.10858679e-01 1.00000000e+00
5 P st 20 cl 0 sigma 0.17627  G -8.64624977e-02 -8.52346420e-04 1.35576725e-01 1.00000000e+00
5 P st 33 cl 0 sigma 0.17627  G 1.03545189e-01 -9.80615616e-02 7.57098198e-02 1.00000000e+00
5 P st 36 cl 0 sigma 0.17627  G 1.05595589e-01 -5.25116920e-02 1.09755993e-01 1.00000000e+00
5 P st 38 cl 0 sigma 0.17627  G 7.13944435e-02 -2.87532806e-02 1.43134594e-01 1.00000000e+00
5 P st 40 cl 0 sigma 0.17627  G 1.08969212e-01 3.28004360e-02 1.14560127e-01 1.00000000e+00
5 P st 42 cl 1 sigma 0.40238  G -1.03813410e-01 2.44021416e-02 1.19727850e-01 1.00000000e+00
5 S st 13 cl 1 sigma 0.13790  G -6.15239143e-02 -2.27117538e-01 1.51944160e-01 1.00000000e+00
5 S st 16 cl 1 sigma 0.13790  G -2.29084492e-01 -1.72734261e-02 1.61278248e-01 1.00000000e+00
5 S st 18 cl 1 sigma 0.13790  G -1.64222717e-01 -2.12097168e-01 7.73429871e-02 1.00000000e+00
5 S st 33 cl 1 sigma 0.13790  G 1.79123878e-01 -1.69646740e-01 1.30987167e-01 1.00000000e+00
5 S st 36 cl 0 sigma 0.10762  G 1.82676315e-01 -9.08493996e-02 1.89888477e-01 1.00000000e+00
5 S st 40 cl 0 sigma 0.10762  G 1.88517570e-01 5.67674637e-02 1.98185444e-01 1.00000000e+00
# EVENT 6  nrows 21  ncols 4  params[x y z ot]  hypo 3.4548 -6.5330 -1.1837
6 P st 12 cl 1 sigma 0.40238  G 1.32393837e-01 -1.19900703e-01 5.88893890e-03 1.00000000e+00
6 P st 13 cl 0 sigma 0.17627  G 1.37388706e-01 -1.16062164e-01 1.00612640e-02 1.00000000e+00
6 P st 16 cl 0 sigma 0.17627  G 1.78256631e-01 4.88758087e-03 2.33173370e-02 1.00000000e+00
6 P st 18 cl 0 sigma 0.17627  G 5.57899475e-03 -1.79600716e-01 9.15527344e-03 1.00000000e+00
6 P st 19 cl 0 sigma 0.17627  G 1.64306164e-01 -7.21693039e-02 8.82148743e-03 1.00000000e+00
6 P st 20 cl 0 sigma 0.17627  G 1.78968906e-01 1.60753727e-02 1.35123730e-02 1.00000000e+00
6 P st 35 cl 0 sigma 0.17627  G -8.89480114e-02 -1.56098604e-01 1.43110752e-02 1.00000000e+00
6 P st 37 cl 0 sigma 0.17627  G 2.71201134e-02 -1.74117088e-01 2.95102596e-02 1.00000000e+00
6 P st 39 cl 0 sigma 0.17627  G -1.70853734e-01 4.64379787e-02 2.76595354e-02 1.00000000e+00
6 P st 40 cl 1 sigma 0.40238  G 1.68800354e-01 2.40683556e-02 -3.28183174e-02 1.00000000e+00
6 P st 43 cl 0 sigma 0.17627  G 1.40422583e-01 1.11997128e-01 1.42931938e-02 1.00000000e+00
6 P st 45 cl 1 sigma 0.40238  G 7.08997250e-02 1.65134668e-01 1.32858753e-02 1.00000000e+00
6 P st 47 cl 0 sigma 0.17627  G -1.36196613e-02 -1.79201365e-01 1.32739544e-02 1.00000000e+00
6 S st 12 cl 1 sigma 0.13790  G 2.29048729e-01 -2.07424164e-01 1.02281570e-02 1.00000000e+00
6 S st 16 cl 1 sigma 0.13790  G 3.08382511e-01 8.45193863e-03 4.03344631e-02 1.00000000e+00
6 S st 18 cl 0 sigma 0.10762  G 9.65595245e-03 -3.10730934e-01 1.58786774e-02 1.00000000e+00
6 S st 20 cl 1 sigma 0.13790  G 3.09610367e-01 2.77996063e-02 2.33650208e-02 1.00000000e+00
6 S st 37 cl 1 sigma 0.13790  G 4.69207764e-02 -3.01229954e-01 5.10454178e-02 1.00000000e+00
6 S st 39 cl 1 sigma 0.13790  G -2.95573473e-01 8.03411007e-02 4.78565693e-02 1.00000000e+00
6 S st 45 cl 1 sigma 0.13790  G 1.22654438e-01 2.85696983e-01 2.29954720e-02 1.00000000e+00
6 S st 47 cl 1 sigma 0.13790  G -2.35557556e-02 -3.10015678e-01 2.29597092e-02 1.00000000e+00
# EVENT 7  nrows 31  ncols 4  params[x y z ot]  hypo -9.8879 -4.5654 2.0664
7 P st 10 cl 0 sigma 0.17627  G 1.60694122e-02 -1.57463551e-01 3.53813171e-02 1.00000000e+00
7 P st 11 cl 0 sigma 0.17627  G -1.43051147e-02 -1.55365467e-01 4.58955765e-02 1.00000000e+00
7 P st 12 cl 0 sigma 0.17627  G -5.82337379e-02 -1.40511990e-01 5.63204288e-02 1.00000000e+00
7 P st 13 cl 0 sigma 0.17627  G -1.01745129e-01 -1.10995770e-01 6.33835793e-02 1.00000000e+00
7 P st 14 cl 0 sigma 0.17627  G -1.47938728e-01 -3.56256962e-02 5.68389893e-02 1.00000000e+00
7 P st 16 cl 0 sigma 0.17627  G -1.53720379e-01 3.08156013e-02 4.14848328e-02 1.00000000e+00
7 P st 18 cl 0 sigma 0.17627  G -1.23453140e-01 -1.01494789e-01 2.41994858e-02 1.00000000e+00
7 P st 19 cl 0 sigma 0.17627  G -4.59313393e-02 -1.07330084e-01 1.16950274e-01 1.00000000e+00
7 P st 21 cl 0 sigma 0.17627  G -5.79476357e-02 -1.49464607e-01 1.95860863e-02 1.00000000e+00
7 P st 23 cl 1 sigma 0.40238  G 4.60505486e-02 -1.52850151e-01 2.60949135e-02 1.00000000e+00
7 P st 25 cl 0 sigma 0.17627  G -8.51154327e-02 -1.35147572e-01 2.50577927e-02 1.00000000e+00
7 P st 29 cl 1 sigma 0.40238  G -1.41358376e-01 -7.47561455e-02 2.34127045e-02 1.00000000e+00
7 P st 31 cl 0 sigma 0.17627  G -1.36232376e-01 -8.17179680e-02 3.15427780e-02 1.00000000e+00
7 P st 33 cl 0 sigma 0.17627  G 1.07061863e-01 -9.92238522e-02 7.58051872e-02 1.00000000e+00
7 P st 35 cl 0 sigma 0.17627  G -1.55949593e-01 -3.47137451e-02 2.43902206e-02 1.00000000e+00
7 P st 36 cl 0 sigma 0.17627  G 9.36985016e-02 -5.00679016e-03 1.29365921e-01 1.00000000e+00
7 P st 38 cl 0 sigma 0.17627  G 6.74724579e-03 5.10394573e-02 1.49309635e-01 1.00000000e+00
7 P st 39 cl 0 sigma 0.17627  G -1.57451630e-01 2.65002251e-02 2.53558159e-02 1.00000000e+00
7 P st 40 cl 0 sigma 0.17627  G 7.56263733e-02 1.16038322e-01 8.98778439e-02 1.00000000e+00
7 P st 43 cl 0 sigma 0.17627  G -1.27089024e-01 9.12308693e-02 4.38213348e-02 1.00000000e+00
7 P st 46 cl 0 sigma 0.17627  G -1.36911869e-01 -6.94334507e-02 5.31911850e-02 1.00000000e+00
7 P st 47 cl 0 sigma 0.17627  G -1.49154663e-01 -5.60641289e-02 2.80380249e-02 1.00000000e+00
7 S st 11 cl 1 sigma 0.13790  G -2.47716904e-02 -2.68781185e-01 7.94053078e-02 1.00000000e+00
7 S st 12 cl 1 sigma 0.13790  G -1.00767612e-01 -2.43067741e-01 9.74416733e-02 1.00000000e+00
7 S st 13 cl 0 sigma 0.10762  G -1.76012516e-01 -1.92010403e-01 1.09672546e-01 1.00000000e+00
7 S st 16 cl 1 sigma 0.13790  G -2.65932083e-01 5.33223152e-02 7.17878342e-02 1.00000000e+00
7 S st 18 cl 0 sigma 0.10762  G -2.13575363e-01 -1.75619125e-01 4.18424606e-02 1.00000000e+00
7 S st 25 cl 1 sigma 0.13790  G -1.47247314e-01 -2.33769417e-01 4.32968140e-02 1.00000000e+00
7 S st 33 cl 1 sigma 0.13790  G 1.85227394e-01 -1.71649456e-01 1.31130219e-01 1.00000000e+00
7 S st 36 cl 1 sigma 0.13790  G 1.62112713e-01 -8.64267349e-03 2.23779678e-01 1.00000000e+00
7 S st 40 cl 1 sigma 0.13790  G 1.30832195e-01 2.00724602e-01 1.55472755e-01 1.00000000e+00
# EVENT 8  nrows 22  ncols 4  params[x y z ot]  hypo -9.4221 -8.6957 -1.7148
8 P st 15 cl 0 sigma 0.17627  G -1.63549185e-01 -7.52389431e-02 -3.56632471e-01 1.00000000e+00
8 P st 16 cl 0 sigma 0.17627  G -1.76095963e-01 -3.74436378e-02 -3.56638432e-01 1.00000000e+00
8 P st 19 cl 0 sigma 0.17627  G -2.25901604e-02 -1.78605318e-01 -3.56632471e-01 1.00000000e+00
8 P st 20 cl 0 sigma 0.17627  G -1.74343586e-01 -4.49120998e-02 -3.56638432e-01 1.00000000e+00
8 P st 28 cl 1 sigma 0.40238  G -9.69409943e-02 -1.51574612e-01 -3.56745720e-01 1.00000000e+00
8 P st 31 cl 0 sigma 0.17627  G -1.26910210e-01 -1.27685070e-01 -3.56650352e-01 1.00000000e+00
8 P st 33 cl 1 sigma 0.40238  G 9.18626785e-02 -1.54829025e-01 -3.56638432e-01 1.00000000e+00
8 P st 35 cl 1 sigma 0.40238  G -1.56664848e-01 -7.60555267e-02 -3.59964371e-01 1.00000000e+00
8 P st 36 cl 0 sigma 0.17627  G 1.11442804e-01 -1.41400099e-01 -3.56632471e-01 1.00000000e+00
8 P st 37 cl 1 sigma 0.40238  G -1.69372559e-01 -6.10589981e-02 -3.56638432e-01 1.00000000e+00
8 P st 38 cl 0 sigma 0.17627  G 4.99784946e-02 -2.01630592e-01 -3.20982933e-01 1.00000000e+00
8 P st 39 cl 1 sigma 0.40238  G -1.79195404e-01 -1.64151192e-02 -3.56662273e-01 1.00000000e+00
8 P st 40 cl 0 sigma 0.17627  G 1.79928541e-01 7.50422478e-03 -3.56578827e-01 1.00000000e+00
8 P st 41 cl 0 sigma 0.17627  G -1.49536133e-01 2.02342868e-01 6.11901283e-02 1.00000000e+00
8 P st 42 cl 0 sigma 0.17627  G -1.79904699e-01 -6.94990158e-03 -3.56632471e-01 1.00000000e+00
8 P st 43 cl 0 sigma 0.17627  G -1.75273418e-01 4.11152840e-02 -3.56638432e-01 1.00000000e+00
8 P st 47 cl 1 sigma 0.40238  G -1.47259235e-01 -1.02579594e-01 -3.56996059e-01 1.00000000e+00
8 S st 36 cl 1 sigma 0.13790  G 1.92797184e-01 -2.44617462e-01 -6.16979599e-01 1.00000000e+00
8 S st 38 cl 0 sigma 0.10762  G 8.64505768e-02 -3.48824263e-01 -5.55300713e-01 1.00000000e+00
8 S st 40 cl 1 sigma 0.13790  G 3.11279297e-01 1.29699707e-02 -6.16884232e-01 1.00000000e+00
8 S st 43 cl 1 sigma 0.13790  G -3.03220749e-01 7.11202621e-02 -6.16979599e-01 1.00000000e+00
8 S st 47 cl 1 sigma 0.13790  G -2.54774094e-01 -1.77454948e-01 -6.17599487e-01 1.00000000e+00
# EVENT 9  nrows 16  ncols 4  params[x y z ot]  hypo -11.7097 -2.7790 2.6900
9 P st 11 cl 0 sigma 0.17627  G -4.84466553e-02 -1.40333176e-01 6.43014908e-02 1.00000000e+00
9 P st 12 cl 1 sigma 0.40238  G -9.52363014e-02 -1.08879805e-01 7.11619854e-02 1.00000000e+00
9 P st 13 cl 0 sigma 0.17627  G -1.28370523e-01 -6.69479370e-02 7.01725483e-02 1.00000000e+00
9 P st 15 cl 1 sigma 0.40238  G -1.51336193e-01 3.12447548e-02 4.84824181e-02 1.00000000e+00
9 P st 16 cl 1 sigma 0.40238  G -1.49297714e-01 4.75168228e-02 4.03165817e-02 1.00000000e+00
9 P st 18 cl 0 sigma 0.17627  G -1.36303902e-01 -8.17179680e-02 2.86817551e-02 1.00000000e+00
9 P st 19 cl 0 sigma 0.17627  G -9.65654850e-02 -4.46736813e-02 1.24615431e-01 1.00000000e+00
9 P st 20 cl 1 sigma 0.40238  G -1.33943558e-01 7.06791878e-02 5.66720963e-02 1.00000000e+00
9 P st 25 cl 0 sigma 0.17627  G -1.04320049e-01 -1.19376183e-01 3.13282013e-02 1.00000000e+00
9 P st 33 cl 0 sigma 0.17627  G 7.33017921e-02 -6.51657581e-02 1.24907494e-01 1.00000000e+00
9 P st 34 cl 0 sigma 0.17627  G -1.26230717e-01 -2.71379948e-02 9.45389271e-02 1.00000000e+00
9 P st 36 cl 0 sigma 0.17627  G 3.28719616e-02 4.91738319e-02 1.47044659e-01 1.00000000e+00
9 P st 38 cl 0 sigma 0.17627  G -4.71949577e-02 9.43660736e-02 1.24001503e-01 1.00000000e+00
9 P st 40 cl 0 sigma 0.17627  G 2.15709209e-02 1.36268139e-01 8.60512257e-02 1.00000000e+00
9 S st 18 cl 1 sigma 0.13790  G -2.35795975e-01 -1.41382217e-01 4.96387482e-02 1.00000000e+00
9 S st 40 cl 0 sigma 0.10762  G 3.73244286e-02 2.35760212e-01 1.48856640e-01 1.00000000e+00
# EVENT 10  nrows 19  ncols 4  params[x y z ot]  hypo -8.2545 -4.6818 0.5226
10 P st 12 cl 0 sigma 0.17627  G -2.99572945e-02 -1.58196688e-01 1.94013119e-02 1.00000000e+00
10 P st 13 cl 0 sigma 0.17627  G -8.18312168e-02 -1.38211250e-01 2.66849995e-02 1.00000000e+00
10 P st 15 cl 0 sigma 0.17627  G -1.60807371e-01 5.88893890e-03 2.18749046e-02 1.00000000e+00
10 P st 16 cl 1 sigma 0.40238  G -1.57153606e-01 3.53455544e-02 1.56581402e-02 1.00000000e+00
10 P st 18 cl 0 sigma 0.17627  G -1.16789341e-01 -1.11055374e-01 8.85725021e-03 1.00000000e+00
10 P st 19 cl 0 sigma 0.17627  G 1.00374222e-02 -1.47837400e-01 7.22467899e-02 1.00000000e+00
10 P st 20 cl 0 sigma 0.17627  G -1.41888857e-01 7.25448132e-02 3.51428986e-02 1.00000000e+00
10 P st 31 cl 0 sigma 0.17627  G -1.31189823e-01 -9.35316086e-02 1.12533569e-02 1.00000000e+00
10 P st 34 cl 0 sigma 0.17627  G -8.09967518e-02 -1.29830837e-01 6.63161278e-02 1.00000000e+00
10 P st 36 cl 0 sigma 0.17627  G 1.57117844e-01 -9.38773155e-03 4.96625900e-02 1.00000000e+00
10 P st 38 cl 0 sigma 0.17627  G 9.46372747e-02 6.99758530e-02 1.15853548e-01 1.00000000e+00
10 P st 40 cl 0 sigma 0.17627  G 1.16968155e-01 1.09970570e-01 2.90989876e-02 1.00000000e+00
10 P st 46 cl 0 sigma 0.17627  G -1.33746862e-01 -8.94963741e-02 2.18927860e-02 1.00000000e+00
10 P st 47 cl 0 sigma 0.17627  G -1.47736073e-01 -6.43134117e-02 1.02639198e-02 1.00000000e+00
10 S st 12 cl 1 sigma 0.13790  G -5.18441200e-02 -2.73668766e-01 3.35693359e-02 1.00000000e+00
10 S st 18 cl 1 sigma 0.13790  G -2.02012062e-01 -1.92117691e-01 1.53064728e-02 1.00000000e+00
10 S st 20 cl 0 sigma 0.10762  G -2.45451927e-01 1.25503540e-01 6.07967377e-02 1.00000000e+00
10 S st 40 cl 0 sigma 0.10762  G 2.02357769e-01 1.90246105e-01 5.03301620e-02 1.00000000e+00
10 S st 47 cl 0 sigma 0.10762  G -2.55608559e-01 -1.11269951e-01 1.77621841e-02 1.00000000e+00
# EVENT 11  nrows 15  ncols 4  params[x y z ot]  hypo -10.0870 -2.7377 -1.2260
11 P st 11 cl 0 sigma 0.17627  G -2.47895718e-02 -1.78068876e-01 1.25706196e-02 1.00000000e+00
11 P st 12 cl 0 sigma 0.17627  G -9.10460949e-02 -1.54936314e-01 1.39176846e-02 1.00000000e+00
11 P st 13 cl 0 sigma 0.17627  G -1.48457289e-01 -1.01292133e-01 1.42812729e-02 1.00000000e+00
11 P st 14 cl 0 sigma 0.17627  G -1.79791451e-01 -3.57627869e-04 1.24454498e-02 1.00000000e+00
11 P st 15 cl 0 sigma 0.17627  G -1.74510479e-01 4.34696674e-02 1.14083290e-02 1.00000000e+00
11 P st 16 cl 1 sigma 0.40238  G -1.68585777e-01 6.26802444e-02 1.01089478e-02 1.00000000e+00
11 P st 19 cl 0 sigma 0.17627  G -1.30763650e-01 -1.18410587e-01 3.33905220e-02 1.00000000e+00
11 P st 20 cl 0 sigma 0.17627  G -1.49869919e-01 9.92834568e-02 1.24514103e-02 1.00000000e+00
11 P st 31 cl 0 sigma 0.17627  G -1.65069103e-01 -7.11202621e-02 9.17911530e-03 1.00000000e+00
11 P st 34 cl 0 sigma 0.17627  G -1.71428919e-01 -5.09679317e-02 1.99317932e-02 1.00000000e+00
11 P st 38 cl 0 sigma 0.17627  G -2.80141830e-04 1.78319216e-01 2.36034393e-02 1.00000000e+00
11 P st 39 cl 0 sigma 0.17627  G -1.64186954e-01 4.58002090e-02 -4.52995300e-02 1.00000000e+00
11 P st 40 cl 0 sigma 0.17627  G 7.00950623e-02 1.65498257e-01 1.38282776e-02 1.00000000e+00
11 P st 47 cl 0 sigma 0.17627  G -1.73211098e-01 -4.16994095e-02 2.94446945e-03 1.00000000e+00
11 S st 40 cl 1 sigma 0.13790  G 1.21259689e-01 2.86316872e-01 2.39491463e-02 1.00000000e+00
# EVENT 12  nrows 20  ncols 4  params[x y z ot]  hypo -7.8931 -6.0554 3.5792
12 P st 11 cl 0 sigma 0.17627  G 1.49488449e-02 -1.49929523e-01 6.09874725e-02 1.00000000e+00
12 P st 12 cl 0 sigma 0.17627  G -1.70111656e-02 -1.42788887e-01 7.49588013e-02 1.00000000e+00
12 P st 13 cl 0 sigma 0.17627  G -5.24640083e-02 -1.25616789e-01 8.86976719e-02 1.00000000e+00
12 P st 15 cl 0 sigma 0.17627  G -1.30671263e-01 -2.19941139e-02 9.46521759e-02 1.00000000e+00
12 P st 16 cl 0 sigma 0.17627  G -1.41304731e-01 9.63807106e-03 8.01384449e-02 1.00000000e+00
12 P st 18 cl 0 sigma 0.17627  G -1.04880333e-01 -1.16193295e-01 4.09364700e-02 1.00000000e+00
12 P st 19 cl 0 sigma 0.17627  G 1.35004520e-02 -1.08736753e-01 1.19358301e-01 1.00000000e+00
12 P st 20 cl 0 sigma 0.17627  G -1.06495619e-01 2.61127949e-02 1.21778250e-01 1.00000000e+00
12 P st 25 cl 0 sigma 0.17627  G -6.29663467e-02 -1.43575668e-01 4.01854515e-02 1.00000000e+00
12 P st 31 cl 0 sigma 0.17627  G -1.14130974e-01 -1.01339817e-01 5.40018082e-02 1.00000000e+00
12 P st 32 cl 1 sigma 0.40238  G -1.45721436e-01 -6.02245331e-02 3.57627869e-02 1.00000000e+00
12 P st 33 cl 0 sigma 0.17627  G 1.06751919e-01 -9.29594040e-02 7.83443451e-02 1.00000000e+00
12 P st 34 cl 0 sigma 0.17627  G -3.61680984e-02 -1.03688240e-01 1.20544434e-01 1.00000000e+00
12 P st 36 cl 0 sigma 0.17627  G 1.08790398e-01 -3.64720821e-02 1.15972757e-01 1.00000000e+00
12 P st 42 cl 0 sigma 0.17627  G -1.16539001e-01 4.66883183e-02 1.02406740e-01 1.00000000e+00
12 P st 43 cl 1 sigma 0.40238  G -1.12259388e-01 7.95483589e-02 8.68320465e-02 1.00000000e+00
12 S st 11 cl 0 sigma 0.10762  G 2.58684158e-02 -2.59375572e-01 1.05500221e-01 1.00000000e+00
12 S st 18 cl 0 sigma 0.10762  G -1.81412697e-01 -2.01010704e-01 7.08341599e-02 1.00000000e+00
12 S st 19 cl 0 sigma 0.10762  G 2.33530998e-02 -1.88112259e-01 2.06506252e-01 1.00000000e+00
12 S st 20 cl 1 sigma 0.13790  G -1.84226036e-01 4.51564789e-02 2.10690498e-01 1.00000000e+00
# EVENT 13  nrows 24  ncols 4  params[x y z ot]  hypo -8.0910 -3.0015 5.7139
13 P st 10 cl 0 sigma 0.17627  G 3.77297401e-02 -1.30939484e-01 8.31246376e-02 1.00000000e+00
13 P st 11 cl 0 sigma 0.17627  G 1.36971474e-02 -1.21486187e-01 1.06203556e-01 1.00000000e+00
13 P st 12 cl 0 sigma 0.17627  G -2.11715698e-02 -9.79542732e-02 1.24990940e-01 1.00000000e+00
13 P st 13 cl 0 sigma 0.17627  G -5.58972359e-02 -6.83248043e-02 1.35332346e-01 1.00000000e+00
13 P st 14 cl 0 sigma 0.17627  G -1.00290775e-01 -4.78029251e-03 1.25372410e-01 1.00000000e+00
13 P st 18 cl 0 sigma 0.17627  G -1.13725662e-01 -9.26017761e-02 6.39796257e-02 1.00000000e+00
13 P st 19 cl 0 sigma 0.17627  G 8.52346420e-03 -3.71515751e-02 1.57052279e-01 1.00000000e+00
13 P st 20 cl 0 sigma 0.17627  G -7.83503056e-02 6.96659088e-02 1.22720003e-01 1.00000000e+00
13 P st 22 cl 0 sigma 0.17627  G -7.75098801e-02 -1.30939484e-01 5.10215759e-02 1.00000000e+00
13 P st 26 cl 1 sigma 0.40238  G -1.17206573e-01 -9.68337059e-02 5.13195992e-02 1.00000000e+00
13 P st 31 cl 0 sigma 0.17627  G -1.20067596e-01 -6.58988953e-02 8.26001167e-02 1.00000000e+00
13 P st 33 cl 0 sigma 0.17627  G 1.02174282e-01 -4.15205956e-02 1.18166208e-01 1.00000000e+00
13 P st 34 cl 0 sigma 0.17627  G -3.74376774e-02 -2.95460224e-02 1.54715776e-01 1.00000000e+00
13 P st 36 cl 0 sigma 0.17627  G 8.27014446e-02 2.47418880e-02 1.35183334e-01 1.00000000e+00
13 P st 37 cl 1 sigma 0.40238  G -1.37877464e-01 1.45912170e-02 8.05020332e-02 1.00000000e+00
13 P st 38 cl 0 sigma 0.17627  G 3.98039818e-02 6.05940819e-02 1.45518780e-01 1.00000000e+00
13 P st 40 cl 0 sigma 0.17627  G 7.05242157e-02 8.98122787e-02 1.12438202e-01 1.00000000e+00
13 P st 42 cl 0 sigma 0.17627  G -9.05752182e-02 8.06093216e-02 1.07192993e-01 1.00000000e+00
13 P st 47 cl 0 sigma 0.17627  G -1.36816502e-01 -4.13537025e-02 7.30395317e-02 1.00000000e+00
13 S st 10 cl 0 sigma 0.10762  G 6.52790070e-02 -2.26569176e-01 1.43814087e-01 1.00000000e+00
13 S st 11 cl 1 sigma 0.13790  G 2.37107277e-02 -2.10165977e-01 1.83749199e-01 1.00000000e+00
13 S st 33 cl 0 sigma 0.10762  G 1.76763535e-01 -7.18235970e-02 2.04432011e-01 1.00000000e+00
13 S st 34 cl 0 sigma 0.10762  G -6.47783279e-02 -5.11169434e-02 2.67624855e-01 1.00000000e+00
13 S st 38 cl 0 sigma 0.10762  G 6.88433647e-02 1.04832649e-01 2.51734257e-01 1.00000000e+00
# EVENT 14  nrows 27  ncols 4  params[x y z ot]  hypo -8.6856 -2.4412 4.7422
14 P st 10 cl 0 sigma 0.17627  G 3.34262848e-02 -1.36685371e-01 7.93099403e-02 1.00000000e+00
14 P st 11 cl 0 sigma 0.17627  G 5.34653664e-03 -1.27291679e-01 1.01464987e-01 1.00000000e+00
14 P st 12 cl 0 sigma 0.17627  G -3.64542007e-02 -1.03276968e-01 1.20383501e-01 1.00000000e+00
14 P st 13 cl 0 sigma 0.17627  G -7.37607479e-02 -6.38246536e-02 1.28251314e-01 1.00000000e+00
14 P st 14 cl 0 sigma 0.17627  G -1.14828348e-01 4.99486923e-03 1.10948086e-01 1.00000000e+00
14 P st 15 cl 0 sigma 0.17627  G -1.21641159e-01 4.08589840e-02 9.70363617e-02 1.00000000e+00
14 P st 16 cl 1 sigma 0.40238  G -1.26457214e-01 5.84483147e-02 8.03232193e-02 1.00000000e+00
14 P st 18 cl 0 sigma 0.17627  G -1.22547150e-01 -8.88824463e-02 5.70297241e-02 1.00000000e+00
14 P st 19 cl 0 sigma 0.17627  G -5.49554825e-03 -3.16321850e-02 1.58309937e-01 1.00000000e+00
14 P st 20 cl 0 sigma 0.17627  G -9.17792320e-02 8.21769238e-02 1.06036663e-01 1.00000000e+00
14 P st 28 cl 0 sigma 0.17627  G -1.05428696e-01 -9.61422920e-02 7.66634941e-02 1.00000000e+00
14 P st 33 cl 0 sigma 0.17627  G 1.03253126e-01 -3.61025333e-02 1.16449594e-01 1.00000000e+00
14 P st 34 cl 0 sigma 0.17627  G -5.09560108e-02 -1.77681446e-02 1.50322914e-01 1.00000000e+00
14 P st 36 cl 0 sigma 0.17627  G 8.59618187e-02 4.11331654e-02 1.31911039e-01 1.00000000e+00
14 P st 38 cl 0 sigma 0.17627  G 2.93016434e-02 7.53760338e-02 1.38521194e-01 1.00000000e+00
14 P st 40 cl 0 sigma 0.17627  G 6.73651695e-02 1.08081102e-01 1.01363659e-01 1.00000000e+00
14 P st 42 cl 0 sigma 0.17627  G -9.92774963e-02 8.88586044e-02 8.95619392e-02 1.00000000e+00
14 P st 43 cl 0 sigma 0.17627  G -9.38534737e-02 1.06739998e-01 7.65800476e-02 1.00000000e+00
14 P st 46 cl 0 sigma 0.17627  G -1.11126900e-01 -2.94387341e-02 1.10799074e-01 1.00000000e+00
14 S st 11 cl 1 sigma 0.13790  G 9.26256180e-03 -2.20227242e-01 1.75535679e-01 1.00000000e+00
14 S st 12 cl 0 sigma 0.10762  G -6.30617142e-02 -1.78670883e-01 2.08258629e-01 1.00000000e+00
14 S st 13 cl 0 sigma 0.10762  G -1.27613544e-01 -1.10423565e-01 2.21860409e-01 1.00000000e+00
14 S st 19 cl 0 sigma 0.10762  G -9.51290131e-03 -5.47528267e-02 2.73895264e-01 1.00000000e+00
14 S st 20 cl 1 sigma 0.13790  G -1.58786774e-01 1.42168999e-01 1.83439255e-01 1.00000000e+00
14 S st 34 cl 0 sigma 0.10762  G -8.81433487e-02 -3.07559967e-02 2.60066986e-01 1.00000000e+00
14 S st 36 cl 0 sigma 0.10762  G 1.48713589e-01 7.11560249e-02 2.28202343e-01 1.00000000e+00
14 S st 40 cl 1 sigma 0.13790  G 1.16539001e-01 1.86991692e-01 1.75356865e-01 1.00000000e+00
# EVENT 15  nrows 20  ncols 4  params[x y z ot]  hypo 0.7713 -1.5514 1.6766
15 P st 13 cl 0 sigma 0.17627  G 1.40690804e-01 -5.35845757e-02 5.98311424e-02 1.00000000e+00
15 P st 14 cl 0 sigma 0.17627  G 1.08987093e-01 4.24742699e-02 1.12217665e-01 1.00000000e+00
15 P st 15 cl 0 sigma 0.17627  G 6.54339790e-02 1.09481812e-01 9.55879688e-02 1.00000000e+00
15 P st 16 cl 0 sigma 0.17627  G 1.19864941e-02 1.44469738e-01 7.53641129e-02 1.00000000e+00
15 P st 18 cl 0 sigma 0.17627  G -4.45544720e-02 -1.48367882e-01 4.53233719e-02 1.00000000e+00
15 P st 19 cl 0 sigma 0.17627  G 1.57237053e-01 -4.48226929e-03 3.81112099e-02 1.00000000e+00
15 P st 20 cl 0 sigma 0.17627  G 9.13798809e-02 1.22004747e-01 5.36501408e-02 1.00000000e+00
15 P st 29 cl 0 sigma 0.17627  G -1.04266405e-01 -1.12026930e-01 5.46216965e-02 1.00000000e+00
15 P st 31 cl 0 sigma 0.17627  G -2.19941139e-02 -1.25539303e-01 9.83238220e-02 1.00000000e+00
15 P st 35 cl 0 sigma 0.17627  G -1.45006180e-01 -1.64866447e-02 6.81102276e-02 1.00000000e+00
15 P st 36 cl 0 sigma 0.17627  G 1.56342983e-01 3.29375267e-02 2.36153603e-02 1.00000000e+00
15 P st 37 cl 0 sigma 0.17627  G -8.35835934e-02 9.49740410e-02 1.07085705e-01 1.00000000e+00
15 P st 46 cl 0 sigma 0.17627  G 1.13815069e-01 -2.72750854e-02 1.10691786e-01 1.00000000e+00
15 P st 47 cl 0 sigma 0.17627  G -1.02871656e-01 -7.02500343e-02 9.99689102e-02 1.00000000e+00
15 S st 18 cl 0 sigma 0.10762  G -7.70807266e-02 -2.56681442e-01 7.83920288e-02 1.00000000e+00
15 S st 19 cl 1 sigma 0.13790  G 2.72023678e-01 -7.76052475e-03 6.59465790e-02 1.00000000e+00
15 S st 20 cl 1 sigma 0.13790  G 1.58119202e-01 2.11095810e-01 9.28401947e-02 1.00000000e+00
15 S st 31 cl 0 sigma 0.10762  G -3.80456448e-02 -2.17193365e-01 1.70105696e-01 1.00000000e+00
15 S st 36 cl 1 sigma 0.13790  G 2.70485878e-01 5.70058823e-02 4.08649445e-02 1.00000000e+00
15 S st 47 cl 1 sigma 0.13790  G -1.77979469e-01 -1.21533871e-01 1.72936916e-01 1.00000000e+00
# EVENT 16  nrows 20  ncols 4  params[x y z ot]  hypo 1.7698 -3.6792 -2.4033
16 P st 13 cl 0 sigma 0.17627  G 1.51896477e-01 -9.66072083e-02 -3.28421593e-01 1.00000000e+00
16 P st 14 cl 0 sigma 0.17627  G 1.75094604e-01 -4.18841839e-02 -3.28415632e-01 1.00000000e+00
16 P st 15 cl 0 sigma 0.17627  G 2.03305483e-01 8.46683979e-02 -3.05926800e-01 1.00000000e+00
16 P st 16 cl 0 sigma 0.17627  G 1.03121996e-01 2.13611126e-01 -2.94870138e-01 1.00000000e+00
16 P st 18 cl 0 sigma 0.17627  G -2.36511230e-02 -1.78480148e-01 -3.28409672e-01 1.00000000e+00
16 P st 20 cl 0 sigma 0.17627  G 1.49685144e-01 1.00028515e-01 -3.28421593e-01 1.00000000e+00
16 P st 28 cl 0 sigma 0.17627  G 5.37276268e-02 -1.71804428e-01 -3.28421593e-01 1.00000000e+00
16 P st 29 cl 0 sigma 0.17627  G -8.33392143e-02 -1.59573555e-01 -3.28421593e-01 1.00000000e+00
16 P st 31 cl 0 sigma 0.17627  G 1.02460384e-02 -1.79743767e-01 -3.28409672e-01 1.00000000e+00
16 P st 35 cl 0 sigma 0.17627  G -1.56360865e-01 -8.92043114e-02 -3.28415632e-01 1.00000000e+00
16 P st 36 cl 1 sigma 0.40238  G 1.79815292e-01 9.02414322e-03 -3.28421593e-01 1.00000000e+00
16 P st 37 cl 0 sigma 0.17627  G -3.50129604e-01 1.34232640e-01 2.97009945e-02 1.00000000e+00
16 P st 39 cl 0 sigma 0.17627  G -1.39367580e-01 1.13958120e-01 -3.28427553e-01 1.00000000e+00
16 P st 46 cl 0 sigma 0.17627  G 1.48230791e-01 -1.02180243e-01 -3.28415632e-01 1.00000000e+00
16 P st 47 cl 0 sigma 0.17627  G -8.24272633e-02 -1.60068274e-01 -3.28415632e-01 1.00000000e+00
16 S st 15 cl 1 sigma 0.13790  G 3.51721048e-01 1.46472454e-01 -5.29259443e-01 1.00000000e+00
16 S st 18 cl 1 sigma 0.13790  G -4.08887863e-02 -3.08752060e-01 -5.68175316e-01 1.00000000e+00
16 S st 29 cl 1 sigma 0.13790  G -1.44171715e-01 -2.76064873e-01 -5.68127632e-01 1.00000000e+00
16 S st 39 cl 1 sigma 0.13790  G -2.41112709e-01 1.97148323e-01 -5.68151474e-01 1.00000000e+00
16 S st 47 cl 0 sigma 0.10762  G -1.42586231e-01 -2.76911259e-01 -5.68163395e-01 1.00000000e+00
# EVENT 17  nrows 22  ncols 4  params[x y z ot]  hypo -4.1126 -3.9563 -2.3330
17 P st 12 cl 1 sigma 0.40238  G 6.74605370e-02 -1.66922808e-01 -3.28421593e-01 1.00000000e+00
17 P st 13 cl 0 sigma 0.17627  G 3.68177891e-02 -1.76221132e-01 -3.28421593e-01 1.00000000e+00
17 P st 14 cl 0 sigma 0.17627  G -2.64137983e-01 -1.73351169e-01 -1.36345625e-01 1.00000000e+00
17 P st 15 cl 0 sigma 0.17627  G -2.01672316e-01 6.92367554e-02 -2.80922651e-01 1.00000000e+00
17 P st 19 cl 0 sigma 0.17627  G 1.53666735e-01 -9.38236713e-02 -3.28427553e-01 1.00000000e+00
17 P st 20 cl 0 sigma 0.17627  G -5.69403172e-02 2.64513493e-01 -2.65312195e-01 1.00000000e+00
17 P st 29 cl 1 sigma 0.40238  G -1.41882896e-01 -1.10816956e-01 -3.28409672e-01 1.00000000e+00
17 P st 31 cl 0 sigma 0.17627  G -1.20210648e-01 -1.34015083e-01 -3.28421593e-01 1.00000000e+00
17 P st 33 cl 0 sigma 0.17627  G 1.70373917e-01 -5.81741333e-02 -3.28421593e-01 1.00000000e+00
17 P st 36 cl 0 sigma 0.17627  G 1.79791451e-01 9.39369202e-03 -3.28421593e-01 1.00000000e+00
17 P st 39 cl 0 sigma 0.17627  G -1.71339512e-01 5.52535057e-02 -3.28409672e-01 1.00000000e+00
17 P st 40 cl 0 sigma 0.17627  G 1.56414509e-01 8.91208649e-02 -3.28421593e-01 1.00000000e+00
17 P st 42 cl 0 sigma 0.17627  G -7.66813755e-02 1.62893534e-01 -3.28415632e-01 1.00000000e+00
17 P st 43 cl 1 sigma 0.40238  G -6.49452209e-02 1.67918205e-01 -3.28409672e-01 1.00000000e+00
17 P st 46 cl 0 sigma 0.17627  G -8.43584538e-02 -1.59049034e-01 -3.28421593e-01 1.00000000e+00
17 P st 47 cl 0 sigma 0.17627  G -1.56533718e-01 -8.89420509e-02 -3.28421593e-01 1.00000000e+00
17 S st 12 cl 1 sigma 0.13790  G 1.16717815e-01 -2.88772583e-01 -5.68163395e-01 1.00000000e+00
17 S st 31 cl 1 sigma 0.13790  G -2.07996368e-01 -2.31826305e-01 -5.68163395e-01 1.00000000e+00
17 S st 33 cl 1 sigma 0.13790  G 2.94756889e-01 -1.00636482e-01 -5.68175316e-01 1.00000000e+00
17 S st 36 cl 0 sigma 0.10762  G 3.11028957e-01 1.62363052e-02 -5.68151474e-01 1.00000000e+00
17 S st 46 cl 0 sigma 0.10762  G -1.45936012e-01 -2.75135040e-01 -5.68163395e-01 1.00000000e+00
17 S st 47 cl 1 sigma 0.13790  G -2.70795822e-01 -1.53851509e-01 -5.68175316e-01 1.00000000e+00
# EVENT 18  nrows 18  ncols 4  params[x y z ot]  hypo -11.0536 -3.5653 0.8652
18 P st 10 cl 1 sigma 0.40238  G 9.77516174e-04 -1.60765648e-01 1.22427940e-02 1.00000000e+00
18 P st 11 cl 0 sigma 0.17627  G -3.70740891e-02 -1.55866146e-01 1.58071518e-02 1.00000000e+00
18 P st 12 cl 0 sigma 0.17627  G -8.82744789e-02 -1.33115053e-01 1.93178654e-02 1.00000000e+00
18 P st 16 cl 0 sigma 0.17627  G -1.55365467e-01 4.15802002e-02 1.13725662e-02 1.00000000e+00
18 P st 18 cl 0 sigma 0.17627  G -1.32942200e-01 -9.08255577e-02 8.15391541e-03 1.00000000e+00
18 P st 23 cl 1 sigma 0.40238  G 3.74436378e-02 -1.56509876e-01 9.51290131e-03 1.00000000e+00
18 P st 26 cl 1 sigma 0.40238  G -1.31011009e-01 -9.36508179e-02 6.91413879e-03 1.00000000e+00
18 P st 33 cl 0 sigma 0.17627  G 1.08695030e-01 -1.03425980e-01 4.69088554e-02 1.00000000e+00
18 P st 36 cl 0 sigma 0.17627  G 7.82728195e-02 3.78608704e-02 1.27851963e-01 1.00000000e+00
18 P st 37 cl 1 sigma 0.40238  G -1.60789490e-01 7.04526901e-03 9.65595245e-03 1.00000000e+00
18 P st 38 cl 0 sigma 0.17627  G -4.50909138e-02 1.14518404e-01 1.01453066e-01 1.00000000e+00
18 P st 40 cl 0 sigma 0.17627  G 4.59790230e-02 1.49780512e-01 3.42547894e-02 1.00000000e+00
18 P st 41 cl 0 sigma 0.17627  G -5.99980354e-02 1.47283077e-01 2.36690044e-02 1.00000000e+00
18 P st 43 cl 0 sigma 0.17627  G -1.29556656e-01 9.52243805e-02 1.16705894e-02 1.00000000e+00
18 S st 18 cl 0 sigma 0.10762  G -2.30002403e-01 -1.57141685e-01 1.41143799e-02 1.00000000e+00
18 S st 33 cl 0 sigma 0.10762  G 1.88040733e-01 -1.78945065e-01 8.11457634e-02 1.00000000e+00
18 S st 38 cl 0 sigma 0.10762  G -7.80045986e-02 1.98119879e-01 1.75499916e-01 1.00000000e+00
18 S st 40 cl 0 sigma 0.10762  G 7.95245171e-02 2.59113312e-01 5.92350960e-02 1.00000000e+00
# EVENT 19  nrows 21  ncols 4  params[x y z ot]  hypo -7.0029 -1.4056 2.2126
19 P st 12 cl 0 sigma 0.17627  G -4.85777855e-03 -1.24120712e-01 1.04206800e-01 1.00000000e+00
19 P st 13 cl 0 sigma 0.17627  G -6.46293163e-02 -7.00771809e-02 1.27762556e-01 1.00000000e+00
19 P st 14 cl 1 sigma 0.40238  G -1.26773119e-01 3.49760056e-02 9.02414322e-02 1.00000000e+00
19 P st 15 cl 0 sigma 0.17627  G -1.25372410e-01 7.70211220e-02 6.69538975e-02 1.00000000e+00
19 P st 16 cl 0 sigma 0.17627  G -1.26117468e-01 8.93890858e-02 4.90665436e-02 1.00000000e+00
19 P st 18 cl 0 sigma 0.17627  G -1.26922131e-01 -9.43899155e-02 3.36527824e-02 1.00000000e+00
19 P st 20 cl 0 sigma 0.17627  G -7.74443150e-02 1.24359131e-01 6.81221485e-02 1.00000000e+00
19 P st 22 cl 0 sigma 0.17627  G -8.01920891e-02 -1.37782097e-01 2.53081322e-02 1.00000000e+00
19 P st 25 cl 0 sigma 0.17627  G -7.56144524e-02 -1.38509274e-01 3.52144241e-02 1.00000000e+00
19 P st 28 cl 1 sigma 0.40238  G -1.08832121e-01 -1.08081102e-01 5.19394875e-02 1.00000000e+00
19 P st 36 cl 0 sigma 0.17627  G 1.29419565e-01 6.70611858e-02 7.22289085e-02 1.00000000e+00
19 P st 37 cl 1 sigma 0.40238  G -1.50442123e-01 4.14371490e-02 4.15205956e-02 1.00000000e+00
19 P st 38 cl 0 sigma 0.17627  G 7.74621964e-02 1.16395950e-01 8.39114189e-02 1.00000000e+00
19 P st 40 cl 0 sigma 0.17627  G 9.36508179e-02 1.22725964e-01 4.78148460e-02 1.00000000e+00
19 P st 41 cl 0 sigma 0.17627  G 2.43544579e-02 1.50942802e-01 5.25116920e-02 1.00000000e+00
19 P st 42 cl 1 sigma 0.40238  G -8.86917114e-02 1.24573708e-01 5.36918640e-02 1.00000000e+00
19 P st 43 cl 1 sigma 0.40238  G -7.99775124e-02 1.34336948e-01 4.19378281e-02 1.00000000e+00
19 P st 47 cl 1 sigma 0.40238  G -1.54304504e-01 -2.88724899e-02 3.89695168e-02 1.00000000e+00
19 S st 18 cl 1 sigma 0.13790  G -2.19559669e-01 -1.63316727e-01 5.82218170e-02 1.00000000e+00
19 S st 40 cl 0 sigma 0.10762  G 1.62005424e-01 2.12323666e-01 8.27193260e-02 1.00000000e+00
19 S st 41 cl 0 sigma 0.10762  G 4.21404839e-02 2.61139870e-01 9.08255577e-02 1.00000000e+00
# EVENT 20  nrows 31  ncols 4  params[x y z ot]  hypo -10.1716 -6.0483 5.1319
20 P st 10 cl 0 sigma 0.17627  G 1.03354454e-02 -1.47640705e-01 6.70194626e-02 1.00000000e+00
20 P st 11 cl 0 sigma 0.17627  G -1.48653984e-02 -1.41143799e-01 7.92860985e-02 1.00000000e+00
20 P st 12 cl 0 sigma 0.17627  G -4.73618507e-02 -1.25586987e-01 8.99910927e-02 1.00000000e+00
20 P st 13 cl 0 sigma 0.17627  G -7.74383545e-02 -1.02317333e-01 9.77873802e-02 1.00000000e+00
20 P st 15 cl 0 sigma 0.17627  G -1.30629539e-01 -1.62720680e-02 9.31620598e-02 1.00000000e+00
20 P st 16 cl 0 sigma 0.17627  G -1.40368938e-01 7.60555267e-03 8.26001167e-02 1.00000000e+00
20 P st 18 cl 0 sigma 0.17627  G -1.13129616e-01 -1.03700161e-01 5.11288643e-02 1.00000000e+00
20 P st 19 cl 0 sigma 0.17627  G -3.30507755e-02 -9.33051109e-02 1.29979849e-01 1.00000000e+00
20 P st 20 cl 0 sigma 0.17627  G -1.13523006e-01 1.85489655e-02 1.13201141e-01 1.00000000e+00
20 P st 22 cl 0 sigma 0.17627  G -8.09669495e-02 -1.33395195e-01 4.22954559e-02 1.00000000e+00
20 P st 23 cl 0 sigma 0.17627  G 3.79323959e-02 -1.47759914e-01 5.38587570e-02 1.00000000e+00
20 P st 26 cl 1 sigma 0.40238  G -1.15466118e-01 -1.04880333e-01 4.27246094e-02 1.00000000e+00
20 P st 31 cl 1 sigma 0.40238  G -1.21498108e-01 -8.66174698e-02 6.34551048e-02 1.00000000e+00
20 P st 33 cl 0 sigma 0.17627  G 6.88016415e-02 -9.28938389e-02 1.11764669e-01 1.00000000e+00
20 P st 34 cl 0 sigma 0.17627  G -6.86764717e-02 -7.94291496e-02 1.22338533e-01 1.00000000e+00
20 P st 36 cl 0 sigma 0.17627  G 5.82218170e-02 -3.62932682e-02 1.47557259e-01 1.00000000e+00
20 P st 37 cl 1 sigma 0.40238  G -1.45828724e-01 -2.05039978e-02 6.74366951e-02 1.00000000e+00
20 P st 38 cl 0 sigma 0.17627  G -7.59363174e-03 -1.28746033e-03 1.61075592e-01 1.00000000e+00
20 P st 39 cl 0 sigma 0.17627  G -1.51276588e-01 1.13010406e-02 5.65171242e-02 1.00000000e+00
20 P st 40 cl 0 sigma 0.17627  G 5.20050526e-02 5.79774380e-02 1.41870975e-01 1.00000000e+00
20 P st 42 cl 0 sigma 0.17627  G -1.21533871e-01 3.51786613e-02 9.94801521e-02 1.00000000e+00
20 P st 43 cl 0 sigma 0.17627  G -1.20127201e-01 6.26921654e-02 8.98122787e-02 1.00000000e+00
20 P st 45 cl 0 sigma 0.17627  G -1.21569633e-01 8.05258751e-02 7.03454018e-02 1.00000000e+00
20 S st 11 cl 1 sigma 0.13790  G -2.57253647e-02 -2.44188309e-01 1.37186050e-01 1.00000000e+00
20 S st 15 cl 1 sigma 0.13790  G -2.25949287e-01 -2.81333923e-02 1.61170959e-01 1.00000000e+00
20 S st 23 cl 1 sigma 0.13790  G 6.56604767e-02 -2.55632401e-01 9.31739807e-02 1.00000000e+00
20 S st 36 cl 0 sigma 0.10762  G 1.00719929e-01 -6.27875328e-02 2.55274773e-01 1.00000000e+00
20 S st 38 cl 0 sigma 0.10762  G -1.31607056e-02 -2.24113464e-03 2.78639793e-01 1.00000000e+00
20 S st 40 cl 0 sigma 0.10762  G 8.99672508e-02 1.00266933e-01 2.45416164e-01 1.00000000e+00
20 S st 43 cl 1 sigma 0.13790  G -2.07805634e-01 1.08432770e-01 1.55377388e-01 1.00000000e+00
20 S st 45 cl 1 sigma 0.13790  G -2.10332870e-01 1.39331818e-01 1.21712685e-01 1.00000000e+00
# EVENT 21  nrows 20  ncols 4  params[x y z ot]  hypo -6.7854 -6.6662 -1.1021
21 P st 12 cl 1 sigma 0.40238  G 1.01327896e-03 -1.79725885e-01 1.11818314e-02 1.00000000e+00
21 P st 14 cl 0 sigma 0.17627  G -1.35737658e-01 -1.17570162e-01 1.43229961e-02 1.00000000e+00
21 P st 15 cl 0 sigma 0.17627  G -1.71339512e-01 -5.35249710e-02 1.46150589e-02 1.00000000e+00
21 P st 16 cl 0 sigma 0.17627  G -1.79636478e-01 -1.22189522e-03 1.31428242e-02 1.00000000e+00
21 P st 18 cl 0 sigma 0.17627  G -1.02698803e-01 -1.32918358e-01 -3.02076340e-02 1.00000000e+00
21 P st 19 cl 0 sigma 0.17627  G 5.40494919e-02 -1.71089172e-01 1.51157379e-02 1.00000000e+00
21 P st 20 cl 0 sigma 0.17627  G -1.75905228e-01 2.53707170e-02 2.23845243e-02 1.00000000e+00
21 P st 28 cl 1 sigma 0.40238  G -8.31246376e-02 -1.59275532e-01 9.03606415e-03 1.00000000e+00
21 P st 33 cl 1 sigma 0.40238  G 1.38759613e-01 -1.14285946e-01 1.10030174e-02 1.00000000e+00
21 P st 36 cl 0 sigma 0.17627  G 1.68085098e-01 -6.30497932e-02 1.42633915e-02 1.00000000e+00
21 P st 38 cl 0 sigma 0.17627  G 1.74361467e-01 -3.34858894e-02 2.32279301e-02 1.00000000e+00
21 P st 40 cl 0 sigma 0.17627  G 1.68520212e-01 6.20126724e-02 1.42395496e-02 1.00000000e+00
21 P st 41 cl 0 sigma 0.17627  G 7.62760639e-02 1.60884857e-01 2.16424465e-02 1.00000000e+00
21 P st 46 cl 0 sigma 0.17627  G -1.06906891e-01 -1.44374371e-01 1.29342079e-02 1.00000000e+00
21 P st 47 cl 1 sigma 0.40238  G -1.48415565e-01 -1.00708008e-01 8.85725021e-03 1.00000000e+00
21 S st 20 cl 0 sigma 0.10762  G -3.04305553e-01 4.39107418e-02 3.87251377e-02 1.00000000e+00
21 S st 36 cl 1 sigma 0.13790  G 2.90799141e-01 -1.09088421e-01 2.46763229e-02 1.00000000e+00
21 S st 38 cl 1 sigma 0.13790  G 3.01659107e-01 -5.79476357e-02 4.01854515e-02 1.00000000e+00
21 S st 40 cl 0 sigma 0.10762  G 2.91550159e-01 1.07276440e-01 2.46286392e-02 1.00000000e+00
21 S st 41 cl 0 sigma 0.10762  G 1.31964684e-01 2.78353691e-01 3.74555588e-02 1.00000000e+00
# EVENT 22  nrows 24  ncols 4  params[x y z ot]  hypo -3.4363 -7.8653 0.3751
22 P st 13 cl 0 sigma 0.17627  G 3.09646130e-02 -1.60861015e-01 -5.10156155e-02 1.00000000e+00
22 P st 14 cl 0 sigma 0.17627  G -3.71813774e-02 -1.58792734e-01 4.10676003e-02 1.00000000e+00
22 P st 15 cl 0 sigma 0.17627  G -9.40620899e-02 -1.26117468e-01 8.04245472e-02 1.00000000e+00
22 P st 16 cl 0 sigma 0.17627  G -1.49214268e-01 -4.91440296e-02 7.33256340e-02 1.00000000e+00
22 P st 18 cl 0 sigma 0.17627  G -6.80804253e-02 -1.46090984e-01 -8.41498375e-02 1.00000000e+00
22 P st 20 cl 0 sigma 0.17627  G -9.44733620e-04 -5.92738390e-02 1.74701214e-01 1.00000000e+00
22 P st 31 cl 0 sigma 0.17627  G -7.02381134e-02 -1.45554543e-01 -8.05497169e-02 1.00000000e+00
22 P st 35 cl 0 sigma 0.17627  G -1.32799149e-01 -9.17434692e-02 -8.23497772e-02 1.00000000e+00
22 P st 37 cl 0 sigma 0.17627  G -1.43337250e-01 -8.08417797e-02 -1.85966492e-02 1.00000000e+00
22 P st 38 cl 0 sigma 0.17627  G 1.58500671e-01 -4.37021255e-02 3.20672989e-03 1.00000000e+00
22 P st 40 cl 0 sigma 0.17627  G 1.62577629e-01 1.70111656e-02 -5.95331192e-02 1.00000000e+00
22 P st 41 cl 0 sigma 0.17627  G 1.48266554e-01 6.60061836e-02 4.58002090e-02 1.00000000e+00
22 P st 42 cl 0 sigma 0.17627  G -9.32604074e-02 3.57657671e-02 1.57532096e-01 1.00000000e+00
22 P st 43 cl 0 sigma 0.17627  G -8.58128071e-02 1.22684240e-01 9.70005989e-02 1.00000000e+00
22 P st 45 cl 0 sigma 0.17627  G -9.94145870e-02 1.30951405e-01 9.50694084e-03 1.00000000e+00
22 P st 46 cl 0 sigma 0.17627  G -2.31623650e-02 -1.62941217e-01 -1.09672546e-02 1.00000000e+00
22 P st 47 cl 0 sigma 0.17627  G -1.06358528e-01 -1.21843815e-01 -8.00728798e-02 1.00000000e+00
22 S st 13 cl 1 sigma 0.13790  G 5.35607338e-02 -2.78294086e-01 -8.82506371e-02 1.00000000e+00
22 S st 15 cl 1 sigma 0.13790  G -1.62720680e-01 -2.18188763e-01 1.39135122e-01 1.00000000e+00
22 S st 16 cl 1 sigma 0.13790  G -2.58129835e-01 -8.50141048e-02 1.26856565e-01 1.00000000e+00
22 S st 35 cl 1 sigma 0.13790  G -2.29787827e-01 -1.58715248e-01 -1.42478943e-01 1.00000000e+00
22 S st 40 cl 1 sigma 0.13790  G 2.81238556e-01 2.94208527e-02 -1.02996826e-01 1.00000000e+00
22 S st 45 cl 1 sigma 0.13790  G -1.71995163e-01 2.26545334e-01 1.64389610e-02 1.00000000e+00
22 S st 47 cl 1 sigma 0.13790  G -1.83987617e-01 -2.10762024e-01 -1.38521194e-01 1.00000000e+00
# EVENT 23  nrows 17  ncols 4  params[x y z ot]  hypo 4.5766 -2.0736 4.0922
23 P st 13 cl 0 sigma 0.17627  G 1.39963627e-01 -3.98755074e-02 7.34925270e-02 1.00000000e+00
23 P st 14 cl 0 sigma 0.17627  G 1.25986338e-01 1.19984150e-02 1.00952387e-01 1.00000000e+00
23 P st 15 cl 0 sigma 0.17627  G 1.10340118e-01 5.37097454e-02 1.04790926e-01 1.00000000e+00
23 P st 19 cl 0 sigma 0.17627  G 1.51431561e-01 -9.10758972e-03 5.78403473e-02 1.00000000e+00
23 P st 26 cl 0 sigma 0.17627  G -1.85370445e-02 -1.44922733e-01 7.09176064e-02 1.00000000e+00
23 P st 28 cl 0 sigma 0.17627  G 8.71181488e-02 -1.08790398e-01 8.42690468e-02 1.00000000e+00
23 P st 31 cl 0 sigma 0.17627  G 6.55353069e-02 -8.96215439e-02 1.17617846e-01 1.00000000e+00
23 P st 35 cl 0 sigma 0.17627  G -4.97043133e-02 -2.82466412e-02 1.49834156e-01 1.00000000e+00
23 P st 36 cl 0 sigma 0.17627  G 1.54626369e-01 2.07781792e-02 4.32729721e-02 1.00000000e+00
23 P st 37 cl 0 sigma 0.17627  G 4.04357910e-02 5.73873520e-02 1.47444010e-01 1.00000000e+00
23 P st 46 cl 0 sigma 0.17627  G 1.28799677e-01 -2.37047672e-02 9.77575779e-02 1.00000000e+00
23 P st 47 cl 0 sigma 0.17627  G 1.42633915e-02 -6.76512718e-02 1.45947933e-01 1.00000000e+00
23 S st 13 cl 1 sigma 0.13790  G 2.42137909e-01 -6.89864159e-02 1.27136707e-01 1.00000000e+00
23 S st 14 cl 1 sigma 0.13790  G 2.17962265e-01 2.07543373e-02 1.74653530e-01 1.00000000e+00
23 S st 26 cl 1 sigma 0.13790  G -3.20434570e-02 -2.50697136e-01 1.22714043e-01 1.00000000e+00
23 S st 37 cl 1 sigma 0.13790  G 6.99520111e-02 9.92774963e-02 2.55084038e-01 1.00000000e+00
23 S st 47 cl 0 sigma 0.10762  G 2.46763229e-02 -1.17027760e-01 2.52485275e-01 1.00000000e+00
# EVENT 24  nrows 31  ncols 4  params[x y z ot]  hypo 3.3869 1.5193 1.8741
24 P st 11 cl 0 sigma 0.17627  G 1.52933598e-01 -4.37736511e-02 2.54154205e-02 1.00000000e+00
24 P st 12 cl 0 sigma 0.17627  G 1.56402588e-01 -1.94311142e-02 3.29136848e-02 1.00000000e+00
24 P st 13 cl 0 sigma 0.17627  G 1.54954195e-01 1.54018402e-02 4.14133072e-02 1.00000000e+00
24 P st 14 cl 0 sigma 0.17627  G 1.21492147e-01 9.17017460e-02 5.21242619e-02 1.00000000e+00
24 P st 15 cl 0 sigma 0.17627  G 8.96573067e-02 1.24776363e-01 4.49419022e-02 1.00000000e+00
24 P st 16 cl 0 sigma 0.17627  G 5.44309616e-02 1.45852566e-01 4.05907631e-02 1.00000000e+00
24 P st 18 cl 0 sigma 0.17627  G 9.68575478e-03 -1.36393309e-01 8.42452049e-02 1.00000000e+00
24 P st 19 cl 0 sigma 0.17627  G 1.54614449e-01 3.65376472e-02 2.71558762e-02 1.00000000e+00
24 P st 20 cl 0 sigma 0.17627  G 9.77873802e-02 1.24490261e-01 3.06606293e-02 1.00000000e+00
24 P st 28 cl 0 sigma 0.17627  G 1.13075972e-01 -8.49723816e-02 7.35461712e-02 1.00000000e+00
24 P st 29 cl 0 sigma 0.17627  G -7.84635544e-02 -7.49766827e-02 1.19948387e-01 1.00000000e+00
24 P st 31 cl 0 sigma 0.17627  G 8.29190016e-02 -2.99870968e-02 1.34313107e-01 1.00000000e+00
24 P st 32 cl 0 sigma 0.17627  G -1.46222115e-01 8.79764557e-03 6.51478767e-02 1.00000000e+00
24 P st 35 cl 0 sigma 0.17627  G -1.01912022e-01 7.43389130e-02 9.99629498e-02 1.00000000e+00
24 P st 36 cl 0 sigma 0.17627  G 1.50334835e-01 5.50746918e-02 1.84535980e-02 1.00000000e+00
24 P st 37 cl 0 sigma 0.17627  G 7.57575035e-03 1.45095587e-01 6.71327114e-02 1.00000000e+00
24 P st 38 cl 0 sigma 0.17627  G 1.39379501e-01 7.81536102e-02 2.07543373e-02 1.00000000e+00
24 P st 39 cl 0 sigma 0.17627  G -4.69684601e-02 1.48880482e-01 3.89695168e-02 1.00000000e+00
24 P st 40 cl 0 sigma 0.17627  G 1.34778023e-01 8.68916512e-02 1.63793564e-02 1.00000000e+00
24 P st 42 cl 1 sigma 0.40238  G 7.56144524e-02 1.38938427e-01 3.03506851e-02 1.00000000e+00
24 P st 43 cl 0 sigma 0.17627  G 6.04987144e-02 1.47271156e-01 2.54631042e-02 1.00000000e+00
24 P st 46 cl 0 sigma 0.17627  G 1.37960911e-01 5.46276569e-02 5.98907471e-02 1.00000000e+00
24 P st 47 cl 0 sigma 0.17627  G -3.13460827e-02 4.41730022e-02 1.50966644e-01 1.00000000e+00
24 S st 12 cl 1 sigma 0.13790  G 2.70569324e-01 -3.36289406e-02 5.69462776e-02 1.00000000e+00
24 S st 18 cl 0 sigma 0.10762  G 1.67489052e-02 -2.35962868e-01 1.45709515e-01 1.00000000e+00
24 S st 19 cl 1 sigma 0.13790  G 2.67434120e-01 6.32047653e-02 4.69446182e-02 1.00000000e+00
24 S st 31 cl 1 sigma 0.13790  G 1.43450499e-01 -5.18798828e-02 2.32368708e-01 1.00000000e+00
24 S st 37 cl 1 sigma 0.13790  G 1.31130219e-02 2.51030922e-01 1.16133690e-01 1.00000000e+00
24 S st 39 cl 1 sigma 0.13790  G -8.12530518e-02 2.57539749e-01 6.74247742e-02 1.00000000e+00
24 S st 42 cl 1 sigma 0.13790  G 1.30796432e-01 2.40349770e-01 5.25236130e-02 1.00000000e+00
24 S st 47 cl 1 sigma 0.13790  G -5.42283058e-02 7.64191151e-02 2.61169672e-01 1.00000000e+00
# EVENT 25  nrows 34  ncols 4  params[x y z ot]  hypo 3.8496 2.2890 2.4375
25 P st 11 cl 0 sigma 0.17627  G 1.54197216e-01 -3.33309174e-02 3.20792198e-02 1.00000000e+00
25 P st 12 cl 0 sigma 0.17627  G 1.55532360e-01 -7.28368759e-03 4.03404236e-02 1.00000000e+00
25 P st 13 cl 0 sigma 0.17627  G 1.50901079e-01 2.72333622e-02 4.85479832e-02 1.00000000e+00
25 P st 15 cl 0 sigma 0.17627  G 8.78036022e-02 1.24359131e-01 4.99308109e-02 1.00000000e+00
25 P st 16 cl 0 sigma 0.17627  G 5.63859940e-02 1.43551826e-01 4.58598137e-02 1.00000000e+00
25 P st 18 cl 0 sigma 0.17627  G 2.26020813e-02 -1.08951330e-01 1.10661983e-01 1.00000000e+00
25 P st 19 cl 0 sigma 0.17627  G 1.51205063e-01 4.38332558e-02 3.29971313e-02 1.00000000e+00
25 P st 20 cl 0 sigma 0.17627  G 9.56177711e-02 1.24084949e-01 3.59773636e-02 1.00000000e+00
25 P st 26 cl 0 sigma 0.17627  G -4.50730324e-02 -1.35791302e-01 7.15136528e-02 1.00000000e+00
25 P st 28 cl 0 sigma 0.17627  G 1.18327141e-01 -6.07907772e-02 8.67664814e-02 1.00000000e+00
25 P st 29 cl 0 sigma 0.17627  G -6.00516796e-02 -4.59909439e-02 1.40571594e-01 1.00000000e+00
25 P st 31 cl 0 sigma 0.17627  G 7.90715218e-02 2.06232071e-03 1.34581327e-01 1.00000000e+00
25 P st 32 cl 0 sigma 0.17627  G -1.32989883e-01 2.66313553e-02 8.24332237e-02 1.00000000e+00
25 P st 33 cl 0 sigma 0.17627  G 1.57737732e-01 2.40564346e-02 2.18868256e-02 1.00000000e+00
25 P st 34 cl 0 sigma 0.17627  G 1.45232677e-01 5.57541847e-02 3.97443771e-02 1.00000000e+00
25 P st 35 cl 0 sigma 0.17627  G -7.70688057e-02 8.64207745e-02 1.08557940e-01 1.00000000e+00
25 P st 36 cl 0 sigma 0.17627  G 1.47891045e-01 5.95211983e-02 2.27570534e-02 1.00000000e+00
25 P st 37 cl 0 sigma 0.17627  G 1.68561935e-02 1.43480301e-01 7.00414181e-02 1.00000000e+00
25 P st 38 cl 0 sigma 0.17627  G 1.36518478e-01 8.15391541e-02 2.53796577e-02 1.00000000e+00
25 P st 39 cl 0 sigma 0.17627  G -3.61204147e-02 1.49524212e-01 4.57048416e-02 1.00000000e+00
25 P st 40 cl 0 sigma 0.17627  G 1.32548809e-01 8.92519951e-02 2.01463699e-02 1.00000000e+00
25 P st 42 cl 0 sigma 0.17627  G 7.54356384e-02 1.37615204e-01 3.56197357e-02 1.00000000e+00
25 P st 46 cl 0 sigma 0.17627  G 1.30081177e-01 6.36458397e-02 6.44981861e-02 1.00000000e+00
25 P st 47 cl 0 sigma 0.17627  G -5.79357147e-03 6.26206398e-02 1.47074461e-01 1.00000000e+00
25 S st 11 cl 0 sigma 0.10762  G 2.66790390e-01 -5.76257706e-02 5.55038452e-02 1.00000000e+00
25 S st 12 cl 0 sigma 0.10762  G 2.69055367e-01 -1.26123428e-02 6.97851181e-02 1.00000000e+00
25 S st 18 cl 0 sigma 0.10762  G 3.91006470e-02 -1.88481808e-01 1.91438198e-01 1.00000000e+00
25 S st 19 cl 1 sigma 0.13790  G 2.61592865e-01 7.58171082e-02 5.71012497e-02 1.00000000e+00
25 S st 26 cl 0 sigma 0.10762  G -7.79867172e-02 -2.34937668e-01 1.23739243e-01 1.00000000e+00
25 S st 34 cl 0 sigma 0.10762  G 2.51269341e-01 9.64403152e-02 6.87837601e-02 1.00000000e+00
25 S st 35 cl 0 sigma 0.10762  G -1.33335590e-01 1.49488449e-01 1.87802315e-01 1.00000000e+00
25 S st 37 cl 1 sigma 0.13790  G 2.91585922e-02 2.48217583e-01 1.21176243e-01 1.00000000e+00
25 S st 39 cl 1 sigma 0.13790  G -6.25133514e-02 2.58636475e-01 7.90834427e-02 1.00000000e+00
25 S st 47 cl 1 sigma 0.13790  G -1.00255013e-02 1.08337402e-01 2.54428387e-01 1.00000000e+00
# EVENT 26  nrows 14  ncols 4  params[x y z ot]  hypo 0.5913 -4.7283 -0.2447
26 P st 13 cl 0 sigma 0.17627  G 1.27780437e-01 -1.21802092e-01 3.35514545e-02 1.00000000e+00
26 P st 14 cl 0 sigma 0.17627  G 1.35785341e-01 -9.64969397e-02 7.07983971e-02 1.00000000e+00
26 P st 15 cl 0 sigma 0.17627  G 1.36798620e-01 1.55538321e-02 1.12256408e-01 1.00000000e+00
26 P st 19 cl 0 sigma 0.17627  G 1.62076950e-01 -6.14762306e-02 1.00135803e-02 1.00000000e+00
26 P st 25 cl 1 sigma 0.40238  G 2.02059746e-02 -1.61135197e-01 -7.52449036e-02 1.00000000e+00
26 P st 31 cl 0 sigma 0.17627  G -2.12311745e-02 -1.75428391e-01 3.92019749e-02 1.00000000e+00
26 P st 34 cl 1 sigma 0.40238  G 1.61218643e-01 -7.20739365e-02 3.62455845e-02 1.00000000e+00
26 P st 35 cl 1 sigma 0.40238  G -1.49267912e-01 -9.44077969e-02 4.06444073e-02 1.00000000e+00
26 P st 37 cl 0 sigma 0.17627  G -1.57350302e-01 -3.42309475e-02 9.09805298e-02 1.00000000e+00
26 P st 45 cl 1 sigma 0.40238  G -1.90734863e-04 1.76286697e-01 3.02076340e-02 1.00000000e+00
26 P st 46 cl 0 sigma 0.17627  G 1.05345249e-01 -1.37525797e-01 5.26487827e-02 1.00000000e+00
26 P st 47 cl 1 sigma 0.40238  G -9.42230225e-02 -1.48737431e-01 4.41968441e-02 1.00000000e+00
26 S st 34 cl 1 sigma 0.13790  G 2.78878212e-01 -1.24680996e-01 6.27040863e-02 1.00000000e+00
26 S st 37 cl 1 sigma 0.13790  G -2.72214413e-01 -5.92112541e-02 1.57392025e-01 1.00000000e+00
# EVENT 27  nrows 34  ncols 4  params[x y z ot]  hypo -3.3789 -5.7565 3.5344
27 P st 12 cl 0 sigma 0.17627  G 5.47766685e-02 -1.35314465e-01 7.26580620e-02 1.00000000e+00
27 P st 13 cl 0 sigma 0.17627  G 3.40104103e-02 -1.28549337e-01 9.55998898e-02 1.00000000e+00
27 P st 14 cl 0 sigma 0.17627  G -3.07619572e-02 -8.13782215e-02 1.37346983e-01 1.00000000e+00
27 P st 15 cl 0 sigma 0.17627  G -6.11007214e-02 -2.35259533e-02 1.47932768e-01 1.00000000e+00
27 P st 16 cl 0 sigma 0.17627  G -9.34243202e-02 2.15828419e-02 1.30480528e-01 1.00000000e+00
27 P st 18 cl 0 sigma 0.17627  G -7.36594200e-02 -1.35338306e-01 5.01394272e-02 1.00000000e+00
27 P st 19 cl 0 sigma 0.17627  G 9.93013382e-02 -8.69214535e-02 9.54568386e-02 1.00000000e+00
27 P st 20 cl 0 sigma 0.17627  G 1.28746033e-03 3.87907028e-02 1.55764818e-01 1.00000000e+00
27 P st 26 cl 0 sigma 0.17627  G -8.55684280e-02 -1.31726265e-01 3.96728516e-02 1.00000000e+00
27 P st 28 cl 0 sigma 0.17627  G -3.52025032e-02 -1.45685673e-01 6.32762909e-02 1.00000000e+00
27 P st 29 cl 0 sigma 0.17627  G -1.05810165e-01 -1.10685825e-01 5.31077385e-02 1.00000000e+00
27 P st 31 cl 0 sigma 0.17627  G -7.54117966e-02 -1.25086308e-01 7.17520714e-02 1.00000000e+00
27 P st 33 cl 0 sigma 0.17627  G 1.37543678e-01 -6.64830208e-02 5.57899475e-02 1.00000000e+00
27 P st 34 cl 0 sigma 0.17627  G 6.81340694e-02 -9.47833061e-02 1.15698576e-01 1.00000000e+00
27 P st 35 cl 0 sigma 0.17627  G -1.35326385e-01 -6.56127930e-02 6.23703003e-02 1.00000000e+00
27 P st 36 cl 0 sigma 0.17627  G 1.45328045e-01 -2.07662582e-02 7.21812248e-02 1.00000000e+00
27 P st 37 cl 0 sigma 0.17627  G -1.28787756e-01 -3.12864780e-02 9.62078571e-02 1.00000000e+00
27 P st 38 cl 0 sigma 0.17627  G 1.31320953e-01 5.42402267e-03 9.70721245e-02 1.00000000e+00
27 P st 39 cl 0 sigma 0.17627  G -1.45089626e-01 2.29835510e-02 7.10606575e-02 1.00000000e+00
27 P st 40 cl 0 sigma 0.17627  G 1.39760971e-01 4.62770462e-02 6.94394112e-02 1.00000000e+00
27 P st 41 cl 0 sigma 0.17627  G 9.90808010e-02 8.52108002e-02 9.90211964e-02 1.00000000e+00
27 P st 42 cl 0 sigma 0.17627  G -3.37421894e-02 6.56902790e-02 1.41882896e-01 1.00000000e+00
27 P st 43 cl 0 sigma 0.17627  G -4.07814980e-02 1.07610226e-01 1.16902590e-01 1.00000000e+00
27 P st 46 cl 0 sigma 0.17627  G -2.20716000e-02 -1.15674734e-01 1.15013123e-01 1.00000000e+00
27 P st 47 cl 0 sigma 0.17627  G -1.11019611e-01 -9.64641571e-02 6.98447227e-02 1.00000000e+00
27 S st 12 cl 0 sigma 0.10762  G 9.47833061e-02 -2.34103203e-01 1.25706196e-01 1.00000000e+00
27 S st 16 cl 1 sigma 0.13790  G -1.61623955e-01 3.73244286e-02 2.25722790e-01 1.00000000e+00
27 S st 18 cl 1 sigma 0.13790  G -1.27410889e-01 -2.34103203e-01 8.67366791e-02 1.00000000e+00
27 S st 20 cl 1 sigma 0.13790  G 2.21729279e-03 6.71029091e-02 2.69472599e-01 1.00000000e+00
27 S st 35 cl 1 sigma 0.13790  G -2.34079361e-01 -1.13558769e-01 1.07860565e-01 1.00000000e+00
27 S st 36 cl 0 sigma 0.10762  G 2.51412392e-01 -3.59296799e-02 1.24883652e-01 1.00000000e+00
27 S st 37 cl 0 sigma 0.10762  G -2.22790241e-01 -5.41210175e-02 1.66440010e-01 1.00000000e+00
27 S st 38 cl 0 sigma 0.10762  G 2.27165222e-01 9.36985016e-03 1.67942047e-01 1.00000000e+00
27 S st 40 cl 0 sigma 0.10762  G 2.41804123e-01 8.00371170e-02 1.20151043e-01 1.00000000e+00
# EVENT 28  nrows 27  ncols 4  params[x y z ot]  hypo 2.3760 -1.7040 3.8081
28 P st 12 cl 0 sigma 0.17627  G 1.32322311e-01 -6.45279884e-02 6.57439232e-02 1.00000000e+00
28 P st 13 cl 0 sigma 0.17627  G 1.30617619e-01 -4.17172909e-02 8.36968422e-02 1.00000000e+00
28 P st 14 cl 0 sigma 0.17627  G 1.05482340e-01 2.33054161e-02 1.19286776e-01 1.00000000e+00
28 P st 15 cl 0 sigma 0.17627  G 8.07166100e-02 7.19189644e-02 1.17468834e-01 1.00000000e+00
28 P st 16 cl 0 sigma 0.17627  G 4.34994698e-02 1.05553865e-01 1.12181902e-01 1.00000000e+00
28 P st 18 cl 0 sigma 0.17627  G -1.20222569e-02 -1.36238337e-01 8.43286514e-02 1.00000000e+00
28 P st 19 cl 0 sigma 0.17627  G 1.48117542e-01 -5.69820404e-03 6.27279282e-02 1.00000000e+00
28 P st 20 cl 0 sigma 0.17627  G 9.94443893e-02 9.33706760e-02 8.35537910e-02 1.00000000e+00
28 P st 25 cl 0 sigma 0.17627  G 4.61697578e-02 -1.43134594e-01 5.92231750e-02 1.00000000e+00
28 P st 29 cl 0 sigma 0.17627  G -6.34253025e-02 -1.05315447e-01 1.03735924e-01 1.00000000e+00
28 P st 31 cl 0 sigma 0.17627  G 2.35319138e-02 -9.81032848e-02 1.27673149e-01 1.00000000e+00
28 P st 32 cl 0 sigma 0.17627  G -1.25467777e-01 -4.99725342e-02 8.77857208e-02 1.00000000e+00
28 P st 35 cl 0 sigma 0.17627  G -9.55104828e-02 -1.83045864e-02 1.26343966e-01 1.00000000e+00
28 P st 36 cl 0 sigma 0.17627  G 1.52528286e-01 2.71916389e-02 4.42266464e-02 1.00000000e+00
28 P st 37 cl 0 sigma 0.17627  G -2.02119350e-02 7.03275204e-02 1.45095587e-01 1.00000000e+00
28 P st 38 cl 0 sigma 0.17627  G 1.44302845e-01 5.01513481e-02 5.18918037e-02 1.00000000e+00
28 P st 41 cl 0 sigma 0.17627  G 1.21068954e-01 9.40442085e-02 5.04612923e-02 1.00000000e+00
28 P st 42 cl 0 sigma 0.17627  G 7.58171082e-02 1.15764141e-01 8.44001770e-02 1.00000000e+00
28 P st 46 cl 0 sigma 0.17627  G 1.06137991e-01 -2.03192234e-02 1.17105246e-01 1.00000000e+00
28 P st 47 cl 0 sigma 0.17627  G -4.08649445e-02 -5.93066216e-02 1.42610073e-01 1.00000000e+00
28 S st 13 cl 1 sigma 0.13790  G 2.25961208e-01 -7.21812248e-02 1.44791603e-01 1.00000000e+00
28 S st 16 cl 0 sigma 0.10762  G 7.52568245e-02 1.82604790e-01 1.94060802e-01 1.00000000e+00
28 S st 19 cl 1 sigma 0.13790  G 2.56276131e-01 -9.87052917e-03 1.08551979e-01 1.00000000e+00
28 S st 20 cl 1 sigma 0.13790  G 1.72042847e-01 1.61528587e-01 1.44553185e-01 1.00000000e+00
28 S st 31 cl 1 sigma 0.13790  G 4.07338142e-02 -1.69706345e-01 2.20870972e-01 1.00000000e+00
28 S st 36 cl 1 sigma 0.13790  G 2.63857841e-01 4.70638275e-02 7.65085220e-02 1.00000000e+00
28 S st 42 cl 1 sigma 0.13790  G 1.31177902e-01 2.00247765e-01 1.46007538e-01 1.00000000e+00
# EVENT 29  nrows 15  ncols 4  params[x y z ot]  hypo 8.7613 4.5886 0.7537
29 P st 11 cl 0 sigma 0.17627  G 1.60992146e-01 -4.31537628e-03 7.91549683e-03 1.00000000e+00
29 P st 13 cl 0 sigma 0.17627  G 1.54948235e-01 4.37736511e-02 9.48905945e-03 1.00000000e+00
29 P st 18 cl 0 sigma 0.17627  G 1.52915716e-01 -4.00543213e-02 2.98857689e-02 1.00000000e+00
29 P st 22 cl 0 sigma 0.17627  G 1.10244751e-01 -1.17158890e-01 1.22904778e-02 1.00000000e+00
29 P st 26 cl 0 sigma 0.17627  G 8.84592533e-02 -1.25342607e-01 4.47750092e-02 1.00000000e+00
29 P st 28 cl 0 sigma 0.17627  G 1.60717964e-01 -1.93119049e-03 1.42455101e-02 1.00000000e+00
29 P st 29 cl 0 sigma 0.17627  G 1.32638216e-01 4.06742096e-02 7.84873962e-02 1.00000000e+00
29 P st 31 cl 0 sigma 0.17627  G 1.52432919e-01 4.91440296e-02 1.89304352e-02 1.00000000e+00
29 P st 32 cl 0 sigma 0.17627  G -3.20255756e-02 1.41495466e-01 7.44402409e-02 1.00000000e+00
29 P st 35 cl 0 sigma 0.17627  G 5.60283661e-02 1.46907568e-01 3.35454941e-02 1.00000000e+00
29 P st 37 cl 0 sigma 0.17627  G 8.73088837e-02 1.35040283e-01 1.28626823e-02 1.00000000e+00
29 P st 40 cl 1 sigma 0.40238  G 1.36518478e-01 8.55207443e-02 5.72204590e-03 1.00000000e+00
29 P st 47 cl 0 sigma 0.17627  G 1.22320652e-01 1.01107359e-01 2.86579132e-02 1.00000000e+00
29 S st 13 cl 1 sigma 0.13790  G 2.68054008e-01 7.57455826e-02 1.64031982e-02 1.00000000e+00
29 S st 18 cl 0 sigma 0.10762  G 2.64537334e-01 -6.92844391e-02 5.17010689e-02 1.00000000e+00
# EVENT 30  nrows 22  ncols 4  params[x y z ot]  hypo 0.8975 -0.0143 -0.6401
30 P st 12 cl 0 sigma 0.17627  G 1.68180466e-01 -6.09576702e-02 2.14219093e-02 1.00000000e+00
30 P st 13 cl 0 sigma 0.17627  G 1.77121162e-01 -2.05159187e-02 2.70962715e-02 1.00000000e+00
30 P st 14 cl 1 sigma 0.40238  G 1.32888556e-01 1.14977360e-01 3.71277332e-02 1.00000000e+00
30 P st 16 cl 0 sigma 0.17627  G 1.47163868e-02 1.77872181e-01 2.52842903e-02 1.00000000e+00
30 P st 19 cl 0 sigma 0.17627  G 1.77383423e-01 2.40564346e-02 1.93476677e-02 1.00000000e+00
30 P st 20 cl 0 sigma 0.17627  G 9.26494598e-02 1.52987242e-01 2.14397907e-02 1.00000000e+00
30 P st 25 cl 0 sigma 0.17627  G 3.87907028e-02 -1.74713135e-01 1.92880630e-02 1.00000000e+00
30 P st 28 cl 1 sigma 0.40238  G 6.15477562e-02 -1.66088343e-01 3.20911407e-02 1.00000000e+00
30 P st 29 cl 1 sigma 0.40238  G -1.40345097e-01 -1.08754635e-01 2.88188457e-02 1.00000000e+00
30 P st 31 cl 0 sigma 0.17627  G -3.84032726e-02 -1.60652399e-01 6.27636909e-02 1.00000000e+00
30 P st 33 cl 1 sigma 0.40238  G 1.64103508e-01 5.03063202e-03 -6.54816628e-02 1.00000000e+00
30 P st 35 cl 1 sigma 0.40238  G -1.75428391e-01 2.62796879e-02 2.97009945e-02 1.00000000e+00
30 P st 36 cl 1 sigma 0.40238  G 1.59573555e-01 5.12123108e-02 -4.17470932e-02 1.00000000e+00
30 P st 37 cl 0 sigma 0.17627  G -8.20577145e-02 1.56176090e-01 3.36229801e-02 1.00000000e+00
30 P st 38 cl 0 sigma 0.17627  G 1.51455402e-01 8.30173492e-02 3.93390656e-04 1.00000000e+00
30 P st 46 cl 0 sigma 0.17627  G 1.68463588e-01 3.89665365e-02 4.38809395e-02 1.00000000e+00
30 P st 47 cl 0 sigma 0.17627  G -1.67995691e-01 -3.61770391e-02 5.00619411e-02 1.00000000e+00
30 S st 12 cl 1 sigma 0.13790  G 2.90954113e-01 -1.05464458e-01 3.70621681e-02 1.00000000e+00
30 S st 20 cl 1 sigma 0.13790  G 1.60288811e-01 2.64668465e-01 3.70979309e-02 1.00000000e+00
30 S st 31 cl 0 sigma 0.10762  G -6.64412975e-02 -2.77924538e-01 1.08575821e-01 1.00000000e+00
30 S st 33 cl 1 sigma 0.13790  G 2.83885002e-01 8.67843628e-03 -1.13272667e-01 1.00000000e+00
30 S st 37 cl 0 sigma 0.10762  G -1.41966343e-01 2.70187855e-01 5.81502914e-02 1.00000000e+00
# EVENT 31  nrows 21  ncols 4  params[x y z ot]  hypo -8.4912 -5.1335 2.7049
31 P st 13 cl 0 sigma 0.17627  G -7.18355179e-02 -1.22433901e-01 7.75456429e-02 1.00000000e+00
31 P st 16 cl 0 sigma 0.17627  G -1.48212910e-01 2.48849392e-02 5.86390495e-02 1.00000000e+00
31 P st 18 cl 0 sigma 0.17627  G -1.13761425e-01 -1.10447407e-01 3.09109688e-02 1.00000000e+00
31 P st 19 cl 0 sigma 0.17627  G -1.78813934e-04 -1.06173754e-01 1.20228529e-01 1.00000000e+00
31 P st 20 cl 0 sigma 0.17627  G -1.19578838e-01 4.76121902e-02 9.52601433e-02 1.00000000e+00
31 P st 31 cl 0 sigma 0.17627  G -1.25467777e-01 -9.30547714e-02 4.13060188e-02 1.00000000e+00
31 P st 33 cl 0 sigma 0.17627  G 1.12688541e-01 -9.03308392e-02 7.09116459e-02 1.00000000e+00
31 P st 34 cl 0 sigma 0.17627  G -5.98132610e-02 -9.78946686e-02 1.15948915e-01 1.00000000e+00
31 P st 35 cl 1 sigma 0.40238  G -1.52325630e-01 -4.27246094e-02 3.24487686e-02 1.00000000e+00
31 P st 36 cl 0 sigma 0.17627  G 1.11341476e-01 -1.86979771e-02 1.13779306e-01 1.00000000e+00
31 P st 38 cl 0 sigma 0.17627  G 5.18441200e-02 2.93135643e-02 1.48272514e-01 1.00000000e+00
31 P st 40 cl 0 sigma 0.17627  G 1.00070238e-01 8.85844231e-02 9.34958458e-02 1.00000000e+00
31 P st 41 cl 0 sigma 0.17627  G -2.15768814e-03 1.19835138e-01 1.05601549e-01 1.00000000e+00
31 P st 42 cl 1 sigma 0.40238  G -1.27720833e-01 6.46293163e-02 7.50839710e-02 1.00000000e+00
31 P st 43 cl 0 sigma 0.17627  G -1.17814541e-01 9.19699669e-02 6.18696213e-02 1.00000000e+00
31 S st 13 cl 1 sigma 0.13790  G -1.24275684e-01 -2.11787224e-01 1.34134293e-01 1.00000000e+00
31 S st 16 cl 1 sigma 0.13790  G -2.56407261e-01 4.30464745e-02 1.01459026e-01 1.00000000e+00
31 S st 19 cl 0 sigma 0.10762  G -2.98023224e-04 -1.83677673e-01 2.07972527e-01 1.00000000e+00
31 S st 20 cl 1 sigma 0.13790  G -2.06851959e-01 8.23974609e-02 1.64818764e-01 1.00000000e+00
31 S st 33 cl 1 sigma 0.13790  G 1.94931030e-01 -1.56271458e-01 1.22678280e-01 1.00000000e+00
31 S st 40 cl 1 sigma 0.13790  G 1.73127651e-01 1.53255463e-01 1.61743164e-01 1.00000000e+00
# EVENT 32  nrows 19  ncols 4  params[x y z ot]  hypo 1.5689 0.1514 -0.1197
32 P st 11 cl 0 sigma 0.17627  G 1.49941444e-01 -6.97016716e-02 -3.90291214e-02 1.00000000e+00
32 P st 12 cl 1 sigma 0.40238  G 1.65605545e-01 -5.19752502e-02 2.33113766e-02 1.00000000e+00
32 P st 13 cl 0 sigma 0.17627  G 1.75386667e-01 -1.38819218e-02 4.11093235e-02 1.00000000e+00
32 P st 15 cl 0 sigma 0.17627  G 8.48233700e-02 1.52975321e-01 4.62055206e-02 1.00000000e+00
32 P st 16 cl 0 sigma 0.17627  G 3.11434269e-02 1.73127651e-01 4.01139259e-02 1.00000000e+00
32 P st 18 cl 0 sigma 0.17627  G -4.28855419e-02 -1.70177221e-01 4.48465347e-02 1.00000000e+00
32 P st 19 cl 0 sigma 0.17627  G 1.67417526e-01 2.39729881e-02 8.34465027e-05 1.00000000e+00
32 P st 20 cl 0 sigma 0.17627  G 9.81628895e-02 1.43522024e-01 2.44557858e-02 1.00000000e+00
32 P st 25 cl 0 sigma 0.17627  G 4.90188599e-02 -1.63662434e-01 1.41859055e-02 1.00000000e+00
32 P st 28 cl 0 sigma 0.17627  G 8.13186169e-02 -1.52999163e-01 5.23626804e-02 1.00000000e+00
32 P st 31 cl 0 sigma 0.17627  G 9.79900360e-03 -1.49580836e-01 1.03476644e-01 1.00000000e+00
32 P st 35 cl 1 sigma 0.40238  G -1.68979168e-01 3.41236591e-02 5.46872616e-02 1.00000000e+00
32 P st 36 cl 0 sigma 0.17627  G 1.53827667e-01 4.88519669e-02 -7.82251358e-02 1.00000000e+00
32 P st 37 cl 0 sigma 0.17627  G -5.68330288e-02 1.62130594e-01 5.69999218e-02 1.00000000e+00
32 S st 13 cl 1 sigma 0.13790  G 3.03411484e-01 -2.40087509e-02 7.11321831e-02 1.00000000e+00
32 S st 18 cl 0 sigma 0.10762  G -7.41839409e-02 -2.94423103e-01 7.75694847e-02 1.00000000e+00
32 S st 20 cl 1 sigma 0.13790  G 1.69801712e-01 2.48289108e-01 4.23192978e-02 1.00000000e+00
32 S st 35 cl 1 sigma 0.13790  G -2.92336941e-01 5.90324402e-02 9.45925713e-02 1.00000000e+00
32 S st 37 cl 1 sigma 0.13790  G -9.83238220e-02 2.80487537e-01 9.86099243e-02 1.00000000e+00
# EVENT 33  nrows 22  ncols 4  params[x y z ot]  hypo -11.0587 -3.1844 -0.7464
33 P st 10 cl 1 sigma 0.40238  G 1.03712082e-03 -1.78766251e-01 1.63674355e-02 1.00000000e+00
33 P st 11 cl 0 sigma 0.17627  G -4.33683395e-02 -1.73807144e-01 2.11119652e-02 1.00000000e+00
33 P st 12 cl 1 sigma 0.40238  G -1.03217363e-01 -1.46132708e-01 2.34425068e-02 1.00000000e+00
33 P st 13 cl 0 sigma 0.17627  G -1.50281191e-01 -9.71019268e-02 2.38418579e-02 1.00000000e+00
33 P st 15 cl 0 sigma 0.17627  G -1.76358223e-01 3.15308571e-02 1.79767609e-02 1.00000000e+00
33 P st 16 cl 1 sigma 0.40238  G -1.69408321e-01 5.09977341e-02 6.21080399e-03 1.00000000e+00
33 P st 18 cl 0 sigma 0.17627  G -1.35779381e-01 -8.90731812e-02 -8.15629959e-02 1.00000000e+00
33 P st 19 cl 0 sigma 0.17627  G -1.39766932e-01 -1.03029609e-01 4.88251448e-02 1.00000000e+00
33 P st 20 cl 0 sigma 0.17627  G -1.58983469e-01 8.26060772e-02 2.09212303e-02 1.00000000e+00
33 P st 21 cl 0 sigma 0.17627  G -7.03811646e-02 -1.45041943e-01 -8.47816467e-02 1.00000000e+00
33 P st 25 cl 0 sigma 0.17627  G -1.02412701e-01 -1.29115582e-01 -7.37428665e-02 1.00000000e+00
33 P st 28 cl 0 sigma 0.17627  G -1.38032436e-01 -1.06668472e-01 -8.89301300e-03 1.00000000e+00
33 P st 33 cl 0 sigma 0.17627  G 1.35397911e-01 -1.13117695e-01 3.69250774e-02 1.00000000e+00
33 P st 34 cl 0 sigma 0.17627  G -1.68055296e-01 -5.56051731e-02 3.24130058e-02 1.00000000e+00
33 P st 36 cl 0 sigma 0.17627  G 1.33568048e-01 9.40144062e-02 7.75814056e-02 1.00000000e+00
33 P st 38 cl 0 sigma 0.17627  G -5.61892986e-02 1.63859129e-01 5.29170036e-02 1.00000000e+00
33 P st 40 cl 0 sigma 0.17627  G 4.88519669e-02 1.71399117e-01 2.82824039e-02 1.00000000e+00
33 P st 45 cl 0 sigma 0.17627  G -1.26492977e-01 1.08468533e-01 -6.47544861e-02 1.00000000e+00
33 P st 46 cl 0 sigma 0.17627  G -1.72621012e-01 -4.80175018e-02 1.99675560e-02 1.00000000e+00
33 S st 19 cl 1 sigma 0.13790  G -2.41786242e-01 -1.78247690e-01 8.44717026e-02 1.00000000e+00
33 S st 20 cl 0 sigma 0.10762  G -2.75039673e-01 1.42931938e-01 3.62157822e-02 1.00000000e+00
33 S st 40 cl 0 sigma 0.10762  G 8.44955444e-02 2.96521187e-01 4.89234924e-02 1.00000000e+00
# EVENT 34  nrows 43  ncols 4  params[x y z ot]  hypo -4.2830 -0.1327 2.4618
34 P st 10 cl 0 sigma 0.17627  G 1.03044510e-01 -1.15311146e-01 4.31418419e-02 1.00000000e+00
34 P st 11 cl 0 sigma 0.17627  G 9.83893871e-02 -1.08391047e-01 6.54697418e-02 1.00000000e+00
34 P st 12 cl 0 sigma 0.17627  G 7.32660294e-02 -8.37743282e-02 1.10006332e-01 1.00000000e+00
34 P st 13 cl 0 sigma 0.17627  G 3.43680382e-02 -3.49193811e-02 1.52349472e-01 1.00000000e+00
34 P st 15 cl 0 sigma 0.17627  G -7.36355782e-02 1.16783381e-01 7.95125961e-02 1.00000000e+00
34 P st 16 cl 0 sigma 0.17627  G -8.65578651e-02 1.21128559e-01 5.62489033e-02 1.00000000e+00
34 P st 18 cl 0 sigma 0.17627  G -1.17599964e-01 -9.94563103e-02 4.57763672e-02 1.00000000e+00
34 P st 19 cl 0 sigma 0.17627  G 1.14005804e-01 3.13222408e-02 1.02871656e-01 1.00000000e+00
34 P st 20 cl 0 sigma 0.17627  G -1.77562237e-02 1.45286322e-01 6.50048256e-02 1.00000000e+00
34 P st 21 cl 0 sigma 0.17627  G -1.87039375e-02 -1.57451630e-01 2.81214714e-02 1.00000000e+00
34 P st 22 cl 0 sigma 0.17627  G -6.20365143e-02 -1.45256519e-01 3.02791595e-02 1.00000000e+00
34 P st 25 cl 0 sigma 0.17627  G -4.83155251e-02 -1.46055222e-01 4.47750092e-02 1.00000000e+00
34 P st 26 cl 1 sigma 0.40238  G -1.19888783e-01 -1.02257729e-01 3.18050385e-02 1.00000000e+00
34 P st 28 cl 0 sigma 0.17627  G -7.93516636e-02 -1.11824274e-01 7.77721405e-02 1.00000000e+00
34 P st 29 cl 0 sigma 0.17627  G -1.45125389e-01 -5.50985336e-02 4.22239304e-02 1.00000000e+00
34 P st 30 cl 0 sigma 0.17627  G 1.28871202e-01 -2.60293484e-02 8.69929790e-02 1.00000000e+00
34 P st 31 cl 0 sigma 0.17627  G -1.30909681e-01 -5.40256500e-02 7.32719898e-02 1.00000000e+00
34 P st 33 cl 0 sigma 0.17627  G 1.54781342e-01 5.35249710e-03 4.35948372e-02 1.00000000e+00
34 P st 34 cl 0 sigma 0.17627  G 7.27117062e-02 5.25772572e-02 1.33460760e-01 1.00000000e+00
34 P st 36 cl 0 sigma 0.17627  G 1.37281418e-01 6.89387321e-02 4.75168228e-02 1.00000000e+00
34 P st 37 cl 0 sigma 0.17627  G -1.31857395e-01 7.24852085e-02 5.32686710e-02 1.00000000e+00
34 P st 38 cl 0 sigma 0.17627  G 1.05130672e-01 1.06966496e-01 5.54323196e-02 1.00000000e+00
34 P st 39 cl 0 sigma 0.17627  G -1.29866600e-01 8.87513161e-02 3.39508057e-02 1.00000000e+00
34 P st 40 cl 0 sigma 0.17627  G 1.08957291e-01 1.13034248e-01 3.54170799e-02 1.00000000e+00
34 P st 41 cl 0 sigma 0.17627  G 5.93900681e-02 1.43361092e-01 4.13894653e-02 1.00000000e+00
34 P st 45 cl 1 sigma 0.40238  G -5.53607941e-02 1.47926807e-01 3.02195549e-02 1.00000000e+00
34 P st 47 cl 0 sigma 0.17627  G -1.49387121e-01 -1.41918659e-02 5.48779964e-02 1.00000000e+00
34 S st 12 cl 1 sigma 0.13790  G 1.26755238e-01 -1.44934654e-01 1.90305710e-01 1.00000000e+00
34 S st 13 cl 0 sigma 0.10762  G 5.94556332e-02 -6.04033470e-02 2.63565779e-01 1.00000000e+00
34 S st 15 cl 1 sigma 0.13790  G -1.27363205e-01 2.02012062e-01 1.37567520e-01 1.00000000e+00
34 S st 18 cl 0 sigma 0.10762  G -2.03442574e-01 -1.72078609e-01 7.92145729e-02 1.00000000e+00
34 S st 19 cl 1 sigma 0.13790  G 1.97243690e-01 5.41567802e-02 1.77979469e-01 1.00000000e+00
34 S st 21 cl 0 sigma 0.10762  G -3.23295593e-02 -2.72417068e-01 4.86373901e-02 1.00000000e+00
34 S st 25 cl 1 sigma 0.13790  G -8.35776329e-02 -2.52664089e-01 7.74502754e-02 1.00000000e+00
34 S st 26 cl 1 sigma 0.13790  G -2.07400322e-01 -1.76906586e-01 5.50270081e-02 1.00000000e+00
34 S st 33 cl 0 sigma 0.10762  G 2.67779827e-01 9.26256180e-03 7.54237175e-02 1.00000000e+00
34 S st 34 cl 0 sigma 0.10762  G 1.25789642e-01 9.09566879e-02 2.30884552e-01 1.00000000e+00
34 S st 36 cl 0 sigma 0.10762  G 2.37500668e-01 1.19256973e-01 8.22067261e-02 1.00000000e+00
34 S st 37 cl 0 sigma 0.10762  G -2.28106976e-01 1.25384331e-01 9.21607018e-02 1.00000000e+00
34 S st 38 cl 1 sigma 0.13790  G 1.81889534e-01 1.85048580e-01 9.58919525e-02 1.00000000e+00
34 S st 39 cl 1 sigma 0.13790  G -2.24661827e-01 1.53517723e-01 5.87701797e-02 1.00000000e+00
34 S st 40 cl 1 sigma 0.13790  G 1.88469887e-01 1.95527077e-01 6.12974167e-02 1.00000000e+00
34 S st 41 cl 0 sigma 0.10762  G 1.02758408e-01 2.48026848e-01 7.16209412e-02 1.00000000e+00
# EVENT 35  nrows 27  ncols 4  params[x y z ot]  hypo -4.4803 5.6909 1.1872
35 P st 11 cl 0 sigma 0.17627  G 1.46174431e-01 2.02357769e-02 6.78658485e-02 1.00000000e+00
35 P st 12 cl 0 sigma 0.17627  G 8.73744488e-02 1.07461214e-01 8.27491283e-02 1.00000000e+00
35 P st 13 cl 0 sigma 0.17627  G 1.80602074e-02 1.50704384e-01 5.82575798e-02 1.00000000e+00
35 P st 18 cl 0 sigma 0.17627  G -1.57868862e-01 -8.15987587e-03 3.46243382e-02 1.00000000e+00
35 P st 19 cl 0 sigma 0.17627  G 7.89344311e-02 1.37537718e-01 3.21865082e-02 1.00000000e+00
35 P st 21 cl 0 sigma 0.17627  G -3.44634056e-02 -1.55419111e-01 2.75135040e-02 1.00000000e+00
35 P st 22 cl 0 sigma 0.17627  G -1.00278854e-01 -1.23357773e-01 2.80499458e-02 1.00000000e+00
35 P st 25 cl 0 sigma 0.17627  G -9.98198986e-02 -1.08283758e-01 6.31511211e-02 1.00000000e+00
35 P st 26 cl 0 sigma 0.17627  G -1.54173374e-01 -4.28318977e-02 2.23040581e-02 1.00000000e+00
35 P st 28 cl 0 sigma 0.17627  G -1.32477283e-01 3.60310078e-02 8.42928886e-02 1.00000000e+00
35 P st 31 cl 0 sigma 0.17627  G -1.35123730e-01 7.91668892e-02 3.91066074e-02 1.00000000e+00
35 P st 33 cl 1 sigma 0.40238  G 1.35755539e-01 8.53180885e-02 1.98483467e-02 1.00000000e+00
35 P st 34 cl 0 sigma 0.17627  G 3.90768051e-02 1.53118372e-01 3.49700451e-02 1.00000000e+00
35 P st 36 cl 0 sigma 0.17627  G 1.02043152e-01 1.23906136e-01 1.76429749e-02 1.00000000e+00
35 P st 38 cl 0 sigma 0.17627  G 6.91652298e-02 1.44803524e-01 1.76906586e-02 1.00000000e+00
35 P st 40 cl 1 sigma 0.40238  G 7.89642334e-02 1.40047073e-01 1.34706497e-02 1.00000000e+00
35 P st 42 cl 1 sigma 0.40238  G -2.76565552e-02 1.58214569e-01 1.60098076e-02 1.00000000e+00
35 P st 46 cl 0 sigma 0.17627  G -4.72784042e-02 1.49297714e-01 3.95894051e-02 1.00000000e+00
35 S st 11 cl 0 sigma 0.10762  G 2.52866745e-01 3.50117683e-02 1.17409229e-01 1.00000000e+00
35 S st 13 cl 1 sigma 0.13790  G 3.12447548e-02 2.60722637e-01 1.00791454e-01 1.00000000e+00
35 S st 21 cl 1 sigma 0.13790  G -5.96284866e-02 -2.68852711e-01 4.76121902e-02 1.00000000e+00
35 S st 25 cl 0 sigma 0.10762  G -1.72686577e-01 -1.87325478e-01 1.09243393e-01 1.00000000e+00
35 S st 31 cl 0 sigma 0.10762  G -2.33757496e-01 1.36959553e-01 6.76631927e-02 1.00000000e+00
35 S st 33 cl 1 sigma 0.13790  G 2.34842300e-01 1.47581100e-01 3.43322754e-02 1.00000000e+00
35 S st 36 cl 1 sigma 0.13790  G 1.76548958e-01 2.14362144e-01 3.05414200e-02 1.00000000e+00
35 S st 40 cl 1 sigma 0.13790  G 1.36637688e-01 2.42304802e-01 2.33411789e-02 1.00000000e+00
35 S st 42 cl 1 sigma 0.13790  G -4.78267670e-02 2.73680687e-01 2.77042389e-02 1.00000000e+00
# EVENT 36  nrows 19  ncols 4  params[x y z ot]  hypo 3.0016 -7.3004 -2.1176
36 P st 15 cl 0 sigma 0.17627  G 1.57397985e-01 -8.73923302e-02 -3.28415632e-01 1.00000000e+00
36 P st 16 cl 0 sigma 0.17627  G 1.98161602e-01 -5.10096550e-02 -2.02533603e-01 1.00000000e+00
36 P st 18 cl 0 sigma 0.17627  G -8.22544098e-04 -1.80029869e-01 -3.28409672e-01 1.00000000e+00
36 P st 19 cl 0 sigma 0.17627  G 1.59490108e-01 -8.35061073e-02 -3.28409672e-01 1.00000000e+00
36 P st 20 cl 0 sigma 0.17627  G 1.79988146e-01 -4.18424606e-03 -3.28421593e-01 1.00000000e+00
36 P st 31 cl 0 sigma 0.17627  G 2.92420387e-02 -1.77645683e-01 -3.28409672e-01 1.00000000e+00
36 P st 35 cl 0 sigma 0.17627  G -8.94188881e-02 -1.56259537e-01 -3.28427553e-01 1.00000000e+00
36 P st 37 cl 0 sigma 0.17627  G -5.66244125e-03 -2.01767683e-01 -2.57295370e-01 1.00000000e+00
36 P st 39 cl 0 sigma 0.17627  G -2.23147869e-01 -2.27689743e-03 -8.85605812e-02 1.00000000e+00
36 P st 40 cl 1 sigma 0.40238  G 1.79147720e-01 1.74999237e-02 -3.28433514e-01 1.00000000e+00
36 P st 42 cl 0 sigma 0.17627  G 1.75786018e-01 3.88801098e-02 -3.28415632e-01 1.00000000e+00
36 P st 43 cl 0 sigma 0.17627  G 1.46889687e-01 1.04093552e-01 -3.28421593e-01 1.00000000e+00
36 P st 45 cl 0 sigma 0.17627  G 6.80506229e-02 1.66678429e-01 -3.28415632e-01 1.00000000e+00
36 P st 47 cl 0 sigma 0.17627  G -2.24471092e-02 -1.78635120e-01 -3.28421593e-01 1.00000000e+00
36 S st 18 cl 0 sigma 0.10762  G -1.43051147e-03 -3.11446190e-01 -5.68151474e-01 1.00000000e+00
36 S st 20 cl 1 sigma 0.13790  G 3.11374664e-01 -7.22408295e-03 -5.68175316e-01 1.00000000e+00
36 S st 37 cl 1 sigma 0.13790  G -9.79900360e-03 -3.49044800e-01 -4.45115566e-01 1.00000000e+00
36 S st 42 cl 1 sigma 0.13790  G 3.04102898e-01 6.72578812e-02 -5.68175316e-01 1.00000000e+00
36 S st 45 cl 0 sigma 0.10762  G 1.17731094e-01 2.88367271e-01 -5.68163395e-01 1.00000000e+00
# EVENT 37  nrows 26  ncols 4  params[x y z ot]  hypo 1.0293 -4.0308 -0.5657
37 P st 11 cl 1 sigma 0.40238  G 1.23453140e-01 -1.11961365e-01 -2.39253044e-02 1.00000000e+00
37 P st 12 cl 1 sigma 0.40238  G 1.34849548e-01 -1.16920471e-01 1.68085098e-02 1.00000000e+00
37 P st 13 cl 0 sigma 0.17627  G 1.41483545e-01 -1.09034777e-01 2.24351883e-02 1.00000000e+00
37 P st 14 cl 0 sigma 0.17627  G 1.61382556e-01 -6.47664070e-02 4.27395105e-02 1.00000000e+00
37 P st 15 cl 0 sigma 0.17627  G 1.51818991e-01 6.03497028e-02 5.86688519e-02 1.00000000e+00
37 P st 16 cl 0 sigma 0.17627  G 4.27603722e-02 1.63105130e-01 5.52922487e-02 1.00000000e+00
37 P st 18 cl 0 sigma 0.17627  G -3.52025032e-02 -1.75011158e-01 1.72019005e-02 1.00000000e+00
37 P st 19 cl 0 sigma 0.17627  G 1.71804428e-01 -4.95433807e-02 1.84655190e-02 1.00000000e+00
37 P st 26 cl 0 sigma 0.17627  G -6.07371330e-02 -1.56044960e-01 -1.86443329e-02 1.00000000e+00
37 P st 30 cl 1 sigma 0.40238  G 1.59108639e-01 -7.46488571e-02 1.09195709e-02 1.00000000e+00
37 P st 31 cl 0 sigma 0.17627  G -1.14619732e-02 -1.77681446e-01 2.62796879e-02 1.00000000e+00
37 P st 32 cl 1 sigma 0.40238  G -1.52766705e-01 -9.29832458e-02 1.88946724e-02 1.00000000e+00
37 P st 34 cl 0 sigma 0.17627  G 1.69783831e-01 -5.53548336e-02 2.26438046e-02 1.00000000e+00
37 P st 35 cl 0 sigma 0.17627  G -1.55150890e-01 -8.65757465e-02 2.71856785e-02 1.00000000e+00
37 P st 36 cl 0 sigma 0.17627  G 1.67202950e-01 4.57763672e-03 -2.74062157e-02 1.00000000e+00
37 P st 37 cl 0 sigma 0.17627  G -1.61665678e-01 1.21057034e-02 7.11262226e-02 1.00000000e+00
37 P st 39 cl 0 sigma 0.17627  G -1.50376558e-01 9.49144363e-02 2.80678272e-02 1.00000000e+00
37 P st 40 cl 0 sigma 0.17627  G 1.54781342e-01 5.42402267e-02 -4.90546227e-02 1.00000000e+00
37 P st 42 cl 0 sigma 0.17627  G 1.00719929e-01 1.44839287e-01 3.17156315e-02 1.00000000e+00
37 P st 45 cl 0 sigma 0.17627  G 8.38041306e-03 1.78658962e-01 2.00867653e-02 1.00000000e+00
37 P st 47 cl 0 sigma 0.17627  G -9.50276852e-02 -1.49804354e-01 2.99096107e-02 1.00000000e+00
37 S st 15 cl 1 sigma 0.13790  G 2.62647867e-01 1.04403496e-01 1.01500750e-01 1.00000000e+00
37 S st 18 cl 0 sigma 0.10762  G -6.08921051e-02 -3.02779675e-01 2.97904015e-02 1.00000000e+00
37 S st 31 cl 0 sigma 0.10762  G -1.98245049e-02 -3.07393074e-01 4.54664230e-02 1.00000000e+00
37 S st 36 cl 1 sigma 0.13790  G 2.89273262e-01 7.91549683e-03 -4.74452972e-02 1.00000000e+00
37 S st 42 cl 1 sigma 0.13790  G 1.74236298e-01 2.50554085e-01 5.48601151e-02 1.00000000e+00
# EVENT 38  nrows 27  ncols 4  params[x y z ot]  hypo 0.1488 -3.7557 0.8048
38 P st 12 cl 1 sigma 0.40238  G 1.17242336e-01 -1.09827518e-01 1.41143799e-02 1.00000000e+00
38 P st 13 cl 0 sigma 0.17627  G 1.21444464e-01 -1.02955103e-01 2.27570534e-02 1.00000000e+00
38 P st 14 cl 0 sigma 0.17627  G 1.20240450e-01 -5.22077084e-02 9.65833664e-02 1.00000000e+00
38 P st 15 cl 0 sigma 0.17627  G 7.17282295e-02 6.04987144e-02 1.26346946e-01 1.00000000e+00
38 P st 16 cl 0 sigma 0.17627  G -9.19401646e-03 1.30116940e-01 8.62181187e-02 1.00000000e+00
38 P st 18 cl 0 sigma 0.17627  G -4.56571579e-02 -1.54113770e-01 1.31249428e-02 1.00000000e+00
38 P st 19 cl 0 sigma 0.17627  G 1.54179335e-01 -4.40895557e-02 1.55448914e-02 1.00000000e+00
38 P st 20 cl 0 sigma 0.17627  G 1.11365318e-01 1.05804205e-01 4.13000584e-02 1.00000000e+00
38 P st 22 cl 1 sigma 0.40238  G -1.00493431e-02 -1.60706043e-01 8.51154327e-03 1.00000000e+00
38 P st 28 cl 1 sigma 0.40238  G 1.88231468e-02 -1.59239769e-01 1.66714191e-02 1.00000000e+00
38 P st 29 cl 1 sigma 0.40238  G -9.51766968e-02 -1.29187107e-01 1.55448914e-02 1.00000000e+00
38 P st 31 cl 0 sigma 0.17627  G -3.32951546e-02 -1.55091286e-01 2.74717808e-02 1.00000000e+00
38 P st 34 cl 0 sigma 0.17627  G 1.51181221e-01 -4.95553017e-02 2.35617161e-02 1.00000000e+00
38 P st 37 cl 0 sigma 0.17627  G -1.28197670e-01 1.87158585e-02 8.31186771e-02 1.00000000e+00
38 P st 38 cl 0 sigma 0.17627  G 1.56867504e-01 3.49164009e-02 1.30176544e-02 1.00000000e+00
38 P st 39 cl 0 sigma 0.17627  G -1.37192011e-01 8.01742077e-02 2.36749649e-02 1.00000000e+00
38 P st 40 cl 0 sigma 0.17627  G 1.49667263e-01 5.92589378e-02 9.93013382e-03 1.00000000e+00
38 P st 43 cl 1 sigma 0.40238  G 3.89575958e-02 1.54137611e-01 2.37524509e-02 1.00000000e+00
38 S st 13 cl 1 sigma 0.13790  G 2.10106373e-01 -1.78122520e-01 3.93629074e-02 1.00000000e+00
38 S st 16 cl 1 sigma 0.13790  G -1.59025192e-02 2.25102901e-01 1.49154663e-01 1.00000000e+00
38 S st 18 cl 0 sigma 0.10762  G -7.89880753e-02 -2.66599655e-01 2.26974487e-02 1.00000000e+00
38 S st 19 cl 1 sigma 0.13790  G 2.66754627e-01 -7.62581825e-02 2.69055367e-02 1.00000000e+00
38 S st 20 cl 1 sigma 0.13790  G 1.92666054e-01 1.83045864e-01 7.14421272e-02 1.00000000e+00
38 S st 37 cl 1 sigma 0.13790  G -2.21776962e-01 3.23891640e-02 1.43802166e-01 1.00000000e+00
38 S st 38 cl 1 sigma 0.13790  G 2.71368027e-01 6.03914261e-02 2.25663185e-02 1.00000000e+00
38 S st 39 cl 1 sigma 0.13790  G -2.37345695e-01 1.38711929e-01 4.09603119e-02 1.00000000e+00
38 S st 40 cl 1 sigma 0.13790  G 2.58898735e-01 1.02543831e-01 1.72138214e-02 1.00000000e+00
# EVENT 39  nrows 30  ncols 4  params[x y z ot]  hypo 0.4162 -3.5207 0.9674
39 P st 13 cl 0 sigma 0.17627  G 1.25795603e-01 -9.60767269e-02 2.24113464e-02 1.00000000e+00
39 P st 14 cl 0 sigma 0.17627  G 1.19140744e-01 -3.59296799e-02 8.96155834e-02 1.00000000e+00
39 P st 15 cl 0 sigma 0.17627  G 8.12262297e-02 6.89744949e-02 1.13683939e-01 1.00000000e+00
39 P st 16 cl 0 sigma 0.17627  G 2.87890434e-03 1.36688352e-01 7.80522823e-02 1.00000000e+00
39 P st 18 cl 0 sigma 0.17627  G -4.26292419e-02 -1.54590607e-01 1.35540962e-02 1.00000000e+00
39 P st 19 cl 0 sigma 0.17627  G 1.55359507e-01 -3.89873981e-02 1.51276588e-02 1.00000000e+00
39 P st 20 cl 0 sigma 0.17627  G 1.11949444e-01 1.05810165e-01 3.67999077e-02 1.00000000e+00
39 P st 21 cl 1 sigma 0.40238  G 2.65479088e-02 -1.58762932e-01 7.72476196e-03 1.00000000e+00
39 P st 22 cl 0 sigma 0.17627  G -7.55786896e-03 -1.60777569e-01 8.65459442e-03 1.00000000e+00
39 P st 28 cl 0 sigma 0.17627  G 2.43186951e-02 -1.57785416e-01 1.72853470e-02 1.00000000e+00
39 P st 30 cl 0 sigma 0.17627  G 1.46615505e-01 -6.54935837e-02 1.25169754e-02 1.00000000e+00
39 P st 31 cl 0 sigma 0.17627  G -2.72333622e-02 -1.53899193e-01 2.97784805e-02 1.00000000e+00
39 P st 34 cl 0 sigma 0.17627  G 1.52879953e-01 -4.28199768e-02 2.24649906e-02 1.00000000e+00
39 P st 35 cl 0 sigma 0.17627  G -1.45208836e-01 -6.12616539e-02 2.56776810e-02 1.00000000e+00
39 P st 36 cl 0 sigma 0.17627  G 1.60455704e-01 1.08003616e-02 1.04069710e-02 1.00000000e+00
39 P st 37 cl 0 sigma 0.17627  G -1.19161606e-01 2.96175480e-02 9.21666622e-02 1.00000000e+00
39 P st 38 cl 0 sigma 0.17627  G 1.56176090e-01 3.73721123e-02 1.26481056e-02 1.00000000e+00
39 P st 39 cl 0 sigma 0.17627  G -1.32209063e-01 8.62717628e-02 2.43365765e-02 1.00000000e+00
39 P st 40 cl 0 sigma 0.17627  G 1.49083138e-01 6.04987144e-02 9.71555710e-03 1.00000000e+00
39 P st 45 cl 0 sigma 0.17627  G -3.05175781e-03 1.60288811e-01 1.43408775e-02 1.00000000e+00
39 P st 47 cl 0 sigma 0.17627  G -1.01035833e-01 -1.17617846e-01 3.49104404e-02 1.00000000e+00
39 S st 13 cl 1 sigma 0.13790  G 2.17628479e-01 -1.66225433e-01 3.87668610e-02 1.00000000e+00
39 S st 15 cl 1 sigma 0.13790  G 1.40523911e-01 1.19322538e-01 1.96671486e-01 1.00000000e+00
39 S st 18 cl 0 sigma 0.10762  G -7.37428665e-02 -2.67469883e-01 2.34365463e-02 1.00000000e+00
39 S st 19 cl 1 sigma 0.13790  G 2.68745422e-01 -6.74366951e-02 2.61664391e-02 1.00000000e+00
39 S st 30 cl 1 sigma 0.13790  G 2.53629684e-01 -1.13296509e-01 2.16484070e-02 1.00000000e+00
39 S st 31 cl 0 sigma 0.10762  G -4.71115112e-02 -2.66253948e-01 5.15222549e-02 1.00000000e+00
39 S st 36 cl 1 sigma 0.13790  G 2.77590752e-01 1.86920166e-02 1.80006027e-02 1.00000000e+00
39 S st 38 cl 0 sigma 0.10762  G 2.70152092e-01 6.46591187e-02 2.18629837e-02 1.00000000e+00
39 S st 40 cl 0 sigma 0.10762  G 2.57897377e-01 1.04641914e-01 1.68323517e-02 1.00000000e+00
# EVENT 40  nrows 26  ncols 4  params[x y z ot]  hypo 0.0722 -4.4427 2.4084
40 P st 12 cl 0 sigma 0.17627  G 1.07061863e-01 -1.12044811e-01 4.35590744e-02 1.00000000e+00
40 P st 13 cl 0 sigma 0.17627  G 1.04582310e-01 -1.03920698e-01 6.20007515e-02 1.00000000e+00
40 P st 14 cl 0 sigma 0.17627  G 7.37667084e-02 -5.50866127e-02 1.27106905e-01 1.00000000e+00
40 P st 15 cl 0 sigma 0.17627  G 4.65393066e-02 1.73926353e-02 1.49044394e-01 1.00000000e+00
40 P st 16 cl 0 sigma 0.17627  G -1.00731850e-02 7.85648823e-02 1.38247013e-01 1.00000000e+00
40 P st 18 cl 0 sigma 0.17627  G -4.25815582e-02 -1.49822235e-01 3.94701958e-02 1.00000000e+00
40 P st 19 cl 0 sigma 0.17627  G 1.43754482e-01 -5.30123711e-02 4.91380692e-02 1.00000000e+00
40 P st 20 cl 0 sigma 0.17627  G 9.43303108e-02 7.30514526e-02 1.01530552e-01 1.00000000e+00
40 P st 25 cl 1 sigma 0.40238  G 1.42097473e-02 -1.57475471e-01 3.04818153e-02 1.00000000e+00
40 P st 31 cl 0 sigma 0.17627  G -2.90095806e-02 -1.42163038e-01 6.64174557e-02 1.00000000e+00
40 P st 34 cl 0 sigma 0.17627  G 1.34569407e-01 -5.90384007e-02 6.54101372e-02 1.00000000e+00
40 P st 35 cl 1 sigma 0.40238  G -1.29622221e-01 -7.01189041e-02 6.32107258e-02 1.00000000e+00
40 P st 37 cl 0 sigma 0.17627  G -1.01876259e-01 -8.69631767e-03 1.25181675e-01 1.00000000e+00
40 P st 38 cl 0 sigma 0.17627  G 1.53005123e-01 2.39729881e-02 4.32014465e-02 1.00000000e+00
40 P st 39 cl 0 sigma 0.17627  G -1.30403042e-01 6.05225563e-02 6.99996948e-02 1.00000000e+00
40 P st 40 cl 0 sigma 0.17627  G 1.49250031e-01 5.14030457e-02 3.11851501e-02 1.00000000e+00
40 P st 47 cl 1 sigma 0.40238  G -8.61167908e-02 -1.11711025e-01 7.23719597e-02 1.00000000e+00
40 S st 16 cl 1 sigma 0.13790  G -1.74283981e-02 1.35916471e-01 2.39181519e-01 1.00000000e+00
40 S st 18 cl 0 sigma 0.10762  G -7.36594200e-02 -2.59208679e-01 6.82711601e-02 1.00000000e+00
40 S st 19 cl 1 sigma 0.13790  G 2.48670578e-01 -9.17196274e-02 8.50081444e-02 1.00000000e+00
40 S st 20 cl 1 sigma 0.13790  G 1.63173676e-01 1.26409531e-01 1.75642967e-01 1.00000000e+00
40 S st 31 cl 1 sigma 0.13790  G -5.01871109e-02 -2.45940685e-01 1.14905834e-01 1.00000000e+00
40 S st 37 cl 1 sigma 0.13790  G -1.76227093e-01 -1.50442123e-02 2.16567516e-01 1.00000000e+00
40 S st 38 cl 0 sigma 0.10762  G 2.64668465e-01 4.14609909e-02 7.47561455e-02 1.00000000e+00
40 S st 40 cl 0 sigma 0.10762  G 2.58207321e-01 8.89778137e-02 5.39302826e-02 1.00000000e+00
40 S st 47 cl 1 sigma 0.13790  G -1.48987770e-01 -1.93262100e-01 1.25193596e-01 1.00000000e+00
# EVENT 41  nrows 31  ncols 4  params[x y z ot]  hypo -2.8566 -7.6256 0.9088
41 P st 11 cl 1 sigma 0.40238  G 7.01069832e-02 -1.44827366e-01 9.72747803e-03 1.00000000e+00
41 P st 13 cl 0 sigma 0.17627  G 4.14371490e-02 -1.54697895e-01 1.61230564e-02 1.00000000e+00
41 P st 15 cl 0 sigma 0.17627  G -7.11858273e-02 -1.19310617e-01 7.61687756e-02 1.00000000e+00
41 P st 16 cl 0 sigma 0.17627  G -1.32024288e-01 -4.14729118e-02 7.05242157e-02 1.00000000e+00
41 P st 18 cl 0 sigma 0.17627  G -6.38127327e-02 -1.47736073e-01 9.20295715e-03 1.00000000e+00
41 P st 20 cl 0 sigma 0.17627  G 3.85522842e-02 -3.21865082e-02 1.52230263e-01 1.00000000e+00
41 P st 21 cl 0 sigma 0.17627  G -2.12192535e-03 -1.61051750e-01 6.48498535e-03 1.00000000e+00
41 P st 22 cl 0 sigma 0.17627  G -3.14354897e-02 -1.57940388e-01 6.90221786e-03 1.00000000e+00
41 P st 25 cl 0 sigma 0.17627  G -1.59978867e-02 -1.60205364e-01 8.23736191e-03 1.00000000e+00
41 P st 28 cl 1 sigma 0.40238  G -2.58326530e-02 -1.58727169e-01 1.08718872e-02 1.00000000e+00
41 P st 30 cl 1 sigma 0.40238  G 9.89317894e-02 -1.26552582e-01 1.25646591e-02 1.00000000e+00
41 P st 31 cl 0 sigma 0.17627  G -6.41345978e-02 -1.47306919e-01 1.24216080e-02 1.00000000e+00
41 P st 33 cl 1 sigma 0.40238  G 1.36446953e-01 -8.52346420e-02 1.00731850e-02 1.00000000e+00
41 P st 34 cl 0 sigma 0.17627  G 7.96973705e-02 -1.36953592e-01 2.29299068e-02 1.00000000e+00
41 P st 36 cl 0 sigma 0.17627  G 1.52742863e-01 -4.93884087e-02 1.31726265e-02 1.00000000e+00
41 P st 37 cl 0 sigma 0.17627  G -1.37221813e-01 -7.93993473e-02 2.30491161e-02 1.00000000e+00
41 P st 40 cl 0 sigma 0.17627  G 1.59239769e-01 1.95741653e-02 1.38163567e-02 1.00000000e+00
41 P st 42 cl 0 sigma 0.17627  G -4.95374203e-02 4.62293625e-02 1.45834684e-01 1.00000000e+00
41 P st 43 cl 0 sigma 0.17627  G -5.40018082e-02 1.21980906e-01 8.36789608e-02 1.00000000e+00
41 P st 46 cl 0 sigma 0.17627  G -9.87648964e-03 -1.58327818e-01 2.27570534e-02 1.00000000e+00
41 P st 47 cl 0 sigma 0.17627  G -1.02472305e-01 -1.23715401e-01 1.26600266e-02 1.00000000e+00
41 S st 13 cl 1 sigma 0.13790  G 7.16924667e-02 -2.67624855e-01 2.79068947e-02 1.00000000e+00
41 S st 18 cl 0 sigma 0.10762  G -1.10387802e-01 -2.55584717e-01 1.59502029e-02 1.00000000e+00
41 S st 21 cl 1 sigma 0.13790  G -3.67164612e-03 -2.78592110e-01 1.12295151e-02 1.00000000e+00
41 S st 25 cl 1 sigma 0.13790  G -2.76565552e-02 -2.77113914e-01 1.42812729e-02 1.00000000e+00
41 S st 30 cl 1 sigma 0.13790  G 1.71160698e-01 -2.18915939e-01 2.17437744e-02 1.00000000e+00
41 S st 31 cl 1 sigma 0.13790  G -1.10971928e-01 -2.54869461e-01 2.14815140e-02 1.00000000e+00
41 S st 36 cl 1 sigma 0.13790  G 2.64239311e-01 -8.54611397e-02 2.27808952e-02 1.00000000e+00
41 S st 40 cl 0 sigma 0.10762  G 2.75504589e-01 3.38554382e-02 2.38776207e-02 1.00000000e+00
41 S st 42 cl 1 sigma 0.13790  G -8.56995583e-02 7.99715519e-02 2.52300501e-01 1.00000000e+00
41 S st 47 cl 1 sigma 0.13790  G -1.77299976e-01 -2.14040279e-01 2.19106674e-02 1.00000000e+00
# EVENT 42  nrows 31  ncols 4  params[x y z ot]  hypo 0.6121 -4.0187 1.6042
42 P st 11 cl 0 sigma 0.17627  G 1.16181374e-01 -1.09791756e-01 2.46524811e-02 1.00000000e+00
42 P st 12 cl 0 sigma 0.17627  G 1.17123127e-01 -1.07038021e-01 3.37481499e-02 1.00000000e+00
42 P st 13 cl 0 sigma 0.17627  G 1.19155645e-01 -9.83059406e-02 4.92751598e-02 1.00000000e+00
42 P st 14 cl 0 sigma 0.17627  G 1.07854605e-01 -4.91738319e-02 1.14309788e-01 1.00000000e+00
42 P st 15 cl 0 sigma 0.17627  G 8.35686922e-02 4.11897898e-02 1.34235620e-01 1.00000000e+00
42 P st 16 cl 0 sigma 0.17627  G 1.06036663e-02 1.05533004e-01 1.24797225e-01 1.00000000e+00
42 P st 18 cl 0 sigma 0.17627  G -3.74078751e-02 -1.54161453e-01 3.27110291e-02 1.00000000e+00
42 P st 19 cl 0 sigma 0.17627  G 1.51216984e-01 -4.53710556e-02 3.69071960e-02 1.00000000e+00
42 P st 20 cl 0 sigma 0.17627  G 1.14822388e-01 8.90851021e-02 7.64310360e-02 1.00000000e+00
42 P st 22 cl 0 sigma 0.17627  G -5.42402267e-03 -1.60288811e-01 1.90496445e-02 1.00000000e+00
42 P st 30 cl 0 sigma 0.17627  G 1.43051147e-01 -6.96897507e-02 3.01361084e-02 1.00000000e+00
42 P st 31 cl 0 sigma 0.17627  G -1.97172165e-02 -1.50042772e-01 5.94377518e-02 1.00000000e+00
42 P st 34 cl 0 sigma 0.17627  G 1.45798922e-01 -5.01155853e-02 5.03957272e-02 1.00000000e+00
42 P st 35 cl 0 sigma 0.17627  G -1.34748220e-01 -6.97553158e-02 5.78761101e-02 1.00000000e+00
42 P st 36 cl 0 sigma 0.17627  G 1.59752369e-01 4.64916229e-03 2.45571136e-02 1.00000000e+00
42 P st 37 cl 0 sigma 0.17627  G -9.18447971e-02 6.16908073e-03 1.27649307e-01 1.00000000e+00
42 P st 39 cl 0 sigma 0.17627  G -1.29628181e-01 7.59541988e-02 6.07192516e-02 1.00000000e+00
42 P st 40 cl 0 sigma 0.17627  G 1.50477886e-01 5.45263290e-02 2.28404999e-02 1.00000000e+00
42 P st 41 cl 0 sigma 0.17627  G 1.31797791e-01 8.85725021e-02 3.19480896e-02 1.00000000e+00
42 P st 42 cl 0 sigma 0.17627  G 7.39991665e-02 1.23643875e-01 7.87794590e-02 1.00000000e+00
42 P st 43 cl 0 sigma 0.17627  G 4.82022762e-02 1.44201517e-01 5.65528870e-02 1.00000000e+00
42 P st 47 cl 0 sigma 0.17627  G -8.69154930e-02 -1.19853020e-01 6.79433346e-02 1.00000000e+00
42 S st 11 cl 0 sigma 0.10762  G 2.00986862e-01 -1.89924240e-01 4.26530838e-02 1.00000000e+00
42 S st 12 cl 1 sigma 0.13790  G 2.02620029e-01 -1.85167789e-01 5.83887100e-02 1.00000000e+00
42 S st 13 cl 1 sigma 0.13790  G 2.06136703e-01 -1.70063972e-01 8.52227211e-02 1.00000000e+00
42 S st 18 cl 0 sigma 0.10762  G -6.47068024e-02 -2.66706944e-01 5.66005707e-02 1.00000000e+00
42 S st 30 cl 1 sigma 0.13790  G 2.47478485e-01 -1.20568275e-01 5.20944595e-02 1.00000000e+00
42 S st 31 cl 0 sigma 0.10762  G -3.41176987e-02 -2.59602070e-01 1.02829933e-01 1.00000000e+00
42 S st 34 cl 1 sigma 0.13790  G 2.52223015e-01 -8.67009163e-02 8.71777534e-02 1.00000000e+00
42 S st 40 cl 0 sigma 0.10762  G 2.60329247e-01 9.43660736e-02 3.95298004e-02 1.00000000e+00
42 S st 43 cl 1 sigma 0.13790  G 8.33868980e-02 2.49469280e-01 9.78350639e-02 1.00000000e+00
# EVENT 43  nrows 39  ncols 4  params[x y z ot]  hypo 2.6993 -2.3118 -0.0803
43 P st 12 cl 0 sigma 0.17627  G 1.46651268e-01 -7.84397125e-02 -2.01106071e-02 1.00000000e+00
43 P st 13 cl 0 sigma 0.17627  G 1.62744522e-01 -6.25312328e-02 2.88784504e-02 1.00000000e+00
43 P st 14 cl 0 sigma 0.17627  G 1.71047449e-01 1.42335892e-02 5.28752804e-02 1.00000000e+00
43 P st 15 cl 0 sigma 0.17627  G 1.42979622e-01 9.50098038e-02 5.47409058e-02 1.00000000e+00
43 P st 16 cl 0 sigma 0.17627  G 8.21292400e-02 1.50609016e-01 5.35666943e-02 1.00000000e+00
43 P st 18 cl 0 sigma 0.17627  G -7.55786896e-03 -1.74319744e-01 2.89678574e-02 1.00000000e+00
43 P st 19 cl 0 sigma 0.17627  G 1.64711475e-01 -1.50918961e-02 -2.77400017e-02 1.00000000e+00
43 P st 20 cl 0 sigma 0.17627  G 1.37645006e-01 1.08760595e-01 3.49104404e-02 1.00000000e+00
43 P st 22 cl 1 sigma 0.40238  G 1.63435936e-02 -1.60479546e-01 -7.83562660e-02 1.00000000e+00
43 P st 23 cl 1 sigma 0.40238  G 1.29437447e-01 -9.60588455e-02 -8.01563263e-02 1.00000000e+00
43 P st 25 cl 0 sigma 0.17627  G 5.17606735e-02 -1.55234337e-01 -5.11407852e-02 1.00000000e+00
43 P st 26 cl 0 sigma 0.17627  G -4.73022461e-02 -1.59001350e-01 -2.60949135e-02 1.00000000e+00
43 P st 28 cl 1 sigma 0.40238  G 7.92086124e-02 -1.56509876e-01 3.44455242e-02 1.00000000e+00
43 P st 29 cl 0 sigma 0.17627  G -7.66694546e-02 -1.57815218e-01 4.35769558e-02 1.00000000e+00
43 P st 30 cl 0 sigma 0.17627  G 1.57594681e-01 -4.17232513e-02 -5.83291054e-02 1.00000000e+00
43 P st 31 cl 0 sigma 0.17627  G 4.61339951e-02 -1.65337324e-01 5.51402569e-02 1.00000000e+00
43 P st 35 cl 0 sigma 0.17627  G -1.57755613e-01 -5.67972660e-02 6.59942627e-02 1.00000000e+00
43 P st 36 cl 0 sigma 0.17627  G 1.59800053e-01 2.16364861e-02 -7.91549683e-02 1.00000000e+00
43 P st 37 cl 0 sigma 0.17627  G -2.59220600e-02 1.24603510e-01 1.12253428e-01 1.00000000e+00
43 P st 38 cl 0 sigma 0.17627  G 1.55925751e-01 4.53948975e-02 -6.80565834e-02 1.00000000e+00
43 P st 39 cl 0 sigma 0.17627  G -1.00135803e-01 1.43426657e-01 4.67538834e-02 1.00000000e+00
43 P st 40 cl 0 sigma 0.17627  G 1.48367882e-01 6.29425049e-02 -7.99179077e-02 1.00000000e+00
43 P st 43 cl 0 sigma 0.17627  G 7.93457031e-02 1.52993202e-01 2.09450722e-02 1.00000000e+00
43 P st 46 cl 0 sigma 0.17627  G 1.66153908e-01 -4.94897366e-02 4.95612621e-02 1.00000000e+00
43 P st 47 cl 0 sigma 0.17627  G -6.49631023e-02 -1.48004293e-01 7.87794590e-02 1.00000000e+00
43 S st 12 cl 1 sigma 0.13790  G 2.53701210e-01 -1.35695934e-01 -3.47852707e-02 1.00000000e+00
43 S st 13 cl 1 sigma 0.13790  G 2.81560421e-01 -1.08194351e-01 4.99606133e-02 1.00000000e+00
43 S st 16 cl 1 sigma 0.13790  G 1.42085552e-01 2.60567665e-01 9.26733017e-02 1.00000000e+00
43 S st 18 cl 0 sigma 0.10762  G -1.30653381e-02 -3.01587582e-01 5.01155853e-02 1.00000000e+00
43 S st 19 cl 1 sigma 0.13790  G 2.84981728e-01 -2.61306763e-02 -4.79698181e-02 1.00000000e+00
43 S st 20 cl 1 sigma 0.13790  G 2.38108635e-01 1.88136101e-01 6.04152679e-02 1.00000000e+00
43 S st 25 cl 1 sigma 0.13790  G 8.95500183e-02 -2.68554688e-01 -8.85009766e-02 1.00000000e+00
43 S st 30 cl 1 sigma 0.13790  G 2.72607803e-01 -7.21931458e-02 -1.00898743e-01 1.00000000e+00
43 S st 31 cl 1 sigma 0.13790  G 7.98225403e-02 -2.86030769e-01 9.53793526e-02 1.00000000e+00
43 S st 36 cl 1 sigma 0.13790  G 2.76494026e-01 3.74317169e-02 -1.36899948e-01 1.00000000e+00
43 S st 37 cl 1 sigma 0.13790  G -4.48346138e-02 2.15566158e-01 1.94203854e-01 1.00000000e+00
43 S st 39 cl 1 sigma 0.13790  G -1.73234940e-01 2.48146057e-01 8.08715820e-02 1.00000000e+00
43 S st 40 cl 0 sigma 0.10762  G 2.56681442e-01 1.08933449e-01 -1.38306618e-01 1.00000000e+00
43 S st 47 cl 0 sigma 0.10762  G -1.12372637e-01 -2.56049633e-01 1.36280060e-01 1.00000000e+00
# EVENT 44  nrows 51  ncols 4  params[x y z ot]  hypo 0.7258 -2.3481 2.2496
44 P st 10 cl 0 sigma 0.17627  G 1.22237206e-01 -1.01816654e-01 2.68220901e-02 1.00000000e+00
44 P st 11 cl 0 sigma 0.17627  G 1.25432014e-01 -9.55939293e-02 3.49044800e-02 1.00000000e+00
44 P st 12 cl 0 sigma 0.17627  G 1.27702951e-01 -8.67366791e-02 4.83095646e-02 1.00000000e+00
44 P st 13 cl 0 sigma 0.17627  G 1.30116940e-01 -6.78122044e-02 6.90877438e-02 1.00000000e+00
44 P st 14 cl 0 sigma 0.17627  G 9.39428806e-02 1.18732452e-02 1.25360489e-01 1.00000000e+00
44 P st 15 cl 0 sigma 0.17627  G 6.42716885e-02 8.41140747e-02 1.20508671e-01 1.00000000e+00
44 P st 16 cl 0 sigma 0.17627  G 1.08003616e-02 1.23041868e-01 1.02567673e-01 1.00000000e+00
44 P st 18 cl 0 sigma 0.17627  G -4.09603119e-02 -1.47694349e-01 5.10454178e-02 1.00000000e+00
44 P st 19 cl 0 sigma 0.17627  G 1.53136253e-01 -1.76310539e-02 4.82439995e-02 1.00000000e+00
44 P st 20 cl 0 sigma 0.17627  G 9.37163830e-02 1.08438730e-01 7.27713108e-02 1.00000000e+00
44 P st 21 cl 0 sigma 0.17627  G 3.09228897e-02 -1.56545639e-01 2.36511230e-02 1.00000000e+00
44 P st 22 cl 0 sigma 0.17627  G -4.76837158e-03 -1.58977509e-01 2.77042389e-02 1.00000000e+00
44 P st 23 cl 0 sigma 0.17627  G 1.22451782e-01 -1.03044510e-01 2.01582909e-02 1.00000000e+00
44 P st 25 cl 0 sigma 0.17627  G 2.52723694e-02 -1.55258179e-01 3.65853310e-02 1.00000000e+00
44 P st 26 cl 0 sigma 0.17627  G -6.78062439e-02 -1.42228603e-01 3.59773636e-02 1.00000000e+00
44 P st 28 cl 0 sigma 0.17627  G 3.23832035e-02 -1.44821405e-01 6.34849072e-02 1.00000000e+00
44 P st 29 cl 0 sigma 0.17627  G -9.44972038e-02 -1.16103888e-01 6.07490540e-02 1.00000000e+00
44 P st 30 cl 0 sigma 0.17627  G 1.48856640e-01 -4.75049019e-02 4.09364700e-02 1.00000000e+00
44 P st 31 cl 0 sigma 0.17627  G -1.99973583e-02 -1.29336119e-01 9.58621502e-02 1.00000000e+00
44 P st 33 cl 0 sigma 0.17627  G 1.57916546e-01 -1.96576118e-02 2.70962715e-02 1.00000000e+00
44 P st 34 cl 0 sigma 0.17627  G 1.47658587e-01 -1.50799751e-02 6.44743443e-02 1.00000000e+00
44 P st 35 cl 0 sigma 0.17627  G -1.37639046e-01 -3.39508057e-02 7.83264637e-02 1.00000000e+00
44 P st 36 cl 0 sigma 0.17627  G 1.56652927e-01 2.38776207e-02 3.10301781e-02 1.00000000e+00
44 P st 37 cl 0 sigma 0.17627  G -7.46726990e-02 5.76078892e-02 1.25765800e-01 1.00000000e+00
44 P st 38 cl 0 sigma 0.17627  G 1.48415565e-01 5.05924225e-02 3.81588936e-02 1.00000000e+00
44 P st 39 cl 0 sigma 0.17627  G -1.09601021e-01 9.92417336e-02 6.36994839e-02 1.00000000e+00
44 P st 40 cl 0 sigma 0.17627  G 1.43063068e-01 6.92486763e-02 2.78115273e-02 1.00000000e+00
44 P st 41 cl 0 sigma 0.17627  G 1.19948387e-01 1.01566315e-01 3.65138054e-02 1.00000000e+00
44 P st 42 cl 1 sigma 0.40238  G 5.98430634e-02 1.32316351e-01 7.11739063e-02 1.00000000e+00
44 P st 43 cl 0 sigma 0.17627  G 4.11629677e-02 1.46710873e-01 5.42998314e-02 1.00000000e+00
44 P st 46 cl 0 sigma 0.17627  G 1.03402138e-01 -5.12540340e-02 1.16026402e-01 1.00000000e+00
44 P st 47 cl 0 sigma 0.17627  G -8.95678997e-02 -8.21053982e-02 1.02102757e-01 1.00000000e+00
44 S st 10 cl 0 sigma 0.10762  G 2.11501122e-01 -1.76119804e-01 4.64200974e-02 1.00000000e+00
44 S st 11 cl 1 sigma 0.13790  G 2.16984749e-01 -1.65343285e-01 6.03914261e-02 1.00000000e+00
44 S st 12 cl 1 sigma 0.13790  G 2.20930576e-01 -1.50060654e-01 8.35657120e-02 1.00000000e+00
44 S st 16 cl 0 sigma 0.10762  G 1.86920166e-02 2.12860107e-01 1.77431107e-01 1.00000000e+00
44 S st 18 cl 0 sigma 0.10762  G -7.08460808e-02 -2.55513191e-01 8.82863998e-02 1.00000000e+00
44 S st 19 cl 1 sigma 0.13790  G 2.64930725e-01 -3.05056572e-02 8.34584236e-02 1.00000000e+00
44 S st 26 cl 1 sigma 0.13790  G -1.17301941e-01 -2.46024132e-01 6.22272491e-02 1.00000000e+00
44 S st 30 cl 1 sigma 0.13790  G 2.57539749e-01 -8.22067261e-02 7.08341599e-02 1.00000000e+00
44 S st 31 cl 1 sigma 0.13790  G -3.45945358e-02 -2.23743916e-01 1.65855885e-01 1.00000000e+00
44 S st 33 cl 1 sigma 0.13790  G 2.73180008e-01 -3.40223312e-02 4.68730927e-02 1.00000000e+00
44 S st 34 cl 0 sigma 0.10762  G 2.55477428e-01 -2.60829926e-02 1.11532211e-01 1.00000000e+00
44 S st 35 cl 0 sigma 0.10762  G -2.38120556e-01 -5.87582588e-02 1.35517120e-01 1.00000000e+00
44 S st 36 cl 1 sigma 0.13790  G 2.71010399e-01 4.12940979e-02 5.37157059e-02 1.00000000e+00
44 S st 37 cl 1 sigma 0.13790  G -1.29175186e-01 9.96470451e-02 2.17592716e-01 1.00000000e+00
44 S st 38 cl 1 sigma 0.13790  G 2.56776810e-01 8.75234604e-02 6.60181046e-02 1.00000000e+00
44 S st 40 cl 1 sigma 0.13790  G 2.47526169e-01 1.19805336e-01 4.81367111e-02 1.00000000e+00
44 S st 41 cl 0 sigma 0.10762  G 2.07519531e-01 1.75714493e-01 6.31809235e-02 1.00000000e+00
44 S st 43 cl 1 sigma 0.13790  G 7.12156296e-02 2.53784657e-01 9.39249992e-02 1.00000000e+00
44 S st 47 cl 1 sigma 0.13790  G -1.54948235e-01 -1.42037868e-01 1.76632404e-01 1.00000000e+00
# EVENT 45  nrows 23  ncols 4  params[x y z ot]  hypo 0.7812 -4.1014 1.8621
45 P st 12 cl 0 sigma 0.17627  G 1.16920471e-01 -1.05750561e-01 3.30448151e-02 1.00000000e+00
45 P st 13 cl 0 sigma 0.17627  G 1.19137764e-01 -9.71376896e-02 4.78088856e-02 1.00000000e+00
45 P st 14 cl 0 sigma 0.17627  G 1.02746487e-01 -4.70340252e-02 1.10274553e-01 1.00000000e+00
45 P st 15 cl 0 sigma 0.17627  G 8.18341970e-02 3.36587429e-02 1.32051110e-01 1.00000000e+00
45 P st 16 cl 0 sigma 0.17627  G 1.70290470e-02 9.96589661e-02 1.25932693e-01 1.00000000e+00
45 P st 18 cl 0 sigma 0.17627  G -3.44514847e-02 -1.53791904e-01 3.25441360e-02 1.00000000e+00
45 P st 19 cl 0 sigma 0.17627  G 1.50239468e-01 -4.56213951e-02 3.60608101e-02 1.00000000e+00
45 P st 20 cl 0 sigma 0.17627  G 1.14613771e-01 8.31007957e-02 7.51733780e-02 1.00000000e+00
45 P st 22 cl 0 sigma 0.17627  G -3.76701355e-03 -1.60050392e-01 1.89304352e-02 1.00000000e+00
45 P st 30 cl 1 sigma 0.40238  G 1.42276287e-01 -6.93202019e-02 2.94923782e-02 1.00000000e+00
45 P st 31 cl 0 sigma 0.17627  G -1.52170658e-02 -1.47730112e-01 5.87522984e-02 1.00000000e+00
45 P st 37 cl 0 sigma 0.17627  G -8.74042511e-02 3.17096710e-03 1.30724907e-01 1.00000000e+00
45 P st 38 cl 0 sigma 0.17627  G 1.55830383e-01 2.77161598e-02 3.09467316e-02 1.00000000e+00
45 P st 39 cl 1 sigma 0.40238  G -1.26868486e-01 7.47084618e-02 6.29127026e-02 1.00000000e+00
45 P st 40 cl 0 sigma 0.17627  G 1.50537491e-01 5.29408455e-02 2.25901604e-02 1.00000000e+00
45 S st 13 cl 1 sigma 0.13790  G 2.06100941e-01 -1.68049335e-01 8.27074051e-02 1.00000000e+00
45 S st 16 cl 1 sigma 0.13790  G 2.94744968e-02 1.72412395e-01 2.17860937e-01 1.00000000e+00
45 S st 18 cl 0 sigma 0.10762  G -5.96165657e-02 -2.66087055e-01 5.63025475e-02 1.00000000e+00
45 S st 30 cl 1 sigma 0.13790  G 2.46119499e-01 -1.19900703e-01 5.10215759e-02 1.00000000e+00
45 S st 31 cl 1 sigma 0.13790  G -2.63214111e-02 -2.55584717e-01 1.01637840e-01 1.00000000e+00
45 S st 37 cl 0 sigma 0.10762  G -1.51205063e-01 5.48362732e-03 2.26151943e-01 1.00000000e+00
45 S st 38 cl 1 sigma 0.13790  G 2.69579887e-01 4.79459763e-02 5.35488129e-02 1.00000000e+00
45 S st 39 cl 1 sigma 0.13790  G -2.19488144e-01 1.29246712e-01 1.08861923e-01 1.00000000e+00
# EVENT 46  nrows 33  ncols 4  params[x y z ot]  hypo -5.6581 -3.0907 3.3897
46 P st 11 cl 0 sigma 0.17627  G 5.49435616e-02 -1.34050846e-01 6.88672066e-02 1.00000000e+00
46 P st 12 cl 0 sigma 0.17627  G 2.46465206e-02 -1.24633312e-01 9.56714153e-02 1.00000000e+00
46 P st 13 cl 0 sigma 0.17627  G -1.48415565e-02 -9.69469547e-02 1.25455856e-01 1.00000000e+00
46 P st 14 cl 0 sigma 0.17627  G -8.83519650e-02 -9.50694084e-03 1.30397081e-01 1.00000000e+00
46 P st 15 cl 0 sigma 0.17627  G -1.04594231e-01 4.38630581e-02 1.12330914e-01 1.00000000e+00
46 P st 16 cl 0 sigma 0.17627  G -1.15895271e-01 6.80327415e-02 8.43107700e-02 1.00000000e+00
46 P st 18 cl 0 sigma 0.17627  G -1.06132030e-01 -1.11615658e-01 4.71830368e-02 1.00000000e+00
46 P st 19 cl 0 sigma 0.17627  G 7.36713409e-02 -4.70101833e-02 1.32602453e-01 1.00000000e+00
46 P st 20 cl 0 sigma 0.17627  G -5.40137291e-02 9.82165337e-02 1.15543604e-01 1.00000000e+00
46 P st 22 cl 0 sigma 0.17627  G -6.27040863e-02 -1.44410133e-01 3.42607498e-02 1.00000000e+00
46 P st 30 cl 0 sigma 0.17627  G 8.57293606e-02 -8.86559486e-02 1.03497505e-01 1.00000000e+00
46 P st 31 cl 0 sigma 0.17627  G -1.16294622e-01 -8.72075558e-02 6.75618649e-02 1.00000000e+00
46 P st 33 cl 0 sigma 0.17627  G 1.40655041e-01 -4.25219536e-02 6.66737556e-02 1.00000000e+00
46 P st 36 cl 0 sigma 0.17627  G 1.34080648e-01 2.47657299e-02 8.36312771e-02 1.00000000e+00
46 P st 37 cl 0 sigma 0.17627  G -1.44004822e-01 1.80244446e-02 6.83605671e-02 1.00000000e+00
46 P st 38 cl 0 sigma 0.17627  G 9.80615616e-02 6.52194023e-02 1.07157230e-01 1.00000000e+00
46 P st 39 cl 0 sigma 0.17627  G -1.44982338e-01 5.12361526e-02 4.84347343e-02 1.00000000e+00
46 P st 40 cl 0 sigma 0.17627  G 1.13451481e-01 9.28997993e-02 6.70671463e-02 1.00000000e+00
46 P st 41 cl 0 sigma 0.17627  G 5.09262085e-02 1.28912926e-01 8.15033913e-02 1.00000000e+00
46 P st 42 cl 0 sigma 0.17627  G -7.22646713e-02 1.05535984e-01 9.29653645e-02 1.00000000e+00
46 P st 43 cl 0 sigma 0.17627  G -6.85811043e-02 1.25110149e-01 7.25626945e-02 1.00000000e+00
46 P st 47 cl 1 sigma 0.40238  G -1.39260292e-01 -5.40018082e-02 5.89370728e-02 1.00000000e+00
46 S st 11 cl 0 sigma 0.10762  G 9.50574875e-02 -2.31885910e-01 1.19113922e-01 1.00000000e+00
46 S st 14 cl 1 sigma 0.13790  G -1.52838230e-01 -1.64389610e-02 2.25591660e-01 1.00000000e+00
46 S st 15 cl 1 sigma 0.13790  G -1.80959702e-01 7.58886337e-02 1.94334984e-01 1.00000000e+00
46 S st 16 cl 1 sigma 0.13790  G -2.00486183e-01 1.17671490e-01 1.45852566e-01 1.00000000e+00
46 S st 18 cl 0 sigma 0.10762  G -1.83606148e-01 -1.93095207e-01 8.16345215e-02 1.00000000e+00
46 S st 30 cl 1 sigma 0.13790  G 1.48296356e-01 -1.53362751e-01 1.79076195e-01 1.00000000e+00
46 S st 33 cl 1 sigma 0.13790  G 2.43306160e-01 -7.35759735e-02 1.15358829e-01 1.00000000e+00
46 S st 37 cl 1 sigma 0.13790  G -2.49123573e-01 3.11732292e-02 1.18267536e-01 1.00000000e+00
46 S st 40 cl 0 sigma 0.10762  G 1.96266174e-01 1.60729885e-01 1.16038322e-01 1.00000000e+00
46 S st 41 cl 1 sigma 0.13790  G 8.80837440e-02 2.23040581e-01 1.41024590e-01 1.00000000e+00
46 S st 42 cl 1 sigma 0.13790  G -1.25026703e-01 1.82580948e-01 1.60837173e-01 1.00000000e+00
# EVENT 47  nrows 21  ncols 4  params[x y z ot]  hypo 7.1857 2.0021 -1.1684
47 P st 13 cl 0 sigma 0.17627  G 1.78778172e-01 1.92999840e-02 9.34600830e-03 1.00000000e+00
47 P st 15 cl 0 sigma 0.17627  G 1.38902664e-01 1.14214420e-01 1.01923943e-02 1.00000000e+00
47 P st 16 cl 0 sigma 0.17627  G 1.11722946e-01 1.40905380e-01 1.01804733e-02 1.00000000e+00
47 P st 18 cl 0 sigma 0.17627  G 1.27643347e-01 -1.26290321e-01 1.47342682e-02 1.00000000e+00
47 P st 20 cl 0 sigma 0.17627  G 1.34480000e-01 1.16002560e-01 5.96046448e-03 1.00000000e+00
47 P st 22 cl 0 sigma 0.17627  G 8.83936882e-02 -1.56605244e-01 9.58442688e-03 1.00000000e+00
47 P st 26 cl 0 sigma 0.17627  G 3.34024429e-02 -1.76525116e-01 1.39892101e-02 1.00000000e+00
47 P st 29 cl 0 sigma 0.17627  G 1.23330951e-01 -1.23420358e-01 3.47226858e-02 1.00000000e+00
47 P st 31 cl 0 sigma 0.17627  G 1.79457664e-01 -6.97970390e-03 1.46806240e-02 1.00000000e+00
47 P st 32 cl 0 sigma 0.17627  G -1.65224075e-01 6.01291656e-02 3.21507454e-02 1.00000000e+00
47 P st 35 cl 0 sigma 0.17627  G 3.07261944e-02 1.73699856e-01 2.78949738e-02 1.00000000e+00
47 P st 37 cl 0 sigma 0.17627  G 9.92119312e-02 1.49834156e-01 1.29103661e-02 1.00000000e+00
47 P st 39 cl 0 sigma 0.17627  G 1.98006630e-02 1.78694725e-01 1.14798546e-02 1.00000000e+00
47 P st 46 cl 0 sigma 0.17627  G 1.72734261e-01 5.00440598e-02 1.07765198e-02 1.00000000e+00
47 P st 47 cl 0 sigma 0.17627  G 1.63930655e-01 6.93857670e-02 2.24173069e-02 1.00000000e+00
47 S st 15 cl 1 sigma 0.13790  G 2.40278244e-01 1.97601318e-01 1.76429749e-02 1.00000000e+00
47 S st 18 cl 1 sigma 0.13790  G 2.20823288e-01 -2.18462944e-01 2.54750252e-02 1.00000000e+00
47 S st 20 cl 1 sigma 0.13790  G 2.32672691e-01 2.00700760e-01 1.02758408e-02 1.00000000e+00
47 S st 31 cl 0 sigma 0.10762  G 3.10456753e-01 -1.20878220e-02 2.53796577e-02 1.00000000e+00
47 S st 37 cl 0 sigma 0.10762  G 1.71649456e-01 2.59220600e-01 2.23278999e-02 1.00000000e+00
47 S st 39 cl 1 sigma 0.13790  G 3.42369080e-02 3.09133530e-01 1.98602676e-02 1.00000000e+00
# EVENT 48  nrows 33  ncols 4  params[x y z ot]  hypo 7.4635 1.6884 0.0615
48 P st 13 cl 0 sigma 0.17627  G 1.60944462e-01 1.29699707e-02 -8.34226608e-02 1.00000000e+00
48 P st 14 cl 0 sigma 0.17627  G 1.49023533e-01 6.77943230e-02 -7.77721405e-02 1.00000000e+00
48 P st 15 cl 0 sigma 0.17627  G 1.30319595e-01 9.90509987e-02 -7.95602798e-02 1.00000000e+00
48 P st 16 cl 0 sigma 0.17627  G 1.06537342e-01 1.24406815e-01 -7.92860985e-02 1.00000000e+00
48 P st 18 cl 0 sigma 0.17627  G 1.22481585e-01 -1.22261047e-01 1.76191330e-02 1.00000000e+00
48 P st 20 cl 0 sigma 0.17627  G 1.25169754e-01 1.01613998e-01 -8.40187073e-02 1.00000000e+00
48 P st 21 cl 0 sigma 0.17627  G 1.00243092e-01 -1.26206875e-01 -8.41736794e-02 1.00000000e+00
48 P st 22 cl 0 sigma 0.17627  G 8.03947449e-02 -1.40166283e-01 -8.32200050e-02 1.00000000e+00
48 P st 25 cl 0 sigma 0.17627  G 1.22237206e-01 -1.07598305e-01 -8.10265541e-02 1.00000000e+00
48 P st 26 cl 0 sigma 0.17627  G 3.74078751e-02 -1.69372559e-01 1.62124634e-03 1.00000000e+00
48 P st 28 cl 0 sigma 0.17627  G 1.60729885e-01 -5.82933426e-02 -5.11467457e-02 1.00000000e+00
48 P st 29 cl 0 sigma 0.17627  G 1.04498863e-01 -1.06549263e-01 1.11836195e-01 1.00000000e+00
48 P st 31 cl 0 sigma 0.17627  G 1.72460079e-01 -1.53779984e-02 2.02655792e-02 1.00000000e+00
48 P st 32 cl 0 sigma 0.17627  G -1.27726793e-01 3.31759453e-02 1.35052204e-01 1.00000000e+00
48 P st 35 cl 0 sigma 0.17627  G 4.30881977e-02 1.40529871e-01 1.15048885e-01 1.00000000e+00
48 P st 36 cl 1 sigma 0.40238  G 1.54328346e-01 4.64200974e-02 -8.41856003e-02 1.00000000e+00
48 P st 37 cl 0 sigma 0.17627  G 1.03628635e-01 1.39123201e-01 -1.38223171e-02 1.00000000e+00
48 P st 39 cl 0 sigma 0.17627  G 2.44617462e-02 1.67930126e-01 -5.25116920e-02 1.00000000e+00
48 P st 41 cl 0 sigma 0.17627  G 1.29449368e-01 9.59992409e-02 -8.41975212e-02 1.00000000e+00
48 P st 42 cl 1 sigma 0.40238  G 1.10399723e-01 1.17599964e-01 -8.39114189e-02 1.00000000e+00
48 P st 46 cl 0 sigma 0.17627  G 1.60133839e-01 4.00185585e-02 -7.42316246e-02 1.00000000e+00
48 P st 47 cl 0 sigma 0.17627  G 1.56396627e-01 4.67240810e-02 8.60691071e-02 1.00000000e+00
48 S st 18 cl 0 sigma 0.10762  G 2.11882591e-01 -2.11513042e-01 3.04818153e-02 1.00000000e+00
48 S st 20 cl 1 sigma 0.13790  G 2.16579437e-01 1.75786018e-01 -1.45339966e-01 1.00000000e+00
48 S st 21 cl 1 sigma 0.13790  G 1.73425674e-01 -2.18319893e-01 -1.45626068e-01 1.00000000e+00
48 S st 22 cl 1 sigma 0.13790  G 1.39093399e-01 -2.42471695e-01 -1.43933296e-01 1.00000000e+00
48 S st 26 cl 1 sigma 0.13790  G 6.47306442e-02 -2.93016434e-01 2.78949738e-03 1.00000000e+00
48 S st 29 cl 1 sigma 0.13790  G 1.80780888e-01 -1.84333324e-01 1.93476677e-01 1.00000000e+00
48 S st 35 cl 1 sigma 0.13790  G 7.45356083e-02 2.43127346e-01 1.99037790e-01 1.00000000e+00
48 S st 37 cl 0 sigma 0.10762  G 1.79266930e-01 2.40671635e-01 -2.39133835e-02 1.00000000e+00
48 S st 39 cl 1 sigma 0.13790  G 4.23431396e-02 2.90536880e-01 -9.08374786e-02 1.00000000e+00
48 S st 41 cl 1 sigma 0.13790  G 2.23946571e-01 1.66082382e-01 -1.45626068e-01 1.00000000e+00
48 S st 47 cl 1 sigma 0.13790  G 2.70557404e-01 8.08179379e-02 1.48886442e-01 1.00000000e+00
# EVENT 49  nrows 15  ncols 4  params[x y z ot]  hypo -5.6569 -7.2177 1.4654
49 P st 15 cl 0 sigma 0.17627  G -1.28000975e-01 -6.62624836e-02 5.94437122e-02 1.00000000e+00
49 P st 16 cl 0 sigma 0.17627  G -1.51962042e-01 -1.51753426e-02 4.66406345e-02 1.00000000e+00
49 P st 19 cl 0 sigma 0.17627  G 6.62565231e-02 -1.38968229e-01 4.26650047e-02 1.00000000e+00
49 P st 30 cl 0 sigma 0.17627  G 6.81638718e-02 -1.42800808e-01 2.79188156e-02 1.00000000e+00
49 P st 33 cl 1 sigma 0.40238  G 1.25706196e-01 -9.80496407e-02 2.12192535e-02 1.00000000e+00
49 P st 34 cl 0 sigma 0.17627  G 1.84237957e-02 -1.49095058e-01 5.21838665e-02 1.00000000e+00
49 P st 36 cl 0 sigma 0.17627  G 1.45184994e-01 -5.70595264e-02 3.53336334e-02 1.00000000e+00
49 P st 38 cl 0 sigma 0.17627  G 1.37448311e-01 -3.67999077e-02 6.89983368e-02 1.00000000e+00
49 P st 41 cl 0 sigma 0.17627  G 8.82327557e-02 9.18686390e-02 8.32676888e-02 1.00000000e+00
49 P st 42 cl 1 sigma 0.40238  G -1.21241808e-01 3.97026539e-02 8.64386559e-02 1.00000000e+00
49 P st 43 cl 0 sigma 0.17627  G -1.13499165e-01 9.21428204e-02 5.94556332e-02 1.00000000e+00
49 S st 15 cl 1 sigma 0.13790  G -2.21443176e-01 -1.14631653e-01 1.02841854e-01 1.00000000e+00
49 S st 16 cl 1 sigma 0.13790  G -2.62880325e-01 -2.62498856e-02 8.06927681e-02 1.00000000e+00
49 S st 19 cl 0 sigma 0.10762  G 1.14655495e-01 -2.40421295e-01 7.38024712e-02 1.00000000e+00
49 S st 41 cl 0 sigma 0.10762  G 1.52647495e-01 1.58941746e-01 1.44052505e-01 1.00000000e+00
# EVENT 50  nrows 25  ncols 4  params[x y z ot]  hypo -5.3412 -3.2188 1.9090
50 P st 13 cl 0 sigma 0.17627  G -8.11815262e-03 -1.21682882e-01 9.66608524e-02 1.00000000e+00
50 P st 15 cl 0 sigma 0.17627  G -1.20264292e-01 5.05685806e-02 8.56399536e-02 1.00000000e+00
50 P st 16 cl 0 sigma 0.17627  G -1.28841400e-01 7.69376755e-02 5.62489033e-02 1.00000000e+00
50 P st 18 cl 0 sigma 0.17627  G -1.06632710e-01 -1.17981434e-01 2.60829926e-02 1.00000000e+00
50 P st 19 cl 0 sigma 0.17627  G 1.02221966e-01 -6.28232956e-02 1.04200840e-01 1.00000000e+00
50 P st 25 cl 0 sigma 0.17627  G -5.04016876e-02 -1.50990486e-01 2.48432159e-02 1.00000000e+00
50 P st 28 cl 1 sigma 0.40238  G -7.69853592e-02 -1.35838985e-01 3.88145447e-02 1.00000000e+00
50 P st 30 cl 1 sigma 0.40238  G 1.02347136e-01 -1.00982189e-01 6.67214394e-02 1.00000000e+00
50 P st 31 cl 0 sigma 0.17627  G -1.21235847e-01 -9.74416733e-02 4.03940678e-02 1.00000000e+00
50 P st 34 cl 0 sigma 0.17627  G 3.79621983e-02 -6.00636005e-02 1.38509274e-01 1.00000000e+00
50 P st 36 cl 1 sigma 0.40238  G 1.50686502e-01 2.40564346e-02 5.01453876e-02 1.00000000e+00
50 P st 37 cl 0 sigma 0.17627  G -1.53422356e-01 1.75833702e-02 4.19497490e-02 1.00000000e+00
50 P st 38 cl 0 sigma 0.17627  G 1.23739243e-01 7.34567642e-02 7.16805458e-02 1.00000000e+00
50 P st 40 cl 0 sigma 0.17627  G 1.23941898e-01 9.49382782e-02 3.82661819e-02 1.00000000e+00
50 P st 41 cl 0 sigma 0.17627  G 6.21497631e-02 1.39224529e-01 5.08189201e-02 1.00000000e+00
50 P st 43 cl 0 sigma 0.17627  G -7.05122948e-02 1.36733055e-01 4.52041626e-02 1.00000000e+00
50 S st 13 cl 0 sigma 0.10762  G -1.40607357e-02 -2.10511684e-01 1.67226791e-01 1.00000000e+00
50 S st 15 cl 1 sigma 0.13790  G -2.08067894e-01 8.74757767e-02 1.48165226e-01 1.00000000e+00
50 S st 18 cl 1 sigma 0.13790  G -1.84464455e-01 -2.04110146e-01 4.51326370e-02 1.00000000e+00
50 S st 25 cl 1 sigma 0.13790  G -8.72135162e-02 -2.61211395e-01 4.29630280e-02 1.00000000e+00
50 S st 30 cl 1 sigma 0.13790  G 1.77073479e-01 -1.74689293e-01 1.15430355e-01 1.00000000e+00
50 S st 31 cl 1 sigma 0.13790  G -2.09736824e-01 -1.68550014e-01 6.98804855e-02 1.00000000e+00
50 S st 36 cl 1 sigma 0.13790  G 2.60663033e-01 4.16159630e-02 8.67486000e-02 1.00000000e+00
50 S st 37 cl 1 sigma 0.13790  G -2.65419483e-01 3.04102898e-02 7.25626945e-02 1.00000000e+00
50 S st 41 cl 1 sigma 0.13790  G 1.07514858e-01 2.40862370e-01 8.79049301e-02 1.00000000e+00
# EVENT 51  nrows 37  ncols 4  params[x y z ot]  hypo -6.9261 -8.0273 1.5288
51 P st 11 cl 0 sigma 0.17627  G 2.50458717e-02 -1.58047676e-01 2.45690346e-02 1.00000000e+00
51 P st 12 cl 1 sigma 0.40238  G -1.27553940e-03 -1.59239769e-01 3.10301781e-02 1.00000000e+00
51 P st 13 cl 0 sigma 0.17627  G -3.26931477e-02 -1.54244900e-01 3.92436981e-02 1.00000000e+00
51 P st 14 cl 0 sigma 0.17627  G -1.02770329e-01 -1.16157532e-01 5.17547131e-02 1.00000000e+00
51 P st 15 cl 0 sigma 0.17627  G -1.33663416e-01 -7.27891922e-02 5.75959682e-02 1.00000000e+00
51 P st 16 cl 0 sigma 0.17627  G -1.52206421e-01 -2.94804573e-02 4.92215157e-02 1.00000000e+00
51 P st 18 cl 0 sigma 0.17627  G -9.27805901e-02 -1.31011009e-01 1.81317329e-02 1.00000000e+00
51 P st 21 cl 0 sigma 0.17627  G -3.07798386e-02 -1.57809258e-01 1.35660172e-02 1.00000000e+00
51 P st 25 cl 0 sigma 0.17627  G -5.06758690e-02 -1.52397156e-01 1.72257423e-02 1.00000000e+00
51 P st 28 cl 0 sigma 0.17627  G -6.89983368e-02 -1.44577026e-01 2.28404999e-02 1.00000000e+00
51 P st 29 cl 0 sigma 0.17627  G -1.17480755e-01 -1.09374523e-01 1.86204910e-02 1.00000000e+00
51 P st 30 cl 0 sigma 0.17627  G 4.43339348e-02 -1.51598454e-01 3.82542610e-02 1.00000000e+00
51 P st 31 cl 0 sigma 0.17627  G -1.01137161e-01 -1.24049187e-01 2.43425369e-02 1.00000000e+00
51 P st 33 cl 0 sigma 0.17627  G 1.11258030e-01 -1.13916397e-01 3.20434570e-02 1.00000000e+00
51 P st 34 cl 0 sigma 0.17627  G -1.36494637e-02 -1.51097775e-01 5.92291355e-02 1.00000000e+00
51 P st 36 cl 0 sigma 0.17627  G 1.30194426e-01 -8.01861286e-02 5.60760498e-02 1.00000000e+00
51 P st 37 cl 0 sigma 0.17627  G -1.48665905e-01 -5.70297241e-02 3.14831734e-02 1.00000000e+00
51 P st 38 cl 0 sigma 0.17627  G 1.07812881e-01 -6.81161880e-02 1.04427338e-01 1.00000000e+00
51 P st 39 cl 0 sigma 0.17627  G -1.59728527e-01 -9.26256180e-03 2.51889229e-02 1.00000000e+00
51 P st 40 cl 0 sigma 0.17627  G 1.47885084e-01 2.06947327e-02 6.69658184e-02 1.00000000e+00
51 P st 41 cl 0 sigma 0.17627  G 6.00695610e-02 8.33868980e-02 1.29419565e-01 1.00000000e+00
51 P st 43 cl 0 sigma 0.17627  G -1.34408474e-01 6.29782677e-02 6.73830509e-02 1.00000000e+00
51 P st 46 cl 0 sigma 0.17627  G -8.31484795e-02 -1.33955479e-01 4.13179398e-02 1.00000000e+00
51 P st 47 cl 0 sigma 0.17627  G -1.25372410e-01 -9.96112823e-02 2.32458115e-02 1.00000000e+00
51 S st 11 cl 0 sigma 0.10762  G 4.32968140e-02 -2.73394585e-01 4.25100327e-02 1.00000000e+00
51 S st 13 cl 1 sigma 0.13790  G -5.65409660e-02 -2.66838074e-01 6.78658485e-02 1.00000000e+00
51 S st 15 cl 1 sigma 0.13790  G -2.31242180e-01 -1.25908852e-01 9.96351242e-02 1.00000000e+00
51 S st 16 cl 0 sigma 0.10762  G -2.63297558e-01 -5.09977341e-02 8.51511955e-02 1.00000000e+00
51 S st 18 cl 1 sigma 0.13790  G -1.60479546e-01 -2.26688385e-01 3.13758850e-02 1.00000000e+00
51 S st 25 cl 1 sigma 0.13790  G -8.77141953e-02 -2.63643265e-01 2.98023224e-02 1.00000000e+00
51 S st 30 cl 0 sigma 0.10762  G 7.67111778e-02 -2.62260437e-01 6.61611557e-02 1.00000000e+00
51 S st 34 cl 0 sigma 0.10762  G -2.36272812e-02 -2.61414051e-01 1.02460384e-01 1.00000000e+00
51 S st 36 cl 1 sigma 0.13790  G 2.25234032e-01 -1.38711929e-01 9.70125198e-02 1.00000000e+00
51 S st 37 cl 1 sigma 0.13790  G -2.57182121e-01 -9.86695290e-02 5.44428825e-02 1.00000000e+00
51 S st 38 cl 0 sigma 0.10762  G 1.86491013e-01 -1.17850304e-01 1.80661678e-01 1.00000000e+00
51 S st 41 cl 0 sigma 0.10762  G 1.03926659e-01 1.44255161e-01 2.23898888e-01 1.00000000e+00
51 S st 43 cl 1 sigma 0.13790  G -2.32517719e-01 1.08933449e-01 1.16586685e-01 1.00000000e+00
# EVENT 52  nrows 20  ncols 4  params[x y z ot]  hypo -6.3972 -5.9406 0.5745
52 P st 14 cl 0 sigma 0.17627  G -1.25843287e-01 -9.72449780e-02 3.54826450e-02 1.00000000e+00
52 P st 15 cl 0 sigma 0.17627  G -1.56122446e-01 -3.04222107e-02 3.56376171e-02 1.00000000e+00
52 P st 16 cl 0 sigma 0.17627  G -1.59698725e-01 1.60276890e-02 2.33471394e-02 1.00000000e+00
52 P st 18 cl 0 sigma 0.17627  G -9.96470451e-02 -1.26600266e-01 9.01222229e-03 1.00000000e+00
52 P st 19 cl 0 sigma 0.17627  G 6.49690628e-02 -1.44803524e-01 3.91423702e-02 1.00000000e+00
52 P st 25 cl 0 sigma 0.17627  G -5.23328781e-02 -1.52397156e-01 8.66651535e-03 1.00000000e+00
52 P st 31 cl 0 sigma 0.17627  G -1.11484528e-01 -1.16276741e-01 1.18017197e-02 1.00000000e+00
52 P st 36 cl 0 sigma 0.17627  G 1.55979395e-01 -3.72827053e-02 2.62856483e-02 1.00000000e+00
52 P st 37 cl 0 sigma 0.17627  G -1.58345699e-01 -2.93016434e-02 1.40547752e-02 1.00000000e+00
52 P st 38 cl 0 sigma 0.17627  G 1.50913000e-01 3.77893448e-03 6.67631626e-02 1.00000000e+00
52 P st 39 cl 0 sigma 0.17627  G -1.60229206e-01 1.69396400e-02 1.08599663e-02 1.00000000e+00
52 P st 40 cl 0 sigma 0.17627  G 1.45721436e-01 6.71684742e-02 2.32934952e-02 1.00000000e+00
52 P st 43 cl 0 sigma 0.17627  G -1.16151571e-01 1.10548735e-01 2.58922577e-02 1.00000000e+00
52 P st 47 cl 0 sigma 0.17627  G -1.36053562e-01 -8.62717628e-02 1.10745430e-02 1.00000000e+00
52 S st 15 cl 0 sigma 0.10762  G -2.70092487e-01 -5.26309013e-02 6.16431236e-02 1.00000000e+00
52 S st 18 cl 0 sigma 0.10762  G -1.72400475e-01 -2.19035149e-01 1.55687332e-02 1.00000000e+00
52 S st 31 cl 1 sigma 0.13790  G -1.92856789e-01 -2.01153755e-01 2.04205513e-02 1.00000000e+00
52 S st 36 cl 1 sigma 0.13790  G 2.69818306e-01 -6.45041466e-02 4.54664230e-02 1.00000000e+00
52 S st 38 cl 1 sigma 0.13790  G 2.61068344e-01 6.54459000e-03 1.15513802e-01 1.00000000e+00
52 S st 43 cl 1 sigma 0.13790  G -2.00939178e-01 1.91259384e-01 4.47988510e-02 1.00000000e+00
# EVENT 53  nrows 33  ncols 4  params[x y z ot]  hypo 7.3295 -1.3680 -1.1751
53 P st 10 cl 0 sigma 0.17627  G 1.45483017e-01 -7.00712204e-02 -9.01460648e-02 1.00000000e+00
53 P st 11 cl 0 sigma 0.17627  G 1.53839588e-01 -6.06060028e-02 -6.60896301e-02 1.00000000e+00
53 P st 12 cl 1 sigma 0.40238  G 1.68442726e-01 -4.94241714e-02 -2.47955322e-03 1.00000000e+00
53 P st 13 cl 0 sigma 0.17627  G 1.77299976e-01 -2.92181969e-02 9.14335251e-03 1.00000000e+00
53 P st 14 cl 0 sigma 0.17627  G 1.78045034e-01 2.52068043e-02 1.10208988e-02 1.00000000e+00
53 P st 16 cl 0 sigma 0.17627  G 1.43659115e-01 1.08081102e-01 1.17301941e-02 1.00000000e+00
53 P st 18 cl 0 sigma 0.17627  G 8.93592834e-02 -1.55991316e-01 1.18911266e-02 1.00000000e+00
53 P st 19 cl 0 sigma 0.17627  G 1.72114372e-01 -8.70227814e-04 -2.04682350e-02 1.00000000e+00
53 P st 22 cl 0 sigma 0.17627  G 7.00950623e-02 -1.59633160e-01 -8.15391541e-03 1.00000000e+00
53 P st 26 cl 0 sigma 0.17627  G 2.48551369e-02 -1.78086758e-01 1.10149384e-02 1.00000000e+00
53 P st 29 cl 0 sigma 0.17627  G 5.95092773e-02 -1.69080496e-01 1.62422657e-02 1.00000000e+00
53 P st 31 cl 0 sigma 0.17627  G 1.53440237e-01 -9.35256481e-02 1.33454800e-02 1.00000000e+00
53 P st 32 cl 0 sigma 0.17627  G -1.17290020e-01 -1.33550167e-01 2.44140625e-02 1.00000000e+00
53 P st 34 cl 0 sigma 0.17627  G 1.78730488e-01 3.38554382e-03 7.17639923e-03 1.00000000e+00
53 P st 37 cl 0 sigma 0.17627  G 1.49399042e-01 9.92476940e-02 1.60098076e-02 1.00000000e+00
53 P st 39 cl 0 sigma 0.17627  G 3.49581242e-02 1.76179409e-01 1.47461891e-02 1.00000000e+00
53 P st 40 cl 0 sigma 0.17627  G 1.51109695e-01 5.63621521e-02 -9.08136368e-02 1.00000000e+00
53 P st 41 cl 0 sigma 0.17627  G 1.45244598e-01 8.03828239e-02 -7.03811646e-02 1.00000000e+00
53 P st 45 cl 0 sigma 0.17627  G 8.85844231e-02 1.55472755e-01 7.82012939e-03 1.00000000e+00
53 P st 46 cl 0 sigma 0.17627  G 1.79481506e-01 -1.07288361e-02 1.09314919e-02 1.00000000e+00
53 P st 47 cl 0 sigma 0.17627  G 1.52599812e-01 -9.26911831e-02 2.03549862e-02 1.00000000e+00
53 S st 11 cl 0 sigma 0.10762  G 2.66170502e-01 -1.04832649e-01 -1.14297867e-01 1.00000000e+00
53 S st 13 cl 1 sigma 0.13790  G 3.06701660e-01 -5.05685806e-02 1.58309937e-02 1.00000000e+00
53 S st 18 cl 0 sigma 0.10762  G 1.54602528e-01 -2.69865990e-01 2.05755234e-02 1.00000000e+00
53 S st 19 cl 1 sigma 0.13790  G 2.97737122e-01 -1.54972076e-03 -3.53813171e-02 1.00000000e+00
53 S st 22 cl 1 sigma 0.13790  G 1.21259689e-01 -2.76207924e-01 -1.41143799e-02 1.00000000e+00
53 S st 26 cl 1 sigma 0.13790  G 4.30107117e-02 -3.08108330e-01 1.90496445e-02 1.00000000e+00
53 S st 31 cl 0 sigma 0.10762  G 2.65455246e-01 -1.61790848e-01 2.30908394e-02 1.00000000e+00
53 S st 34 cl 1 sigma 0.13790  G 3.09205055e-01 5.86509705e-03 1.24454498e-02 1.00000000e+00
53 S st 37 cl 0 sigma 0.10762  G 2.58469582e-01 1.71709061e-01 2.77042389e-02 1.00000000e+00
53 S st 40 cl 1 sigma 0.13790  G 2.61354446e-01 9.75370407e-02 -1.57094002e-01 1.00000000e+00
53 S st 41 cl 1 sigma 0.13790  G 2.51269341e-01 1.39045715e-01 -1.21760368e-01 1.00000000e+00
53 S st 45 cl 1 sigma 0.13790  G 1.53207779e-01 2.68959999e-01 1.34944916e-02 1.00000000e+00
# EVENT 54  nrows 26  ncols 4  params[x y z ot]  hypo 2.3140 -3.4552 2.7335
54 P st 13 cl 0 sigma 0.17627  G 1.29687786e-01 -7.24852085e-02 6.19769096e-02 1.00000000e+00
54 P st 14 cl 0 sigma 0.17627  G 1.21200085e-01 -1.95443630e-02 1.06978416e-01 1.00000000e+00
54 P st 15 cl 0 sigma 0.17627  G 9.92417336e-02 4.12523746e-02 1.18213892e-01 1.00000000e+00
54 P st 16 cl 0 sigma 0.17627  G 5.64694405e-02 9.09805298e-02 1.20747089e-01 1.00000000e+00
54 P st 19 cl 0 sigma 0.17627  G 1.51789188e-01 -3.04698944e-02 4.75645065e-02 1.00000000e+00
54 P st 22 cl 0 sigma 0.17627  G 1.11699104e-02 -1.58047676e-01 3.11493874e-02 1.00000000e+00
54 P st 28 cl 0 sigma 0.17627  G 5.41746616e-02 -1.39647722e-01 6.08503819e-02 1.00000000e+00
54 P st 29 cl 0 sigma 0.17627  G -6.09636307e-02 -1.32048130e-01 6.98804855e-02 1.00000000e+00
54 P st 31 cl 0 sigma 0.17627  G 2.05874443e-02 -1.32751465e-01 8.94486904e-02 1.00000000e+00
54 P st 34 cl 0 sigma 0.17627  G 1.46579742e-01 -3.09467316e-02 6.00457191e-02 1.00000000e+00
54 P st 37 cl 0 sigma 0.17627  G -3.33428383e-02 3.13937664e-02 1.55407190e-01 1.00000000e+00
54 P st 38 cl 0 sigma 0.17627  G 1.53076649e-01 3.18408012e-02 4.09960747e-02 1.00000000e+00
54 P st 39 cl 0 sigma 0.17627  G -9.01520252e-02 8.93890858e-02 9.74178314e-02 1.00000000e+00
54 P st 40 cl 0 sigma 0.17627  G 1.48952007e-01 5.34653664e-02 3.14712524e-02 1.00000000e+00
54 P st 43 cl 0 sigma 0.17627  G 7.08699226e-02 1.29365921e-01 6.74247742e-02 1.00000000e+00
54 P st 45 cl 1 sigma 0.40238  G 2.64167786e-02 1.49798393e-01 5.40733337e-02 1.00000000e+00
54 P st 46 cl 0 sigma 0.17627  G 1.12831593e-01 -6.35385513e-02 9.37044621e-02 1.00000000e+00
54 P st 47 cl 0 sigma 0.17627  G -4.30941582e-02 -1.04951859e-01 1.11782551e-01 1.00000000e+00
54 S st 13 cl 0 sigma 0.10762  G 2.24351883e-01 -1.25384331e-01 1.07204914e-01 1.00000000e+00
54 S st 15 cl 1 sigma 0.13790  G 1.71685219e-01 7.13825226e-02 2.04503536e-01 1.00000000e+00
54 S st 16 cl 1 sigma 0.13790  G 9.76800919e-02 1.57392025e-01 2.08902359e-01 1.00000000e+00
54 S st 19 cl 1 sigma 0.13790  G 2.62618065e-01 -5.27143478e-02 8.22305679e-02 1.00000000e+00
54 S st 31 cl 0 sigma 0.10762  G 3.56078148e-02 -2.29644775e-01 1.54745579e-01 1.00000000e+00
54 S st 37 cl 0 sigma 0.10762  G -5.76853752e-02 5.43117523e-02 2.68852711e-01 1.00000000e+00
54 S st 38 cl 1 sigma 0.13790  G 2.64835358e-01 5.50985336e-02 7.09295273e-02 1.00000000e+00
54 S st 40 cl 0 sigma 0.10762  G 2.57730484e-01 9.24587250e-02 5.44786453e-02 1.00000000e+00
# EVENT 55  nrows 23  ncols 4  params[x y z ot]  hypo 7.8525 2.0433 -0.2826
55 P st 13 cl 0 sigma 0.17627  G 1.63590908e-01 1.72495842e-02 -6.76870346e-02 1.00000000e+00
55 P st 14 cl 0 sigma 0.17627  G 1.54066086e-01 7.27891922e-02 -2.98023224e-02 1.00000000e+00
55 P st 15 cl 0 sigma 0.17627  G 1.35207176e-01 1.03676319e-01 -3.84569168e-02 1.00000000e+00
55 P st 21 cl 0 sigma 0.17627  G 1.04367733e-01 -1.22928619e-01 -7.97986984e-02 1.00000000e+00
55 P st 22 cl 0 sigma 0.17627  G 8.86201859e-02 -1.40774250e-01 -5.66482544e-02 1.00000000e+00
55 P st 25 cl 0 sigma 0.17627  G 1.32155418e-01 -1.06108189e-01 -3.56912613e-02 1.00000000e+00
55 P st 26 cl 0 sigma 0.17627  G 4.95553017e-02 -1.69521570e-01 4.24444675e-02 1.00000000e+00
55 P st 28 cl 0 sigma 0.17627  G 1.67453289e-01 -5.11825085e-02 2.07006931e-02 1.00000000e+00
55 P st 29 cl 0 sigma 0.17627  G 1.30468607e-01 -8.99314880e-02 9.19759274e-02 1.00000000e+00
55 P st 31 cl 0 sigma 0.17627  G 1.76495314e-01 -5.01871109e-03 4.25457954e-02 1.00000000e+00
55 P st 32 cl 0 sigma 0.17627  G -1.10638142e-01 5.86271286e-02 1.23894215e-01 1.00000000e+00
55 P st 34 cl 0 sigma 0.17627  G 1.56795979e-01 4.05073166e-02 -7.76767731e-02 1.00000000e+00
55 P st 37 cl 0 sigma 0.17627  G 1.07431412e-01 1.40476227e-01 3.40521336e-02 1.00000000e+00
55 P st 39 cl 0 sigma 0.17627  G 3.13758850e-02 1.72507763e-01 1.70707703e-02 1.00000000e+00
55 P st 40 cl 1 sigma 0.40238  G 1.42383575e-01 7.54356384e-02 -8.01563263e-02 1.00000000e+00
55 P st 46 cl 0 sigma 0.17627  G 1.65510178e-01 4.55021858e-02 -1.68561935e-02 1.00000000e+00
55 P st 47 cl 0 sigma 0.17627  G 1.61206722e-01 5.81502914e-02 6.46948814e-02 1.00000000e+00
55 S st 15 cl 1 sigma 0.13790  G 2.33888626e-01 1.79362297e-01 -6.65426254e-02 1.00000000e+00
55 S st 21 cl 1 sigma 0.13790  G 1.80554390e-01 -2.12645531e-01 -1.38092041e-01 1.00000000e+00
55 S st 29 cl 1 sigma 0.13790  G 2.25710869e-01 -1.55580044e-01 1.59120560e-01 1.00000000e+00
55 S st 34 cl 1 sigma 0.13790  G 2.71224976e-01 7.01189041e-02 -1.34348869e-01 1.00000000e+00
55 S st 37 cl 1 sigma 0.13790  G 1.85883045e-01 2.43020058e-01 5.89132309e-02 1.00000000e+00
55 S st 39 cl 1 sigma 0.13790  G 5.42879105e-02 2.98428535e-01 2.94923782e-02 1.00000000e+00
# EVENT 56  nrows 20  ncols 4  params[x y z ot]  hypo 7.7728 2.2191 0.5597
56 P st 13 cl 0 sigma 0.17627  G 1.59966946e-01 1.91807747e-02 1.04069710e-02 1.00000000e+00
56 P st 15 cl 0 sigma 0.17627  G 1.26230717e-01 1.00100040e-01 1.15871429e-02 1.00000000e+00
56 P st 21 cl 0 sigma 0.17627  G 1.04665756e-01 -1.22499466e-01 8.64267349e-03 1.00000000e+00
56 P st 22 cl 0 sigma 0.17627  G 8.61287117e-02 -1.36148930e-01 1.10507011e-02 1.00000000e+00
56 P st 26 cl 0 sigma 0.17627  G 4.43816185e-02 -1.54167414e-01 2.63154507e-02 1.00000000e+00
56 P st 28 cl 0 sigma 0.17627  G 1.54685974e-01 -4.45723534e-02 1.55210495e-02 1.00000000e+00
56 P st 29 cl 0 sigma 0.17627  G 1.13070011e-01 -7.17222691e-02 1.05673075e-01 1.00000000e+00
56 P st 31 cl 0 sigma 0.17627  G 1.60372257e-01 -1.72853470e-04 2.59101391e-02 1.00000000e+00
56 P st 32 cl 0 sigma 0.17627  G -9.55998898e-02 5.78880310e-02 1.25646591e-01 1.00000000e+00
56 P st 36 cl 0 sigma 0.17627  G 1.53398514e-01 4.94241714e-02 6.67572021e-03 1.00000000e+00
56 P st 37 cl 0 sigma 0.17627  G 9.49561596e-02 1.29836798e-01 1.83045864e-02 1.00000000e+00
56 P st 39 cl 0 sigma 0.17627  G 2.70128250e-02 1.58762932e-01 1.44720078e-02 1.00000000e+00
56 P st 46 cl 0 sigma 0.17627  G 1.54542923e-01 4.54783440e-02 1.25408173e-02 1.00000000e+00
56 P st 47 cl 0 sigma 0.17627  G 1.43069029e-01 5.93662262e-02 5.70416451e-02 1.00000000e+00
56 S st 13 cl 1 sigma 0.13790  G 2.76732445e-01 3.31640244e-02 1.80006027e-02 1.00000000e+00
56 S st 21 cl 0 sigma 0.10762  G 1.81078911e-01 -2.11930275e-01 1.49726868e-02 1.00000000e+00
56 S st 29 cl 1 sigma 0.13790  G 1.95598602e-01 -1.24073029e-01 1.82819366e-01 1.00000000e+00
56 S st 31 cl 1 sigma 0.13790  G 2.77423859e-01 -2.98023224e-04 4.48226929e-02 1.00000000e+00
56 S st 36 cl 1 sigma 0.13790  G 2.65359879e-01 8.54969025e-02 1.15156174e-02 1.00000000e+00
56 S st 37 cl 0 sigma 0.10762  G 1.64258480e-01 2.24626064e-01 3.16858292e-02 1.00000000e+00
# EVENT 57  nrows 19  ncols 4  params[x y z ot]  hypo 4.7785 1.0804 3.8779
57 P st 13 cl 0 sigma 0.17627  G 1.45232677e-01 5.92470169e-03 6.80327415e-02 1.00000000e+00
57 P st 14 cl 0 sigma 0.17627  G 1.19960308e-01 6.50703907e-02 8.23736191e-02 1.00000000e+00
57 P st 15 cl 0 sigma 0.17627  G 1.00243092e-01 1.00034475e-01 7.77363777e-02 1.00000000e+00
57 P st 16 cl 0 sigma 0.17627  G 7.05480576e-02 1.22630596e-01 7.51733780e-02 1.00000000e+00
57 P st 18 cl 0 sigma 0.17627  G 3.66747379e-02 -1.06889009e-01 1.12843513e-01 1.00000000e+00
57 P st 19 cl 0 sigma 0.17627  G 1.50215626e-01 2.68101692e-02 5.04493713e-02 1.00000000e+00
57 P st 28 cl 0 sigma 0.17627  G 1.07717514e-01 -6.93321228e-02 9.63628292e-02 1.00000000e+00
57 P st 29 cl 0 sigma 0.17627  G -2.12013721e-02 -6.72101974e-02 1.45196915e-01 1.00000000e+00
57 P st 31 cl 0 sigma 0.17627  G 8.69989395e-02 -2.97844410e-02 1.33866072e-01 1.00000000e+00
57 P st 37 cl 0 sigma 0.17627  G 3.62694263e-02 1.13034248e-01 1.09869242e-01 1.00000000e+00
57 P st 44 cl 1 sigma 0.40238  G 1.26624107e-01 9.51051712e-02 2.94923782e-02 1.00000000e+00
57 P st 46 cl 0 sigma 0.17627  G 1.28918886e-01 3.33428383e-02 8.72015953e-02 1.00000000e+00
57 P st 47 cl 0 sigma 0.17627  G 2.03967094e-02 1.11937523e-02 1.58727169e-01 1.00000000e+00
57 S st 13 cl 1 sigma 0.13790  G 2.51245499e-01 1.02758408e-02 1.17659569e-01 1.00000000e+00
57 S st 15 cl 1 sigma 0.13790  G 1.73401833e-01 1.73044205e-01 1.34468079e-01 1.00000000e+00
57 S st 16 cl 1 sigma 0.13790  G 1.22022629e-01 2.12156773e-01 1.30057335e-01 1.00000000e+00
57 S st 31 cl 1 sigma 0.13790  G 1.50501728e-01 -5.15460968e-02 2.31575966e-01 1.00000000e+00
57 S st 46 cl 0 sigma 0.10762  G 2.23028660e-01 5.76972961e-02 1.50859356e-01 1.00000000e+00
57 S st 47 cl 1 sigma 0.13790  G 3.52978706e-02 1.93595886e-02 2.74586678e-01 1.00000000e+00
# EVENT 58  nrows 17  ncols 4  params[x y z ot]  hypo 0.7494 -2.8404 1.5508
58 P st 13 cl 0 sigma 0.17627  G 1.31505728e-01 -7.93635845e-02 5.42581081e-02 1.00000000e+00
58 P st 14 cl 0 sigma 0.17627  G 1.07431412e-01 -4.26769257e-03 1.17325783e-01 1.00000000e+00
58 P st 15 cl 0 sigma 0.17627  G 7.43389130e-02 7.78645277e-02 1.18842721e-01 1.00000000e+00
58 P st 16 cl 0 sigma 0.17627  G 1.36315823e-02 1.29294395e-01 9.96768475e-02 1.00000000e+00
58 P st 28 cl 0 sigma 0.17627  G 3.23116779e-02 -1.52331591e-01 4.76777554e-02 1.00000000e+00
58 P st 29 cl 0 sigma 0.17627  G -9.36746597e-02 -1.25193596e-01 4.63008881e-02 1.00000000e+00
58 P st 31 cl 0 sigma 0.17627  G -1.96456909e-02 -1.45620108e-01 7.45773315e-02 1.00000000e+00
58 P st 34 cl 0 sigma 0.17627  G 1.52420998e-01 -2.60710716e-02 5.17547131e-02 1.00000000e+00
58 P st 37 cl 0 sigma 0.17627  G -9.23454762e-02 5.30779362e-02 1.23548508e-01 1.00000000e+00
58 P st 38 cl 0 sigma 0.17627  G 1.52814388e-01 4.50372696e-02 3.01003456e-02 1.00000000e+00
58 P st 47 cl 0 sigma 0.17627  G -9.60886478e-02 -1.03259087e-01 8.27968121e-02 1.00000000e+00
58 S st 13 cl 1 sigma 0.13790  G 2.27499008e-01 -1.37305260e-01 9.38892365e-02 1.00000000e+00
58 S st 16 cl 1 sigma 0.13790  G 2.35855579e-02 2.23666430e-01 1.72442198e-01 1.00000000e+00
58 S st 29 cl 1 sigma 0.13790  G -1.62053108e-01 -2.16555595e-01 8.01086426e-02 1.00000000e+00
58 S st 31 cl 1 sigma 0.13790  G -3.39865685e-02 -2.51924992e-01 1.29008293e-01 1.00000000e+00
58 S st 37 cl 0 sigma 0.10762  G -1.59752369e-01 9.18030739e-02 2.13742256e-01 1.00000000e+00
58 S st 47 cl 1 sigma 0.13790  G -1.66237354e-01 -1.78635120e-01 1.43229961e-01 1.00000000e+00
# EVENT 59  nrows 23  ncols 4  params[x y z ot]  hypo 1.7781 -1.2600 2.7500
59 P st 13 cl 0 sigma 0.17627  G 1.38771534e-01 -3.92138958e-02 7.35223293e-02 1.00000000e+00
59 P st 14 cl 0 sigma 0.17627  G 1.08307600e-01 3.94880772e-02 1.12152100e-01 1.00000000e+00
59 P st 15 cl 0 sigma 0.17627  G 7.79688358e-02 9.46104527e-02 1.04320049e-01 1.00000000e+00
59 P st 16 cl 0 sigma 0.17627  G 3.44574451e-02 1.29383802e-01 9.25719738e-02 1.00000000e+00
59 P st 18 cl 0 sigma 0.17627  G -2.48014927e-02 -1.41739845e-01 7.09533691e-02 1.00000000e+00
59 P st 29 cl 0 sigma 0.17627  G -8.37445259e-02 -1.07401609e-01 8.70823860e-02 1.00000000e+00
59 P st 31 cl 0 sigma 0.17627  G 1.05559826e-02 -1.03360415e-01 1.23775005e-01 1.00000000e+00
59 P st 34 cl 0 sigma 0.17627  G 1.47897005e-01 6.65187836e-03 6.54816628e-02 1.00000000e+00
59 P st 36 cl 0 sigma 0.17627  G 1.54113770e-01 3.33070755e-02 3.42369080e-02 1.00000000e+00
59 P st 37 cl 0 sigma 0.17627  G -3.96668911e-02 8.85069370e-02 1.28883123e-01 1.00000000e+00
59 P st 39 cl 0 sigma 0.17627  G -8.42213631e-02 1.15507841e-01 7.28130341e-02 1.00000000e+00
59 P st 40 cl 0 sigma 0.17627  G 1.40321255e-01 7.35521317e-02 3.06367874e-02 1.00000000e+00
59 P st 46 cl 0 sigma 0.17627  G 1.14589930e-01 -1.29640102e-02 1.12611055e-01 1.00000000e+00
59 P st 47 cl 0 sigma 0.17627  G -6.42120838e-02 -5.52833080e-02 1.33979321e-01 1.00000000e+00
59 S st 13 cl 1 sigma 0.13790  G 2.40075588e-01 -6.78300858e-02 1.27172470e-01 1.00000000e+00
59 S st 15 cl 1 sigma 0.13790  G 1.34873390e-01 1.63674355e-01 1.80482864e-01 1.00000000e+00
59 S st 18 cl 1 sigma 0.13790  G -4.29153442e-02 -2.45213509e-01 1.22749805e-01 1.00000000e+00
59 S st 29 cl 0 sigma 0.10762  G -1.44863129e-01 -1.85823441e-01 1.50632858e-01 1.00000000e+00
59 S st 34 cl 0 sigma 0.10762  G 2.55858898e-01 1.15394592e-02 1.13284588e-01 1.00000000e+00
59 S st 36 cl 1 sigma 0.13790  G 2.66575813e-01 5.76257706e-02 5.92231750e-02 1.00000000e+00
59 S st 37 cl 0 sigma 0.10762  G -6.86287880e-02 1.53124332e-01 2.22969055e-01 1.00000000e+00
59 S st 40 cl 1 sigma 0.13790  G 2.42781639e-01 1.27243996e-01 5.30004501e-02 1.00000000e+00
59 S st 47 cl 1 sigma 0.13790  G -1.11067295e-01 -9.56416130e-02 2.31778622e-01 1.00000000e+00
# EVENT 60  nrows 24  ncols 4  params[x y z ot]  hypo -2.2508 -2.0925 -1.8411
60 P st 12 cl 0 sigma 0.17627  G 1.23286247e-01 -1.31195784e-01 -3.56632471e-01 1.00000000e+00
60 P st 13 cl 0 sigma 0.17627  G 1.28650665e-01 -1.25938654e-01 -3.56632471e-01 1.00000000e+00
60 P st 14 cl 0 sigma 0.17627  G -8.98241997e-03 3.00464034e-01 1.64580345e-01 1.00000000e+00
60 P st 15 cl 0 sigma 0.17627  G -5.95718622e-02 1.69888139e-01 -3.56632471e-01 1.00000000e+00
60 P st 16 cl 0 sigma 0.17627  G -8.97407532e-02 1.56080723e-01 -3.56638432e-01 1.00000000e+00
60 P st 18 cl 0 sigma 0.17627  G -9.81211662e-02 -1.50930882e-01 -3.56638432e-01 1.00000000e+00
60 P st 19 cl 0 sigma 0.17627  G 1.78539753e-01 -2.30669975e-02 -3.56632471e-01 1.00000000e+00
60 P st 25 cl 0 sigma 0.17627  G -1.70826912e-02 -1.79243088e-01 -3.56638432e-01 1.00000000e+00
60 P st 29 cl 0 sigma 0.17627  G -1.45483017e-01 -1.06036663e-01 -3.56638432e-01 1.00000000e+00
60 P st 31 cl 0 sigma 0.17627  G -1.16842985e-01 -1.36965513e-01 -3.56632471e-01 1.00000000e+00
60 P st 34 cl 0 sigma 0.17627  G 1.78879499e-01 -2.03669071e-02 -3.56638432e-01 1.00000000e+00
60 P st 36 cl 0 sigma 0.17627  G 1.75833702e-01 3.86357307e-02 -3.56638432e-01 1.00000000e+00
60 P st 37 cl 0 sigma 0.17627  G -1.67620182e-01 6.56843185e-02 -3.56632471e-01 1.00000000e+00
60 P st 39 cl 0 sigma 0.17627  G -1.53315067e-01 9.43660736e-02 -3.56638432e-01 1.00000000e+00
60 P st 40 cl 0 sigma 0.17627  G 1.51181221e-01 9.77873802e-02 -3.56650352e-01 1.00000000e+00
60 P st 43 cl 0 sigma 0.17627  G -1.45435333e-02 1.79445744e-01 -3.56638432e-01 1.00000000e+00
60 P st 44 cl 0 sigma 0.17627  G 1.30832195e-01 1.23703480e-01 -3.56638432e-01 1.00000000e+00
60 P st 46 cl 0 sigma 0.17627  G 4.25815582e-02 -3.10969353e-01 -1.01995468e-01 1.00000000e+00
60 S st 14 cl 0 sigma 0.10762  G -1.55389309e-02 5.19806147e-01 2.84725428e-01 1.00000000e+00
60 S st 16 cl 1 sigma 0.13790  G -1.55234337e-01 2.70009041e-01 -6.16979599e-01 1.00000000e+00
60 S st 25 cl 1 sigma 0.13790  G -2.95639038e-02 -3.10063362e-01 -6.16979599e-01 1.00000000e+00
60 S st 31 cl 1 sigma 0.13790  G -2.02119350e-01 -2.36952305e-01 -6.16967678e-01 1.00000000e+00
60 S st 36 cl 1 sigma 0.13790  G 3.04222107e-01 6.68287277e-02 -6.16979599e-01 1.00000000e+00
60 S st 44 cl 1 sigma 0.13790  G 2.26306915e-01 2.13980675e-01 -6.17003441e-01 1.00000000e+00
# EVENT 61  nrows 14  ncols 4  params[x y z ot]  hypo 7.0582 3.2702 1.4330
61 P st 18 cl 0 sigma 0.17627  G 1.17838383e-01 -8.29100609e-02 6.16431236e-02 1.00000000e+00
61 P st 22 cl 0 sigma 0.17627  G 8.48412514e-02 -1.35231018e-01 2.13623047e-02 1.00000000e+00
61 P st 26 cl 0 sigma 0.17627  G 3.01599503e-02 -1.43384933e-01 5.73754311e-02 1.00000000e+00
61 P st 28 cl 0 sigma 0.17627  G 1.54799223e-01 -2.80499458e-02 3.21149826e-02 1.00000000e+00
61 P st 29 cl 0 sigma 0.17627  G 7.42793083e-02 -1.71363354e-02 1.38729811e-01 1.00000000e+00
61 P st 31 cl 0 sigma 0.17627  G 1.48606300e-01 2.75850296e-02 4.98354435e-02 1.00000000e+00
61 P st 32 cl 0 sigma 0.17627  G -8.85188580e-02 7.56561756e-02 1.03306770e-01 1.00000000e+00
61 P st 36 cl 1 sigma 0.40238  G 1.49965286e-01 5.80072403e-02 1.06573105e-02 1.00000000e+00
61 P st 37 cl 0 sigma 0.17627  G 7.39753246e-02 1.38944387e-01 2.97069550e-02 1.00000000e+00
61 P st 47 cl 0 sigma 0.17627  G 1.04695559e-01 8.95977020e-02 7.93099403e-02 1.00000000e+00
61 S st 18 cl 1 sigma 0.13790  G 2.03859806e-01 -1.43420696e-01 1.06644630e-01 1.00000000e+00
61 S st 26 cl 1 sigma 0.13790  G 5.21659851e-02 -2.48050690e-01 9.92536545e-02 1.00000000e+00
61 S st 37 cl 0 sigma 0.10762  G 1.27983093e-01 2.40373611e-01 5.13911247e-02 1.00000000e+00
61 S st 47 cl 1 sigma 0.13790  G 1.81132555e-01 1.55001879e-01 1.37203932e-01 1.00000000e+00
# EVENT 62  nrows 16  ncols 4  params[x y z ot]  hypo 2.0101 -1.1052 2.4195
62 P st 13 cl 0 sigma 0.17627  G 1.42890215e-01 -3.59237194e-02 6.15775585e-02 1.00000000e+00
62 P st 15 cl 0 sigma 0.17627  G 8.71300697e-02 1.02347136e-01 8.87393951e-02 1.00000000e+00
62 P st 16 cl 0 sigma 0.17627  G 3.98814678e-02 1.32501125e-01 7.89225101e-02 1.00000000e+00
62 P st 25 cl 0 sigma 0.17627  G 4.55021858e-02 -1.48773193e-01 4.02569771e-02 1.00000000e+00
62 P st 28 cl 1 sigma 0.40238  G 6.24477863e-02 -1.26796961e-01 7.11858273e-02 1.00000000e+00
62 P st 31 cl 0 sigma 0.17627  G 1.75535679e-02 -1.01351738e-01 1.18482113e-01 1.00000000e+00
62 P st 33 cl 1 sigma 0.40238  G 1.59025192e-01 -6.11543655e-03 2.48908997e-02 1.00000000e+00
62 P st 37 cl 0 sigma 0.17627  G -3.37421894e-02 9.63151455e-02 1.21182203e-01 1.00000000e+00
62 P st 39 cl 0 sigma 0.17627  G -8.16524029e-02 1.21301413e-01 6.27279282e-02 1.00000000e+00
62 P st 40 cl 0 sigma 0.17627  G 1.40905380e-01 7.41720200e-02 2.46047974e-02 1.00000000e+00
62 P st 41 cl 0 sigma 0.17627  G 1.19698048e-01 1.03116035e-01 3.09705734e-02 1.00000000e+00
62 P st 46 cl 0 sigma 0.17627  G 1.20335817e-01 -8.71419907e-03 9.90271568e-02 1.00000000e+00
62 S st 31 cl 1 sigma 0.13790  G 3.03745270e-02 -1.75338984e-01 2.04986334e-01 1.00000000e+00
62 S st 40 cl 1 sigma 0.13790  G 2.43759155e-01 1.28340721e-01 4.26054001e-02 1.00000000e+00
62 S st 41 cl 1 sigma 0.13790  G 2.07066536e-01 1.78384781e-01 5.35964966e-02 1.00000000e+00
62 S st 46 cl 0 sigma 0.10762  G 2.08175182e-01 -1.50561333e-02 1.71303749e-01 1.00000000e+00
# EVENT 63  nrows 24  ncols 4  params[x y z ot]  hypo -8.3142 0.4941 0.4829
63 P st 12 cl 0 sigma 0.17627  G -7.75337219e-02 -1.20669603e-01 1.03652477e-01 1.00000000e+00
63 P st 13 cl 0 sigma 0.17627  G -1.50474906e-01 -8.55922699e-03 9.03993845e-02 1.00000000e+00
63 P st 14 cl 0 sigma 0.17627  G -1.42717361e-01 7.54594803e-02 -3.10540199e-03 1.00000000e+00
63 P st 16 cl 0 sigma 0.17627  G -1.24621391e-01 1.02281570e-01 -8.04662704e-02 1.00000000e+00
63 P st 18 cl 0 sigma 0.17627  G -1.44684315e-01 -7.10368156e-02 -8.34226608e-02 1.00000000e+00
63 P st 19 cl 0 sigma 0.17627  G 9.48011875e-03 9.88513231e-02 1.43086910e-01 1.00000000e+00
63 P st 21 cl 1 sigma 0.40238  G -6.18696213e-02 -1.48808956e-01 -8.41379166e-02 1.00000000e+00
63 P st 22 cl 0 sigma 0.17627  G -9.91702080e-02 -1.27029419e-01 -8.41498375e-02 1.00000000e+00
63 P st 25 cl 0 sigma 0.17627  G -1.01721287e-01 -1.25110149e-01 -8.02755356e-02 1.00000000e+00
63 P st 28 cl 0 sigma 0.17627  G -1.40684843e-01 -7.93576241e-02 -4.49657440e-02 1.00000000e+00
63 P st 31 cl 0 sigma 0.17627  G -1.58876181e-01 -2.82227993e-02 -7.11619854e-02 1.00000000e+00
63 P st 33 cl 0 sigma 0.17627  G 1.59144402e-01 2.58862972e-02 2.14636326e-02 1.00000000e+00
63 P st 34 cl 0 sigma 0.17627  G -9.62853432e-02 1.03813410e-01 1.01655722e-01 1.00000000e+00
63 P st 37 cl 0 sigma 0.17627  G -1.49118900e-01 6.11782074e-02 -8.30292702e-02 1.00000000e+00
63 P st 40 cl 0 sigma 0.17627  G 6.82234764e-02 1.46198273e-01 -7.35878944e-02 1.00000000e+00
63 P st 43 cl 0 sigma 0.17627  G -8.41140747e-02 1.37507915e-01 -8.34107399e-02 1.00000000e+00
63 P st 44 cl 0 sigma 0.17627  G 5.62429428e-02 1.51014328e-01 -8.39114189e-02 1.00000000e+00
63 P st 46 cl 0 sigma 0.17627  G -1.57600641e-01 3.42190266e-02 2.11477280e-02 1.00000000e+00
63 S st 13 cl 1 sigma 0.13790  G -2.60323286e-01 -1.47998333e-02 1.56390667e-01 1.00000000e+00
63 S st 16 cl 1 sigma 0.13790  G -2.15590000e-01 1.76942348e-01 -1.39200687e-01 1.00000000e+00
63 S st 19 cl 1 sigma 0.13790  G 1.64031982e-02 1.71023607e-01 2.47544050e-01 1.00000000e+00
63 S st 34 cl 0 sigma 0.10762  G -1.66565180e-01 1.79594755e-01 1.75857544e-01 1.00000000e+00
63 S st 40 cl 0 sigma 0.10762  G 1.18076801e-01 2.52878666e-01 -1.27303600e-01 1.00000000e+00
63 S st 46 cl 1 sigma 0.13790  G -2.72631645e-01 5.92112541e-02 3.66091728e-02 1.00000000e+00
# EVENT 64  nrows 25  ncols 4  params[x y z ot]  hypo -5.4072 0.1155 2.3865
64 P st 12 cl 0 sigma 0.17627  G 4.86493111e-02 -9.08732414e-02 1.24734640e-01 1.00000000e+00
64 P st 13 cl 0 sigma 0.17627  G -1.63614750e-02 -2.82138586e-02 1.57108903e-01 1.00000000e+00
64 P st 14 cl 0 sigma 0.17627  G -9.04023647e-02 8.07821751e-02 1.02728605e-01 1.00000000e+00
64 P st 16 cl 0 sigma 0.17627  G -9.90986824e-02 1.15871429e-01 5.00559807e-02 1.00000000e+00
64 P st 18 cl 0 sigma 0.17627  G -1.26898289e-01 -8.93712044e-02 4.20570374e-02 1.00000000e+00
64 P st 19 cl 0 sigma 0.17627  G 9.24527645e-02 4.21285629e-02 1.20049715e-01 1.00000000e+00
64 P st 26 cl 1 sigma 0.40238  G -1.26874447e-01 -9.47117805e-02 2.99215317e-02 1.00000000e+00
64 P st 28 cl 0 sigma 0.17627  G -9.98616219e-02 -1.00570917e-01 7.12931156e-02 1.00000000e+00
64 P st 29 cl 0 sigma 0.17627  G -1.49321556e-01 -4.75287437e-02 3.80039215e-02 1.00000000e+00
64 P st 31 cl 0 sigma 0.17627  G -1.41084194e-01 -4.35233116e-02 6.29723072e-02 1.00000000e+00
64 P st 33 cl 1 sigma 0.40238  G 1.52093172e-01 1.01745129e-02 4.98473644e-02 1.00000000e+00
64 P st 34 cl 0 sigma 0.17627  G 3.06010246e-02 5.66422939e-02 1.42067671e-01 1.00000000e+00
64 P st 36 cl 0 sigma 0.17627  G 1.29485130e-01 7.92622566e-02 5.30123711e-02 1.00000000e+00
64 P st 37 cl 0 sigma 0.17627  G -1.37794018e-01 6.97374344e-02 4.63128090e-02 1.00000000e+00
64 P st 39 cl 0 sigma 0.17627  G -1.33275986e-01 8.50796700e-02 3.08632851e-02 1.00000000e+00
64 P st 40 cl 0 sigma 0.17627  G 9.88245010e-02 1.21760368e-01 3.74436378e-02 1.00000000e+00
64 P st 43 cl 0 sigma 0.17627  G -5.29527664e-02 1.46901608e-01 3.89099121e-02 1.00000000e+00
64 S st 12 cl 1 sigma 0.13790  G 8.41617584e-02 -1.57213211e-01 2.15780735e-01 1.00000000e+00
64 S st 13 cl 1 sigma 0.13790  G -2.83062458e-02 -4.88162041e-02 2.71803141e-01 1.00000000e+00
64 S st 18 cl 1 sigma 0.13790  G -2.19523907e-01 -1.54602528e-01 7.27534294e-02 1.00000000e+00
64 S st 26 cl 1 sigma 0.13790  G -2.19511986e-01 -1.63865089e-01 5.18083572e-02 1.00000000e+00
64 S st 29 cl 1 sigma 0.13790  G -2.58302689e-01 -8.22067261e-02 6.57558441e-02 1.00000000e+00
64 S st 34 cl 0 sigma 0.10762  G 5.29348850e-02 9.79900360e-02 2.45767832e-01 1.00000000e+00
64 S st 37 cl 1 sigma 0.13790  G -2.38358974e-01 1.20651722e-01 8.01205635e-02 1.00000000e+00
64 S st 39 cl 1 sigma 0.13790  G -2.30622292e-01 1.47199631e-01 5.34057617e-02 1.00000000e+00
# EVENT 65  nrows 30  ncols 4  params[x y z ot]  hypo -8.6914 -4.9579 1.4698
65 P st 10 cl 0 sigma 0.17627  G 3.06010246e-02 -1.57058239e-01 1.81078911e-02 1.00000000e+00
65 P st 12 cl 0 sigma 0.17627  G -3.63826752e-02 -1.52182579e-01 3.19600105e-02 1.00000000e+00
65 P st 14 cl 0 sigma 0.17627  G -1.45840645e-01 -5.04732132e-02 3.92675400e-02 1.00000000e+00
65 P st 16 cl 0 sigma 0.17627  G -1.55824423e-01 2.86161900e-02 2.64048576e-02 1.00000000e+00
65 P st 18 cl 0 sigma 0.17627  G -1.16991997e-01 -1.09887123e-01 1.38640404e-02 1.00000000e+00
65 P st 19 cl 0 sigma 0.17627  G -7.30156898e-03 -1.29944086e-01 8.67068768e-02 1.00000000e+00
65 P st 25 cl 0 sigma 0.17627  G -7.49707222e-02 -1.41906738e-01 1.39951706e-02 1.00000000e+00
65 P st 29 cl 0 sigma 0.17627  G -1.37603283e-01 -8.26478004e-02 1.36256218e-02 1.00000000e+00
65 P st 31 cl 0 sigma 0.17627  G -1.30438805e-01 -9.25660133e-02 1.82628632e-02 1.00000000e+00
65 P st 33 cl 0 sigma 0.17627  G 1.21438503e-01 -9.70244408e-02 3.70740891e-02 1.00000000e+00
65 P st 34 cl 0 sigma 0.17627  G -7.93576241e-02 -1.12819672e-01 7.68721104e-02 1.00000000e+00
65 P st 36 cl 0 sigma 0.17627  G 1.34855509e-01 -1.79767609e-02 7.85887241e-02 1.00000000e+00
65 P st 37 cl 0 sigma 0.17627  G -1.59442425e-01 -1.04546547e-02 1.94668770e-02 1.00000000e+00
65 P st 38 cl 0 sigma 0.17627  G 6.06119633e-02 4.68552113e-02 1.34128332e-01 1.00000000e+00
65 P st 39 cl 0 sigma 0.17627  G -1.58512592e-01 2.46644020e-02 1.51276588e-02 1.00000000e+00
65 P st 40 cl 0 sigma 0.17627  G 1.07485056e-01 1.04695559e-01 5.34534454e-02 1.00000000e+00
65 P st 43 cl 0 sigma 0.17627  G -1.24514103e-01 9.75131989e-02 2.81333923e-02 1.00000000e+00
65 P st 44 cl 0 sigma 0.17627  G 8.07821751e-02 1.35505199e-01 2.94446945e-02 1.00000000e+00
65 P st 46 cl 0 sigma 0.17627  G -1.30254030e-01 -8.68141651e-02 3.43441963e-02 1.00000000e+00
65 P st 47 cl 0 sigma 0.17627  G -1.46543980e-01 -6.47783279e-02 1.64031982e-02 1.00000000e+00
65 S st 12 cl 1 sigma 0.13790  G -6.29425049e-02 -2.63285637e-01 5.52773476e-02 1.00000000e+00
65 S st 16 cl 1 sigma 0.13790  G -2.69579887e-01 4.95076180e-02 4.56929207e-02 1.00000000e+00
65 S st 18 cl 1 sigma 0.13790  G -2.02369690e-01 -1.90114975e-01 2.40087509e-02 1.00000000e+00
65 S st 31 cl 1 sigma 0.13790  G -2.25663185e-01 -1.60145760e-01 3.15904617e-02 1.00000000e+00
65 S st 34 cl 1 sigma 0.13790  G -1.37269497e-01 -1.95181370e-01 1.32989883e-01 1.00000000e+00
65 S st 36 cl 1 sigma 0.13790  G 2.33292580e-01 -3.11136246e-02 1.35958195e-01 1.00000000e+00
65 S st 37 cl 1 sigma 0.13790  G -2.75826454e-01 -1.81198120e-02 3.36647034e-02 1.00000000e+00
65 S st 40 cl 0 sigma 0.10762  G 1.85978413e-01 1.81114674e-01 9.24706459e-02 1.00000000e+00
65 S st 44 cl 1 sigma 0.13790  G 1.39760971e-01 2.34413147e-01 5.09619713e-02 1.00000000e+00
65 S st 47 cl 1 sigma 0.13790  G -2.53510475e-01 -1.12104416e-01 2.83956528e-02 1.00000000e+00
# EVENT 66  nrows 28  ncols 4  params[x y z ot]  hypo -7.8702 -4.7569 1.5440
66 P st 12 cl 0 sigma 0.17627  G -2.11179256e-02 -1.54536963e-01 4.76360321e-02 1.00000000e+00
66 P st 14 cl 0 sigma 0.17627  G -1.41328573e-01 -5.08666039e-02 6.28173351e-02 1.00000000e+00
66 P st 16 cl 0 sigma 0.17627  G -1.52975321e-01 3.46243382e-02 4.20868397e-02 1.00000000e+00
66 P st 18 cl 0 sigma 0.17627  G -1.13868713e-01 -1.12879276e-01 2.05993652e-02 1.00000000e+00
66 P st 19 cl 0 sigma 0.17627  G 2.23934650e-02 -1.26433372e-01 1.08033419e-01 1.00000000e+00
66 P st 25 cl 0 sigma 0.17627  G -6.90698624e-02 -1.44731998e-01 2.05159187e-02 1.00000000e+00
66 P st 28 cl 0 sigma 0.17627  G -9.50932503e-02 -1.28161907e-01 2.82883644e-02 1.00000000e+00
66 P st 31 cl 0 sigma 0.17627  G -1.27673149e-01 -9.58204269e-02 2.83122063e-02 1.00000000e+00
66 P st 32 cl 1 sigma 0.40238  G -1.52063370e-01 -5.15937805e-02 1.73091888e-02 1.00000000e+00
66 P st 34 cl 0 sigma 0.17627  G -5.15401363e-02 -1.05983019e-01 1.08546019e-01 1.00000000e+00
66 P st 36 cl 0 sigma 0.17627  G 1.40023232e-01 -9.85860825e-03 8.11696053e-02 1.00000000e+00
66 P st 37 cl 0 sigma 0.17627  G -1.58953667e-01 -8.30888748e-03 3.05891037e-02 1.00000000e+00
66 P st 38 cl 0 sigma 0.17627  G 9.01877880e-02 5.20348549e-02 1.27911568e-01 1.00000000e+00
66 P st 40 cl 0 sigma 0.17627  G 1.15448236e-01 9.80377197e-02 6.10053539e-02 1.00000000e+00
66 P st 43 cl 0 sigma 0.17627  G -1.15823746e-01 1.06215477e-01 4.30583954e-02 1.00000000e+00
66 P st 44 cl 0 sigma 0.17627  G 8.95857811e-02 1.30093098e-01 3.84449959e-02 1.00000000e+00
66 P st 47 cl 0 sigma 0.17627  G -1.45590305e-01 -6.63399696e-02 2.51889229e-02 1.00000000e+00
66 S st 12 cl 1 sigma 0.13790  G -3.65376472e-02 -2.67362595e-01 8.23974609e-02 1.00000000e+00
66 S st 16 cl 1 sigma 0.13790  G -2.64632702e-01 5.99026680e-02 7.27891922e-02 1.00000000e+00
66 S st 18 cl 1 sigma 0.13790  G -1.96981430e-01 -1.95288658e-01 3.56435776e-02 1.00000000e+00
66 S st 19 cl 1 sigma 0.13790  G 3.87549400e-02 -2.18725204e-01 1.86884403e-01 1.00000000e+00
66 S st 34 cl 1 sigma 0.13790  G -8.91327858e-02 -1.83343887e-01 1.87778473e-01 1.00000000e+00
66 S st 36 cl 1 sigma 0.13790  G 2.42233276e-01 -1.70588493e-02 1.40404701e-01 1.00000000e+00
66 S st 37 cl 1 sigma 0.13790  G -2.75003910e-01 -1.43647194e-02 5.29170036e-02 1.00000000e+00
66 S st 38 cl 1 sigma 0.13790  G 1.56027079e-01 9.00268555e-02 2.21282244e-01 1.00000000e+00
66 S st 40 cl 0 sigma 0.10762  G 1.99723244e-01 1.69587135e-01 1.05524063e-01 1.00000000e+00
66 S st 43 cl 1 sigma 0.13790  G -2.00355053e-01 1.83761120e-01 7.44938850e-02 1.00000000e+00
66 S st 44 cl 1 sigma 0.13790  G 1.54972076e-01 2.25102901e-01 6.65068626e-02 1.00000000e+00
# EVENT 67  nrows 33  ncols 4  params[x y z ot]  hypo 7.8356 3.1326 -0.0892
67 P st 10 cl 0 sigma 0.17627  G 1.57022476e-01 -3.63111496e-02 -8.01682472e-02 1.00000000e+00
67 P st 12 cl 0 sigma 0.17627  G 1.61361694e-01 3.76701355e-03 -7.79628754e-02 1.00000000e+00
67 P st 14 cl 0 sigma 0.17627  G 1.42085552e-01 8.26120377e-02 -4.23669815e-02 1.00000000e+00
67 P st 18 cl 0 sigma 0.17627  G 1.48481131e-01 -9.17315483e-02 4.82201576e-02 1.00000000e+00
67 P st 19 cl 0 sigma 0.17627  G 1.55591965e-01 4.21285629e-02 -8.00013542e-02 1.00000000e+00
67 P st 21 cl 0 sigma 0.17627  G 1.09827518e-01 -1.18112564e-01 -7.91668892e-02 1.00000000e+00
67 P st 22 cl 0 sigma 0.17627  G 9.44972038e-02 -1.35004520e-01 -3.58462334e-02 1.00000000e+00
67 P st 25 cl 0 sigma 0.17627  G 1.37865543e-01 -9.42111015e-02 -1.81913376e-02 1.00000000e+00
67 P st 26 cl 0 sigma 0.17627  G 5.70476055e-02 -1.64127350e-01 4.92930412e-02 1.00000000e+00
67 P st 28 cl 0 sigma 0.17627  G 1.70707703e-01 -3.08752060e-02 2.45869160e-02 1.00000000e+00
67 P st 29 cl 0 sigma 0.17627  G 1.37388706e-01 -2.91645527e-02 1.05661154e-01 1.00000000e+00
67 P st 31 cl 0 sigma 0.17627  G 1.73676014e-01 2.45928764e-02 4.22835350e-02 1.00000000e+00
67 P st 32 cl 0 sigma 0.17627  G -9.89139080e-02 1.15120411e-01 9.82642174e-02 1.00000000e+00
67 P st 33 cl 1 sigma 0.40238  G 1.59049034e-01 2.59637833e-02 -8.01563263e-02 1.00000000e+00
67 P st 37 cl 0 sigma 0.17627  G 9.42945480e-02 1.45363808e-01 2.50279903e-02 1.00000000e+00
67 P st 38 cl 0 sigma 0.17627  G 1.43468380e-01 7.33733177e-02 -8.01682472e-02 1.00000000e+00
67 P st 39 cl 0 sigma 0.17627  G 2.66194344e-02 1.65116787e-01 -6.09159470e-03 1.00000000e+00
67 P st 40 cl 0 sigma 0.17627  G 1.39188766e-01 8.12292099e-02 -8.01563263e-02 1.00000000e+00
67 P st 41 cl 0 sigma 0.17627  G 1.25026703e-01 1.01685524e-01 -8.01563263e-02 1.00000000e+00
67 P st 44 cl 0 sigma 0.17627  G 1.29580498e-01 9.58681107e-02 -8.01801682e-02 1.00000000e+00
67 P st 46 cl 0 sigma 0.17627  G 1.55520439e-01 5.93304634e-02 -2.55465508e-02 1.00000000e+00
67 P st 47 cl 0 sigma 0.17627  G 1.43623352e-01 9.28282738e-02 5.88953495e-02 1.00000000e+00
67 S st 18 cl 0 sigma 0.10762  G 2.56872177e-01 -1.58667564e-01 8.33988190e-02 1.00000000e+00
67 S st 26 cl 1 sigma 0.13790  G 9.86814499e-02 -2.83932686e-01 8.52823257e-02 1.00000000e+00
67 S st 29 cl 1 sigma 0.13790  G 2.37691402e-01 -5.04553318e-02 1.82789564e-01 1.00000000e+00
67 S st 31 cl 1 sigma 0.13790  G 3.00467014e-01 4.25457954e-02 7.31587410e-02 1.00000000e+00
67 S st 33 cl 1 sigma 0.13790  G 2.75182724e-01 4.48942184e-02 -1.38711929e-01 1.00000000e+00
67 S st 38 cl 1 sigma 0.13790  G 2.48241425e-01 1.26981735e-01 -1.38664246e-01 1.00000000e+00
67 S st 39 cl 1 sigma 0.13790  G 4.60386276e-02 2.85649300e-01 -1.05619431e-02 1.00000000e+00
67 S st 40 cl 1 sigma 0.13790  G 2.40778923e-01 1.40523911e-01 -1.38688087e-01 1.00000000e+00
67 S st 41 cl 1 sigma 0.13790  G 2.16245651e-01 1.75929070e-01 -1.38711929e-01 1.00000000e+00
67 S st 44 cl 1 sigma 0.13790  G 2.24161148e-01 1.65748596e-01 -1.38711929e-01 1.00000000e+00
67 S st 47 cl 1 sigma 0.13790  G 2.48456001e-01 1.60586834e-01 1.01888180e-01 1.00000000e+00
# EVENT 68  nrows 22  ncols 4  params[x y z ot]  hypo 1.0232 -2.2939 0.6287
68 P st 12 cl 0 sigma 0.17627  G 1.35099888e-01 -8.73744488e-02 1.45137310e-02 1.00000000e+00
68 P st 14 cl 0 sigma 0.17627  G 1.45420432e-01 1.91241503e-02 7.20947981e-02 1.00000000e+00
68 P st 16 cl 0 sigma 0.17627  G 2.37286091e-02 1.52665377e-01 4.84466553e-02 1.00000000e+00
68 P st 18 cl 0 sigma 0.17627  G -3.80516052e-02 -1.56247616e-01 1.62422657e-02 1.00000000e+00
68 P st 19 cl 0 sigma 0.17627  G 1.60038471e-01 -1.69634819e-02 1.43408775e-02 1.00000000e+00
68 P st 28 cl 0 sigma 0.17627  G 4.14788723e-02 -1.54936314e-01 2.14636326e-02 1.00000000e+00
68 P st 29 cl 0 sigma 0.17627  G -9.78887081e-02 -1.26951933e-01 2.12430954e-02 1.00000000e+00
68 P st 31 cl 0 sigma 0.17627  G -1.41561031e-02 -1.56176090e-01 4.51624393e-02 1.00000000e+00
68 P st 34 cl 0 sigma 0.17627  G 1.59734488e-01 -1.44839287e-02 2.06470490e-02 1.00000000e+00
68 P st 37 cl 0 sigma 0.17627  G -1.00970268e-01 9.24289227e-02 9.02235508e-02 1.00000000e+00
68 P st 39 cl 0 sigma 0.17627  G -1.15168095e-01 1.11544132e-01 2.26616859e-02 1.00000000e+00
68 P st 43 cl 1 sigma 0.40238  G 4.81843948e-02 1.53386593e-01 1.69038773e-02 1.00000000e+00
68 P st 44 cl 1 sigma 0.40238  G 1.31249428e-01 9.34362411e-02 8.10623169e-03 1.00000000e+00
68 P st 45 cl 0 sigma 0.17627  G 6.27040863e-03 1.60861015e-01 1.25169754e-02 1.00000000e+00
68 P st 46 cl 0 sigma 0.17627  G 1.38783455e-01 -6.06834888e-02 5.99086285e-02 1.00000000e+00
68 P st 47 cl 0 sigma 0.17627  G -1.09118223e-01 -1.08021498e-01 5.49674034e-02 1.00000000e+00
68 S st 18 cl 1 sigma 0.13790  G -6.58273697e-02 -2.70295143e-01 2.81095505e-02 1.00000000e+00
68 S st 19 cl 1 sigma 0.13790  G 2.76863575e-01 -2.93135643e-02 2.48312950e-02 1.00000000e+00
68 S st 29 cl 1 sigma 0.13790  G -1.69348717e-01 -2.19631195e-01 3.67641449e-02 1.00000000e+00
68 S st 31 cl 1 sigma 0.13790  G -2.44915485e-02 -2.70187855e-01 7.81297684e-02 1.00000000e+00
68 S st 34 cl 1 sigma 0.13790  G 2.76350975e-01 -2.50458717e-02 3.57389450e-02 1.00000000e+00
68 S st 47 cl 1 sigma 0.13790  G -1.88779831e-01 -1.86884403e-01 9.51051712e-02 1.00000000e+00
# EVENT 69  nrows 22  ncols 4  params[x y z ot]  hypo 2.6015 -2.6281 2.5038
69 P st 14 cl 0 sigma 0.17627  G 1.26355886e-01 2.45571136e-03 9.99331474e-02 1.00000000e+00
69 P st 16 cl 0 sigma 0.17627  G 6.19530678e-02 1.09839439e-01 1.04409456e-01 1.00000000e+00
69 P st 18 cl 0 sigma 0.17627  G -8.02278519e-03 -1.51389837e-01 5.77092171e-02 1.00000000e+00
69 P st 25 cl 1 sigma 0.40238  G 4.73022461e-02 -1.49607658e-01 3.91721725e-02 1.00000000e+00
69 P st 29 cl 0 sigma 0.17627  G -6.13510609e-02 -1.28668547e-01 7.52449036e-02 1.00000000e+00
69 P st 31 cl 0 sigma 0.17627  G 2.95758247e-02 -1.23721361e-01 9.73165035e-02 1.00000000e+00
69 P st 37 cl 0 sigma 0.17627  G -1.89423561e-02 6.04748726e-02 1.48779154e-01 1.00000000e+00
69 P st 39 cl 1 sigma 0.40238  G -8.24928284e-02 1.07586384e-01 8.78155231e-02 1.00000000e+00
69 P st 40 cl 0 sigma 0.17627  G 1.47271156e-01 5.98073006e-02 2.85744667e-02 1.00000000e+00
69 P st 43 cl 1 sigma 0.40238  G 7.03692436e-02 1.33550167e-01 5.77926636e-02 1.00000000e+00
69 P st 44 cl 1 sigma 0.40238  G 1.35552883e-01 8.39471817e-02 2.52366066e-02 1.00000000e+00
69 P st 46 cl 0 sigma 0.17627  G 1.24990940e-01 -4.58061695e-02 9.16421413e-02 1.00000000e+00
69 P st 47 cl 0 sigma 0.17627  G -4.25934792e-02 -9.98854637e-02 1.22570992e-01 1.00000000e+00
69 S st 14 cl 1 sigma 0.13790  G 2.18605995e-01 4.25577164e-03 1.72877312e-01 1.00000000e+00
69 S st 18 cl 0 sigma 0.10762  G -1.38759613e-02 -2.61914730e-01 9.98497009e-02 1.00000000e+00
69 S st 25 cl 1 sigma 0.13790  G 8.18729401e-02 -2.58827209e-01 6.77824020e-02 1.00000000e+00
69 S st 29 cl 0 sigma 0.10762  G -1.06143951e-01 -2.22587585e-01 1.30176544e-01 1.00000000e+00
69 S st 31 cl 1 sigma 0.13790  G 5.11765480e-02 -2.14028358e-01 1.68359280e-01 1.00000000e+00
69 S st 37 cl 1 sigma 0.13790  G -3.27467918e-02 1.04618073e-01 2.57384777e-01 1.00000000e+00
69 S st 40 cl 1 sigma 0.13790  G 2.54750252e-01 1.03425980e-01 4.94241714e-02 1.00000000e+00
69 S st 46 cl 1 sigma 0.13790  G 2.16257572e-01 -7.92384148e-02 1.58536434e-01 1.00000000e+00
69 S st 47 cl 1 sigma 0.13790  G -7.36832619e-02 -1.72793865e-01 2.12049484e-01 1.00000000e+00
# EVENT 70  nrows 23  ncols 4  params[x y z ot]  hypo 6.7425 -1.7523 0.0418
70 P st 14 cl 0 sigma 0.17627  G 1.68067217e-01 1.81555748e-02 -5.78463078e-02 1.00000000e+00
70 P st 16 cl 0 sigma 0.17627  G 1.37311220e-01 1.04522705e-01 -3.43441963e-02 1.00000000e+00
70 P st 18 cl 0 sigma 0.17627  G 7.27653503e-02 -1.54942274e-01 -4.84228134e-02 1.00000000e+00
70 P st 21 cl 0 sigma 0.17627  G 8.07762146e-02 -1.39462948e-01 -8.41736794e-02 1.00000000e+00
70 P st 22 cl 0 sigma 0.17627  G 5.81026077e-02 -1.50322914e-01 -8.41498375e-02 1.00000000e+00
70 P st 25 cl 0 sigma 0.17627  G 9.39488411e-02 -1.31094456e-01 -8.38637352e-02 1.00000000e+00
70 P st 26 cl 0 sigma 0.17627  G 1.28984451e-02 -1.65987015e-01 -7.22289085e-02 1.00000000e+00
70 P st 28 cl 0 sigma 0.17627  G 1.27673149e-01 -1.08540058e-01 -7.03930855e-02 1.00000000e+00
70 P st 29 cl 0 sigma 0.17627  G 3.62336636e-02 -1.66749954e-01 4.35948372e-02 1.00000000e+00
70 P st 31 cl 0 sigma 0.17627  G 1.39290094e-01 -1.04373693e-01 3.85642052e-03 1.00000000e+00
70 P st 32 cl 0 sigma 0.17627  G -1.15025043e-01 -1.19292736e-01 8.05795193e-02 1.00000000e+00
70 P st 37 cl 0 sigma 0.17627  G 1.39480829e-01 9.28699970e-02 6.46591187e-02 1.00000000e+00
70 P st 39 cl 0 sigma 0.17627  G 1.81198120e-02 1.71244144e-01 4.12404537e-02 1.00000000e+00
70 P st 40 cl 0 sigma 0.17627  G 1.51443481e-01 5.52058220e-02 -8.41736794e-02 1.00000000e+00
70 P st 46 cl 0 sigma 0.17627  G 1.68097019e-01 -1.77443027e-02 -6.13093376e-02 1.00000000e+00
70 P st 47 cl 0 sigma 0.17627  G 1.23018026e-01 -1.07973814e-01 8.52763653e-02 1.00000000e+00
70 S st 18 cl 1 sigma 0.13790  G 1.25908852e-01 -2.68030167e-01 -8.37683678e-02 1.00000000e+00
70 S st 25 cl 1 sigma 0.13790  G 1.62529945e-01 -2.26807594e-01 -1.45125389e-01 1.00000000e+00
70 S st 26 cl 1 sigma 0.13790  G 2.22921371e-02 -2.87175179e-01 -1.24979019e-01 1.00000000e+00
70 S st 31 cl 0 sigma 0.10762  G 2.40969658e-01 -1.80554390e-01 6.65187836e-03 1.00000000e+00
70 S st 39 cl 1 sigma 0.13790  G 3.13282013e-02 2.96282768e-01 7.13348389e-02 1.00000000e+00
70 S st 40 cl 1 sigma 0.13790  G 2.61974335e-01 9.54627991e-02 -1.45649910e-01 1.00000000e+00
70 S st 47 cl 0 sigma 0.10762  G 2.12818384e-01 -1.86794996e-01 1.47515535e-01 1.00000000e+00
# EVENT 71  nrows 33  ncols 4  params[x y z ot]  hypo 1.9022 -1.4812 1.0629
71 P st 12 cl 0 sigma 0.17627  G 1.43873692e-01 -7.02917576e-02 2.45451927e-02 1.00000000e+00
71 P st 14 cl 0 sigma 0.17627  G 1.40541792e-01 4.21762466e-02 7.02440739e-02 1.00000000e+00
71 P st 16 cl 0 sigma 0.17627  G 4.43100929e-02 1.46734715e-01 5.44309616e-02 1.00000000e+00
71 P st 18 cl 0 sigma 0.17627  G -2.40921974e-02 -1.56980753e-01 3.40402126e-02 1.00000000e+00
71 P st 19 cl 0 sigma 0.17627  G 1.60253048e-01 -2.99215317e-03 2.29239464e-02 1.00000000e+00
71 P st 21 cl 0 sigma 0.17627  G 4.37736511e-02 -1.54805183e-01 1.35302544e-02 1.00000000e+00
71 P st 22 cl 0 sigma 0.17627  G 8.23736191e-03 -1.60562992e-01 1.60932541e-02 1.00000000e+00
71 P st 25 cl 0 sigma 0.17627  G 4.39882278e-02 -1.54316425e-01 2.09808350e-02 1.00000000e+00
71 P st 28 cl 1 sigma 0.40238  G 6.39975071e-02 -1.43766403e-01 4.08291817e-02 1.00000000e+00
71 P st 29 cl 0 sigma 0.17627  G -9.12010670e-02 -1.26397610e-01 4.69505787e-02 1.00000000e+00
71 P st 31 cl 0 sigma 0.17627  G 1.78039074e-02 -1.40595436e-01 8.22126865e-02 1.00000000e+00
71 P st 33 cl 1 sigma 0.40238  G 1.60574913e-01 -9.93013382e-03 1.37686729e-02 1.00000000e+00
71 P st 36 cl 1 sigma 0.40238  G 1.57690048e-01 3.14116478e-02 1.52111053e-02 1.00000000e+00
71 P st 37 cl 0 sigma 0.17627  G -4.80949879e-02 1.09589100e-01 1.05965137e-01 1.00000000e+00
71 P st 38 cl 0 sigma 0.17627  G 1.50179863e-01 5.70416451e-02 1.79767609e-02 1.00000000e+00
71 P st 39 cl 0 sigma 0.17627  G -9.35912132e-02 1.27238035e-01 3.86178493e-02 1.00000000e+00
71 P st 40 cl 0 sigma 0.17627  G 1.43599510e-01 7.24673271e-02 1.37805939e-02 1.00000000e+00
71 P st 43 cl 0 sigma 0.17627  G 5.72323799e-02 1.49440765e-01 2.56299973e-02 1.00000000e+00
71 P st 46 cl 0 sigma 0.17627  G 1.44886971e-01 -2.33173370e-02 6.88433647e-02 1.00000000e+00
71 P st 47 cl 0 sigma 0.17627  G -8.23259354e-02 -8.38398933e-02 1.07675791e-01 1.00000000e+00
71 S st 16 cl 1 sigma 0.13790  G 7.66634941e-02 2.53856182e-01 9.41753387e-02 1.00000000e+00
71 S st 18 cl 0 sigma 0.10762  G -4.16994095e-02 -2.71570683e-01 5.89013100e-02 1.00000000e+00
71 S st 19 cl 0 sigma 0.10762  G 2.77197361e-01 -5.17368317e-03 3.96728516e-02 1.00000000e+00
71 S st 21 cl 1 sigma 0.13790  G 7.57455826e-02 -2.67791748e-01 2.33650208e-02 1.00000000e+00
71 S st 22 cl 1 sigma 0.13790  G 1.42574310e-02 -2.77757645e-01 2.78234482e-02 1.00000000e+00
71 S st 25 cl 1 sigma 0.13790  G 7.61032104e-02 -2.66981125e-01 3.63111496e-02 1.00000000e+00
71 S st 29 cl 0 sigma 0.10762  G -1.57761574e-01 -2.18677521e-01 8.12292099e-02 1.00000000e+00
71 S st 31 cl 1 sigma 0.13790  G 3.07798386e-02 -2.43216753e-01 1.42234564e-01 1.00000000e+00
71 S st 36 cl 1 sigma 0.13790  G 2.72846222e-01 5.43355942e-02 2.62975693e-02 1.00000000e+00
71 S st 37 cl 1 sigma 0.13790  G -8.32080841e-02 1.89578533e-01 1.83320045e-01 1.00000000e+00
71 S st 38 cl 1 sigma 0.13790  G 2.59852409e-01 9.87052917e-02 3.10897827e-02 1.00000000e+00
71 S st 40 cl 1 sigma 0.13790  G 2.48456001e-01 1.25384331e-01 2.38180161e-02 1.00000000e+00
71 S st 47 cl 0 sigma 0.10762  G -1.42431259e-01 -1.45030022e-01 1.86282396e-01 1.00000000e+00
# EVENT 72  nrows 31  ncols 4  params[x y z ot]  hypo -5.2592 0.2898 1.1856
72 P st 10 cl 0 sigma 0.17627  G 1.00386143e-01 -1.23775005e-01 2.66194344e-02 1.00000000e+00
72 P st 12 cl 0 sigma 0.17627  G 6.25431538e-02 -9.89794731e-02 1.05020404e-01 1.00000000e+00
72 P st 14 cl 0 sigma 0.17627  G -1.02382898e-01 1.01870298e-01 7.11083412e-02 1.00000000e+00
72 P st 16 cl 0 sigma 0.17627  G -1.00338459e-01 1.23530626e-01 2.75492668e-02 1.00000000e+00
72 P st 18 cl 0 sigma 0.17627  G -1.31273270e-01 -9.13619995e-02 2.34127045e-02 1.00000000e+00
72 P st 19 cl 0 sigma 0.17627  G 1.23184919e-01 6.02245331e-02 8.88109207e-02 1.00000000e+00
72 P st 26 cl 0 sigma 0.17627  G -1.29020214e-01 -9.55820084e-02 1.65224075e-02 1.00000000e+00
72 P st 28 cl 0 sigma 0.17627  G -1.09606981e-01 -1.09750032e-01 4.56929207e-02 1.00000000e+00
72 P st 29 cl 0 sigma 0.17627  G -1.53148174e-01 -4.69446182e-02 2.09569931e-02 1.00000000e+00
72 P st 31 cl 0 sigma 0.17627  G -1.50448084e-01 -4.35292721e-02 3.82006168e-02 1.00000000e+00
72 P st 33 cl 0 sigma 0.17627  G 1.58900023e-01 1.35123730e-02 2.69412994e-02 1.00000000e+00
72 P st 34 cl 0 sigma 0.17627  G 4.89771366e-02 8.61823559e-02 1.25044584e-01 1.00000000e+00
72 P st 36 cl 0 sigma 0.17627  G 1.34849548e-01 8.40425491e-02 2.87532806e-02 1.00000000e+00
72 P st 37 cl 0 sigma 0.17627  G -1.40535831e-01 7.53343105e-02 2.55167484e-02 1.00000000e+00
72 P st 38 cl 0 sigma 0.17627  G 9.57369804e-02 1.25515461e-01 3.31640244e-02 1.00000000e+00
72 P st 40 cl 0 sigma 0.17627  G 1.01101398e-01 1.24442577e-01 1.97410583e-02 1.00000000e+00
72 P st 43 cl 0 sigma 0.17627  G -5.16891479e-02 1.51586533e-01 2.07424164e-02 1.00000000e+00
72 P st 44 cl 0 sigma 0.17627  G 8.46862793e-02 1.36542320e-01 1.51872635e-02 1.00000000e+00
72 P st 46 cl 0 sigma 0.17627  G -1.22058392e-01 4.63247299e-02 1.02287531e-01 1.00000000e+00
72 P st 47 cl 0 sigma 0.17627  G -1.59251690e-01 -6.27040863e-03 2.67863274e-02 1.00000000e+00
72 S st 12 cl 0 sigma 0.10762  G 1.08200312e-01 -1.71238184e-01 1.81686878e-01 1.00000000e+00
72 S st 18 cl 1 sigma 0.13790  G -2.27105618e-01 -1.58047676e-01 4.05192375e-02 1.00000000e+00
72 S st 19 cl 1 sigma 0.13790  G 2.13110447e-01 1.04171038e-01 1.53642893e-01 1.00000000e+00
72 S st 26 cl 1 sigma 0.13790  G -2.23207474e-01 -1.65319443e-01 2.85863876e-02 1.00000000e+00
72 S st 29 cl 1 sigma 0.13790  G -2.64906883e-01 -8.12053680e-02 3.62396240e-02 1.00000000e+00
72 S st 34 cl 0 sigma 0.10762  G 8.47399235e-02 1.49095058e-01 2.16323137e-01 1.00000000e+00
72 S st 37 cl 1 sigma 0.13790  G -2.43115425e-01 1.30319595e-01 4.41431999e-02 1.00000000e+00
72 S st 38 cl 1 sigma 0.13790  G 1.65641308e-01 2.17151642e-01 5.73992729e-02 1.00000000e+00
72 S st 40 cl 0 sigma 0.10762  G 1.74832344e-01 2.15315819e-01 3.41176987e-02 1.00000000e+00
72 S st 44 cl 1 sigma 0.13790  G 1.46555901e-01 2.36201286e-01 2.62498856e-02 1.00000000e+00
72 S st 47 cl 1 sigma 0.13790  G -2.75492668e-01 -1.08242035e-02 4.63485718e-02 1.00000000e+00
# EVENT 73  nrows 24  ncols 4  params[x y z ot]  hypo 2.0175 -3.0160 1.2831
73 P st 14 cl 0 sigma 0.17627  G 1.42246485e-01 -9.83476639e-03 7.13050365e-02 1.00000000e+00
73 P st 16 cl 0 sigma 0.17627  G 5.72204590e-02 1.23667717e-01 7.73847103e-02 1.00000000e+00
73 P st 18 cl 0 sigma 0.17627  G -1.81555748e-02 -1.58041716e-01 2.66969204e-02 1.00000000e+00
73 P st 19 cl 1 sigma 0.40238  G 1.57725811e-01 -2.59518623e-02 2.22444534e-02 1.00000000e+00
73 P st 22 cl 1 sigma 0.40238  G 8.63075256e-03 -1.60408020e-01 1.44243240e-02 1.00000000e+00
73 P st 26 cl 1 sigma 0.40238  G -5.12957573e-02 -1.51765347e-01 1.91450119e-02 1.00000000e+00
73 P st 28 cl 0 sigma 0.17627  G 5.50627708e-02 -1.48183107e-01 3.11017036e-02 1.00000000e+00
73 P st 29 cl 0 sigma 0.17627  G -7.43448734e-02 -1.38455629e-01 3.63469124e-02 1.00000000e+00
73 P st 31 cl 0 sigma 0.17627  G 1.66893005e-02 -1.49595737e-01 5.52833080e-02 1.00000000e+00
73 P st 34 cl 0 sigma 0.17627  G 1.55955553e-01 -2.59220600e-02 2.97904015e-02 1.00000000e+00
73 P st 37 cl 0 sigma 0.17627  G -5.56170940e-02 6.06834888e-02 1.35946274e-01 1.00000000e+00
73 P st 38 cl 0 sigma 0.17627  G 1.55448914e-01 3.87787819e-02 1.85370445e-02 1.00000000e+00
73 P st 39 cl 0 sigma 0.17627  G -1.05839968e-01 1.08659267e-01 5.02884388e-02 1.00000000e+00
73 P st 40 cl 0 sigma 0.17627  G 1.49357319e-01 5.91397285e-02 1.42574310e-02 1.00000000e+00
73 P st 41 cl 0 sigma 0.17627  G 1.32691860e-01 8.98957253e-02 1.85251236e-02 1.00000000e+00
73 P st 43 cl 1 sigma 0.40238  G 6.79135323e-02 1.42496824e-01 3.15845013e-02 1.00000000e+00
73 P st 46 cl 0 sigma 0.17627  G 1.31350756e-01 -6.59227371e-02 5.92350960e-02 1.00000000e+00
73 P st 47 cl 0 sigma 0.17627  G -6.69300556e-02 -1.23828650e-01 7.63893127e-02 1.00000000e+00
73 S st 18 cl 1 sigma 0.13790  G -3.14235687e-02 -2.73418427e-01 4.61816788e-02 1.00000000e+00
73 S st 19 cl 1 sigma 0.13790  G 2.72834301e-01 -4.49061394e-02 3.84926796e-02 1.00000000e+00
73 S st 29 cl 0 sigma 0.10762  G -1.28626823e-01 -2.39515305e-01 6.28948212e-02 1.00000000e+00
73 S st 31 cl 1 sigma 0.13790  G 2.88486481e-02 -2.58815289e-01 9.56296921e-02 1.00000000e+00
73 S st 37 cl 1 sigma 0.13790  G -9.62257385e-02 1.04963779e-01 2.35188007e-01 1.00000000e+00
73 S st 47 cl 1 sigma 0.13790  G -1.15776062e-01 -2.14231014e-01 1.32143497e-01 1.00000000e+00
# EVENT 74  nrows 22  ncols 4  params[x y z ot]  hypo 2.4604 -4.9733 3.1649
74 P st 14 cl 0 sigma 0.17627  G 1.10816956e-01 -5.31733036e-02 1.06501579e-01 1.00000000e+00
74 P st 16 cl 0 sigma 0.17627  G 6.39140606e-02 4.98354435e-02 1.40482187e-01 1.00000000e+00
74 P st 18 cl 0 sigma 0.17627  G -8.33272934e-03 -1.52647495e-01 5.43475151e-02 1.00000000e+00
74 P st 19 cl 0 sigma 0.17627  G 1.45518780e-01 -4.90069389e-02 5.23447990e-02 1.00000000e+00
74 P st 21 cl 1 sigma 0.40238  G 4.00543213e-02 -1.53720379e-01 2.87055969e-02 1.00000000e+00
74 P st 29 cl 0 sigma 0.17627  G -5.04374504e-02 -1.38890743e-01 6.75797462e-02 1.00000000e+00
74 P st 31 cl 0 sigma 0.17627  G 1.98006630e-02 -1.38789415e-01 8.10563564e-02 1.00000000e+00
74 P st 36 cl 1 sigma 0.40238  G 1.56724453e-01 -5.78165054e-03 3.91364098e-02 1.00000000e+00
74 P st 37 cl 0 sigma 0.17627  G -2.61962414e-02 -3.28481197e-02 1.57123804e-01 1.00000000e+00
74 P st 38 cl 0 sigma 0.17627  G 1.54185295e-01 1.30295753e-02 4.80532646e-02 1.00000000e+00
74 P st 39 cl 1 sigma 0.40238  G -9.05990601e-02 5.62131405e-02 1.20335817e-01 1.00000000e+00
74 P st 40 cl 0 sigma 0.17627  G 1.52361393e-01 3.88503075e-02 3.77893448e-02 1.00000000e+00
74 P st 41 cl 0 sigma 0.17627  G 1.39081478e-01 6.53505325e-02 5.10454178e-02 1.00000000e+00
74 P st 43 cl 0 sigma 0.17627  G 7.91668892e-02 1.09398365e-01 8.80181789e-02 1.00000000e+00
74 P st 46 cl 0 sigma 0.17627  G 1.01143122e-01 -8.66413116e-02 8.98778439e-02 1.00000000e+00
74 P st 47 cl 0 sigma 0.17627  G -3.34680080e-02 -1.22290850e-01 9.97245312e-02 1.00000000e+00
74 S st 14 cl 0 sigma 0.10762  G 1.91700459e-01 -9.19699669e-02 1.84261799e-01 1.00000000e+00
74 S st 16 cl 1 sigma 0.13790  G 1.10578537e-01 8.62240791e-02 2.43043900e-01 1.00000000e+00
74 S st 18 cl 0 sigma 0.10762  G -1.44243240e-02 -2.64096260e-01 9.39846039e-02 1.00000000e+00
74 S st 19 cl 1 sigma 0.13790  G 2.51746178e-01 -8.47578049e-02 9.05513763e-02 1.00000000e+00
74 S st 29 cl 1 sigma 0.13790  G -8.72373581e-02 -2.40278244e-01 1.16896629e-01 1.00000000e+00
74 S st 37 cl 1 sigma 0.13790  G -4.53114510e-02 -5.68389893e-02 2.71821022e-01 1.00000000e+00
# EVENT 75  nrows 25  ncols 4  params[x y z ot]  hypo -3.3677 -7.8967 0.7363
75 P st 12 cl 1 sigma 0.40238  G 4.97102737e-02 -1.53052807e-01 1.19209290e-02 1.00000000e+00
75 P st 16 cl 0 sigma 0.17627  G -1.40726566e-01 -4.83870506e-02 5.68449497e-02 1.00000000e+00
75 P st 18 cl 0 sigma 0.17627  G -6.72936440e-02 -1.46293640e-01 8.96453857e-03 1.00000000e+00
75 P st 21 cl 0 sigma 0.17627  G -5.79357147e-03 -1.60980225e-01 6.41345978e-03 1.00000000e+00
75 P st 29 cl 0 sigma 0.17627  G -9.88006592e-02 -1.27136707e-01 9.54866409e-03 1.00000000e+00
75 P st 31 cl 0 sigma 0.17627  G -6.89387321e-02 -1.45399570e-01 1.19209290e-02 1.00000000e+00
75 P st 34 cl 0 sigma 0.17627  G 6.84618950e-02 -1.44058466e-01 2.29299068e-02 1.00000000e+00
75 P st 36 cl 0 sigma 0.17627  G 1.50823593e-01 -5.57422638e-02 1.37686729e-02 1.00000000e+00
75 P st 37 cl 0 sigma 0.17627  G -1.38634443e-01 -7.97092915e-02 2.01940536e-02 1.00000000e+00
75 P st 38 cl 0 sigma 0.17627  G 1.53577328e-01 -4.26292419e-02 2.34007835e-02 1.00000000e+00
75 P st 39 cl 0 sigma 0.17627  G -1.60372257e-01 -1.05857849e-02 1.46269798e-02 1.00000000e+00
75 P st 40 cl 0 sigma 0.17627  G 1.59847736e-01 1.60574913e-02 1.47700310e-02 1.00000000e+00
75 P st 41 cl 0 sigma 0.17627  G 1.43289566e-01 6.20245934e-02 3.66628170e-02 1.00000000e+00
75 P st 43 cl 0 sigma 0.17627  G -7.83145428e-02 1.14876032e-01 8.32974911e-02 1.00000000e+00
75 P st 46 cl 0 sigma 0.17627  G -2.09033489e-02 -1.58590078e-01 2.11417675e-02 1.00000000e+00
75 P st 47 cl 0 sigma 0.17627  G -1.05035305e-01 -1.21891499e-01 1.20401382e-02 1.00000000e+00
75 S st 12 cl 1 sigma 0.13790  G 8.59975815e-02 -2.64763832e-01 2.05993652e-02 1.00000000e+00
75 S st 16 cl 1 sigma 0.13790  G -2.43455172e-01 -8.37147236e-02 9.83536243e-02 1.00000000e+00
75 S st 18 cl 0 sigma 0.10762  G -1.16419792e-01 -2.53081322e-01 1.55210495e-02 1.00000000e+00
75 S st 21 cl 1 sigma 0.13790  G -1.00135803e-02 -2.78544426e-01 1.11103058e-02 1.00000000e+00
75 S st 29 cl 0 sigma 0.10762  G -1.70946121e-01 -2.19941139e-01 1.64985657e-02 1.00000000e+00
75 S st 36 cl 1 sigma 0.13790  G 2.60925293e-01 -9.64403152e-02 2.38299370e-02 1.00000000e+00
75 S st 38 cl 1 sigma 0.13790  G 2.65693665e-01 -7.37428665e-02 4.04953957e-02 1.00000000e+00
75 S st 40 cl 0 sigma 0.10762  G 2.76541710e-01 2.77876854e-02 2.55703926e-02 1.00000000e+00
75 S st 47 cl 1 sigma 0.13790  G -1.81722641e-01 -2.10881233e-01 2.08377838e-02 1.00000000e+00
# EVENT 76  nrows 22  ncols 4  params[x y z ot]  hypo -3.7919 -7.7315 1.3873
76 P st 14 cl 0 sigma 0.17627  G -4.43339348e-02 -1.42395496e-01 5.56766987e-02 1.00000000e+00
76 P st 16 cl 0 sigma 0.17627  G -1.35582685e-01 -3.64422798e-02 7.11739063e-02 1.00000000e+00
76 P st 18 cl 0 sigma 0.17627  G -7.13586807e-02 -1.43778324e-01 1.45196915e-02 1.00000000e+00
76 P st 31 cl 0 sigma 0.17627  G -7.42554665e-02 -1.41537189e-01 2.04801559e-02 1.00000000e+00
76 P st 33 cl 0 sigma 0.17627  G 1.31809711e-01 -9.10043716e-02 1.77741051e-02 1.00000000e+00
76 P st 36 cl 0 sigma 0.17627  G 1.49106979e-01 -5.49793243e-02 2.58803368e-02 1.00000000e+00
76 P st 37 cl 0 sigma 0.17627  G -1.39462948e-01 -7.18832016e-02 3.34978104e-02 1.00000000e+00
76 P st 38 cl 0 sigma 0.17627  G 1.49035454e-01 -4.02569771e-02 4.38690186e-02 1.00000000e+00
76 P st 39 cl 0 sigma 0.17627  G -1.58751011e-01 -7.39097595e-03 2.45451927e-02 1.00000000e+00
76 P st 40 cl 0 sigma 0.17627  G 1.56944990e-01 1.94370747e-02 2.78472900e-02 1.00000000e+00
76 P st 43 cl 0 sigma 0.17627  G -8.05556774e-02 1.01613998e-01 9.27865505e-02 1.00000000e+00
76 P st 44 cl 0 sigma 0.17627  G 1.42693520e-01 7.07983971e-02 2.29954720e-02 1.00000000e+00
76 P st 45 cl 0 sigma 0.17627  G -9.72390175e-02 1.20681524e-01 3.96966934e-02 1.00000000e+00
76 P st 47 cl 0 sigma 0.17627  G -1.08766556e-01 -1.17015839e-01 2.04682350e-02 1.00000000e+00
76 S st 14 cl 1 sigma 0.13790  G -7.66992569e-02 -2.46345997e-01 9.63211060e-02 1.00000000e+00
76 S st 18 cl 1 sigma 0.13790  G -1.23429298e-01 -2.48718262e-01 2.51293182e-02 1.00000000e+00
76 S st 31 cl 1 sigma 0.13790  G -1.28471851e-01 -2.44832039e-01 3.54290009e-02 1.00000000e+00
76 S st 39 cl 1 sigma 0.13790  G -2.74634361e-01 -1.28030777e-02 4.24861908e-02 1.00000000e+00
76 S st 40 cl 1 sigma 0.13790  G 2.71511078e-01 3.36408615e-02 4.81605530e-02 1.00000000e+00
76 S st 44 cl 1 sigma 0.13790  G 2.46894360e-01 1.22487545e-01 3.97682190e-02 1.00000000e+00
76 S st 45 cl 1 sigma 0.13790  G -1.68216228e-01 2.08771229e-01 6.86883926e-02 1.00000000e+00
76 S st 47 cl 1 sigma 0.13790  G -1.88136101e-01 -2.02441216e-01 3.54051590e-02 1.00000000e+00
# EVENT 77  nrows 14  ncols 4  params[x y z ot]  hypo 8.5542 2.3065 -1.9741
77 P st 12 cl 1 sigma 0.40238  G 1.79946423e-01 -5.63859940e-03 -3.56650352e-01 1.00000000e+00
77 P st 18 cl 0 sigma 0.17627  G 1.48355961e-01 -1.01977587e-01 -3.56632471e-01 1.00000000e+00
77 P st 21 cl 0 sigma 0.17627  G 1.21855736e-01 -1.31618977e-01 -3.57294083e-01 1.00000000e+00
77 P st 26 cl 0 sigma 0.17627  G 6.92009926e-02 -1.66213512e-01 -3.56638432e-01 1.00000000e+00
77 P st 28 cl 0 sigma 0.17627  G 1.74450874e-01 -4.44769859e-02 -3.56626511e-01 1.00000000e+00
77 P st 29 cl 0 sigma 0.17627  G 1.68991089e-01 -7.40945339e-02 -3.54278088e-01 1.00000000e+00
77 P st 31 cl 0 sigma 0.17627  G 1.80023909e-01 2.03847885e-03 -3.56626511e-01 1.00000000e+00
77 P st 32 cl 0 sigma 0.17627  G -2.14618444e-01 2.51978636e-01 1.62419677e-01 1.00000000e+00
77 P st 37 cl 0 sigma 0.17627  G 1.15948915e-01 1.37704611e-01 -3.56632471e-01 1.00000000e+00
77 P st 39 cl 0 sigma 0.17627  G 4.37021255e-02 1.74641609e-01 -3.56626511e-01 1.00000000e+00
77 P st 47 cl 0 sigma 0.17627  G 1.69241428e-01 6.14225864e-02 -3.56638432e-01 1.00000000e+00
77 S st 21 cl 1 sigma 0.13790  G 2.10809708e-01 -2.27713585e-01 -6.18124008e-01 1.00000000e+00
77 S st 37 cl 0 sigma 0.10762  G 2.00605392e-01 2.38251686e-01 -6.16979599e-01 1.00000000e+00
77 S st 39 cl 1 sigma 0.13790  G 7.55786896e-02 3.02124023e-01 -6.16979599e-01 1.00000000e+00
# EVENT 78  nrows 23  ncols 4  params[x y z ot]  hypo 2.0474 -3.5502 2.6547
78 P st 14 cl 0 sigma 0.17627  G 1.14613771e-01 -2.21788883e-02 1.10775232e-01 1.00000000e+00
78 P st 16 cl 0 sigma 0.17627  G 5.23924828e-02 9.32872295e-02 1.24043226e-01 1.00000000e+00
78 P st 18 cl 1 sigma 0.40238  G -1.60336494e-02 -1.52063370e-01 5.43117523e-02 1.00000000e+00
78 P st 19 cl 0 sigma 0.17627  G 1.51038170e-01 -3.24487686e-02 4.87565994e-02 1.00000000e+00
78 P st 22 cl 0 sigma 0.17627  G 8.51154327e-03 -1.58369541e-01 3.09586525e-02 1.00000000e+00
78 P st 28 cl 0 sigma 0.17627  G 4.98175621e-02 -1.41859055e-01 6.08623028e-02 1.00000000e+00
78 P st 29 cl 0 sigma 0.17627  G -6.46114349e-02 -1.31094456e-01 6.80685043e-02 1.00000000e+00
78 P st 31 cl 0 sigma 0.17627  G 1.43229961e-02 -1.34652853e-01 8.86380672e-02 1.00000000e+00
78 P st 33 cl 0 sigma 0.17627  G 1.56104565e-01 -2.93374062e-02 2.97904015e-02 1.00000000e+00
78 P st 34 cl 0 sigma 0.17627  G 1.46591663e-01 -3.35931778e-02 6.17742538e-02 1.00000000e+00
78 P st 36 cl 0 sigma 0.17627  G 1.57630444e-01 9.14335251e-03 3.43322754e-02 1.00000000e+00
78 P st 37 cl 0 sigma 0.17627  G -3.97384167e-02 2.42233276e-02 1.53952837e-01 1.00000000e+00
78 P st 38 cl 0 sigma 0.17627  G 1.53005123e-01 3.13162804e-02 4.20451164e-02 1.00000000e+00
78 P st 40 cl 0 sigma 0.17627  G 1.49118900e-01 5.35249710e-02 3.21269035e-02 1.00000000e+00
78 P st 41 cl 0 sigma 0.17627  G 1.32393837e-01 8.26597214e-02 4.26888466e-02 1.00000000e+00
78 P st 44 cl 0 sigma 0.17627  G 1.37543678e-01 7.98940659e-02 2.83598900e-02 1.00000000e+00
78 P st 46 cl 0 sigma 0.17627  G 1.11222267e-01 -6.87122345e-02 9.65714455e-02 1.00000000e+00
78 P st 47 cl 0 sigma 0.17627  G -5.13970852e-02 -1.10608339e-01 1.08838081e-01 1.00000000e+00
78 S st 14 cl 1 sigma 0.13790  G 1.98268890e-01 -3.83615494e-02 1.91640854e-01 1.00000000e+00
78 S st 34 cl 0 sigma 0.10762  G 2.53605843e-01 -5.81026077e-02 1.06847286e-01 1.00000000e+00
78 S st 37 cl 0 sigma 0.10762  G -6.87479973e-02 4.19020653e-02 2.66325474e-01 1.00000000e+00
78 S st 38 cl 1 sigma 0.13790  G 2.64668465e-01 5.41925430e-02 7.27415085e-02 1.00000000e+00
78 S st 47 cl 1 sigma 0.13790  G -8.89062881e-02 -1.91354752e-01 1.88291073e-01 1.00000000e+00
# EVENT 79  nrows 20  ncols 4  params[x y z ot]  hypo 1.0815 -5.0686 2.8332
79 P st 12 cl 0 sigma 0.17627  G 1.09684467e-01 -1.08838081e-01 4.63724136e-02 1.00000000e+00
79 P st 14 cl 0 sigma 0.17627  G 9.30488110e-02 -6.58988953e-02 1.15311146e-01 1.00000000e+00
79 P st 16 cl 0 sigma 0.17627  G 2.55465508e-02 5.41925430e-02 1.48653984e-01 1.00000000e+00
79 P st 18 cl 0 sigma 0.17627  G -2.70247459e-02 -1.52075291e-01 4.57882881e-02 1.00000000e+00
79 P st 28 cl 0 sigma 0.17627  G 2.94327736e-02 -1.48844719e-01 5.30004501e-02 1.00000000e+00
79 P st 31 cl 0 sigma 0.17627  G -6.90221786e-03 -1.43247843e-01 7.18295574e-02 1.00000000e+00
79 P st 34 cl 0 sigma 0.17627  G 1.33723021e-01 -6.19590282e-02 6.50525093e-02 1.00000000e+00
79 P st 37 cl 0 sigma 0.17627  G -6.68108463e-02 -2.94029713e-02 1.43021345e-01 1.00000000e+00
79 P st 39 cl 0 sigma 0.17627  G -1.20103359e-01 5.20288944e-02 9.55879688e-02 1.00000000e+00
79 P st 40 cl 0 sigma 0.17627  G 1.51646137e-01 4.14848328e-02 3.56197357e-02 1.00000000e+00
79 P st 42 cl 0 sigma 0.17627  G 8.02397728e-02 8.65757465e-02 1.11275911e-01 1.00000000e+00
79 P st 43 cl 0 sigma 0.17627  G 5.88476658e-02 1.21539831e-01 8.85307789e-02 1.00000000e+00
79 P st 45 cl 0 sigma 0.17627  G 8.70227814e-03 1.46722794e-01 6.63638115e-02 1.00000000e+00
79 P st 47 cl 0 sigma 0.17627  G -6.17384911e-02 -1.21003389e-01 8.29815865e-02 1.00000000e+00
79 S st 12 cl 1 sigma 0.13790  G 1.89745426e-01 -1.88279152e-01 8.02040100e-02 1.00000000e+00
79 S st 16 cl 1 sigma 0.13790  G 4.41968441e-02 9.37640667e-02 2.57164240e-01 1.00000000e+00
79 S st 18 cl 0 sigma 0.10762  G -4.67538834e-02 -2.63094902e-01 7.92026520e-02 1.00000000e+00
79 S st 34 cl 0 sigma 0.10762  G 2.31337547e-01 -1.07204914e-01 1.12545490e-01 1.00000000e+00
79 S st 37 cl 0 sigma 0.10762  G -1.15597248e-01 -5.08785248e-02 2.47406960e-01 1.00000000e+00
79 S st 47 cl 0 sigma 0.10762  G -1.06799603e-01 -2.09343433e-01 1.43551826e-01 1.00000000e+00
# EVENT 80  nrows 20  ncols 4  params[x y z ot]  hypo -4.9625 1.8164 1.3033
80 P st 12 cl 0 sigma 0.17627  G 8.73655081e-02 -4.53263521e-02 1.25831366e-01 1.00000000e+00
80 P st 14 cl 0 sigma 0.17627  G -7.74562359e-02 1.28746033e-01 5.50210476e-02 1.00000000e+00
80 P st 16 cl 0 sigma 0.17627  G -8.49485397e-02 1.34849548e-01 2.37822533e-02 1.00000000e+00
80 P st 18 cl 0 sigma 0.17627  G -1.40428543e-01 -7.46190548e-02 2.69472599e-02 1.00000000e+00
80 P st 19 cl 0 sigma 0.17627  G 1.09237432e-01 9.62495804e-02 6.58810139e-02 1.00000000e+00
80 P st 28 cl 0 sigma 0.17627  G -1.22398138e-01 -8.59618187e-02 6.03258610e-02 1.00000000e+00
80 P st 31 cl 0 sigma 0.17627  G -1.54042244e-01 -9.86456871e-03 4.28199768e-02 1.00000000e+00
80 P st 33 cl 0 sigma 0.17627  G 1.54757500e-01 3.80396843e-02 2.49862671e-02 1.00000000e+00
80 P st 34 cl 0 sigma 0.17627  G 5.02526760e-02 1.24853849e-01 8.53002071e-02 1.00000000e+00
80 P st 36 cl 0 sigma 0.17627  G 1.24883652e-01 9.92178917e-02 2.44855881e-02 1.00000000e+00
80 P st 37 cl 0 sigma 0.17627  G -1.27959251e-01 9.53912735e-02 2.36749649e-02 1.00000000e+00
80 P st 40 cl 0 sigma 0.17627  G 9.40442085e-02 1.29914284e-01 1.73330307e-02 1.00000000e+00
80 P st 41 cl 0 sigma 0.17627  G 4.45127487e-02 1.53839588e-01 1.89065933e-02 1.00000000e+00
80 P st 42 cl 1 sigma 0.40238  G -4.42147255e-02 1.53470039e-01 2.27212906e-02 1.00000000e+00
80 S st 18 cl 1 sigma 0.13790  G -2.42924690e-01 -1.29091740e-01 4.66346741e-02 1.00000000e+00
80 S st 31 cl 1 sigma 0.13790  G -2.66504288e-01 -1.70588493e-02 7.40885735e-02 1.00000000e+00
80 S st 34 cl 1 sigma 0.13790  G 8.69393349e-02 2.16007233e-01 1.47569180e-01 1.00000000e+00
80 S st 36 cl 1 sigma 0.13790  G 2.16054916e-01 1.71637535e-01 4.23550606e-02 1.00000000e+00
80 S st 37 cl 1 sigma 0.13790  G -2.21395493e-01 1.65021420e-01 4.09603119e-02 1.00000000e+00
80 S st 40 cl 1 sigma 0.13790  G 1.62625313e-01 2.24757195e-01 3.00407410e-02 1.00000000e+00
# EVENT 81  nrows 22  ncols 4  params[x y z ot]  hypo 4.2034 2.9825 4.8083
81 P st 12 cl 0 sigma 0.17627  G 1.44076347e-01 2.52723694e-03 7.34090805e-02 1.00000000e+00
81 P st 14 cl 0 sigma 0.17627  G 1.00421906e-01 8.90135765e-02 9.02771950e-02 1.00000000e+00
81 P st 16 cl 1 sigma 0.40238  G 5.24401665e-02 1.30677223e-01 7.77602196e-02 1.00000000e+00
81 P st 18 cl 0 sigma 0.17627  G 2.51948833e-02 -6.84559345e-02 1.43069029e-01 1.00000000e+00
81 P st 19 cl 0 sigma 0.17627  G 1.40845776e-01 4.73856926e-02 6.19769096e-02 1.00000000e+00
81 P st 22 cl 0 sigma 0.17627  G 4.19020653e-02 -1.33788586e-01 8.02516937e-02 1.00000000e+00
81 P st 26 cl 0 sigma 0.17627  G -3.15785408e-02 -1.01876259e-01 1.19090080e-01 1.00000000e+00
81 P st 28 cl 0 sigma 0.17627  G 9.68337059e-02 -3.29792500e-02 1.23155117e-01 1.00000000e+00
81 P st 29 cl 0 sigma 0.17627  G -3.83138657e-02 -1.75476074e-02 1.56879425e-01 1.00000000e+00
81 P st 31 cl 0 sigma 0.17627  G 6.19113445e-02 1.69038773e-02 1.46698952e-01 1.00000000e+00
81 P st 34 cl 0 sigma 0.17627  G 1.33121014e-01 5.81383705e-02 7.11798668e-02 1.00000000e+00
81 P st 36 cl 0 sigma 0.17627  G 1.42073631e-01 6.17861748e-02 4.51803207e-02 1.00000000e+00
81 P st 37 cl 0 sigma 0.17627  G 1.88887119e-02 1.21533871e-01 1.03563070e-01 1.00000000e+00
81 P st 38 cl 1 sigma 0.40238  G 1.29628181e-01 8.18133354e-02 4.95076180e-02 1.00000000e+00
81 P st 46 cl 0 sigma 0.17627  G 1.10977888e-01 6.30080700e-02 9.92238522e-02 1.00000000e+00
81 P st 47 cl 0 sigma 0.17627  G 4.58359718e-03 5.28275967e-02 1.51485205e-01 1.00000000e+00
81 S st 14 cl 0 sigma 0.10762  G 1.73735619e-01 1.53994560e-01 1.56188011e-01 1.00000000e+00
81 S st 18 cl 1 sigma 0.13790  G 4.35829163e-02 -1.18410587e-01 2.47502327e-01 1.00000000e+00
81 S st 26 cl 0 sigma 0.10762  G -5.46216965e-02 -1.76262856e-01 2.06017494e-01 1.00000000e+00
81 S st 29 cl 1 sigma 0.13790  G -6.62565231e-02 -3.03745270e-02 2.71415710e-01 1.00000000e+00
81 S st 37 cl 1 sigma 0.13790  G 3.26871872e-02 2.10237503e-01 1.79159641e-01 1.00000000e+00
81 S st 46 cl 1 sigma 0.13790  G 1.91974640e-01 1.08993053e-01 1.71661377e-01 1.00000000e+00
# EVENT 82  nrows 31  ncols 4  params[x y z ot]  hypo -9.6855 -5.0449 1.2390
82 P st 12 cl 0 sigma 0.17627  G -5.40971756e-02 -1.48892403e-01 3.00765038e-02 1.00000000e+00
82 P st 14 cl 0 sigma 0.17627  G -1.50716305e-01 -4.69744205e-02 3.27348709e-02 1.00000000e+00
82 P st 16 cl 0 sigma 0.17627  G -1.57880783e-01 2.47478485e-02 2.32458115e-02 1.00000000e+00
82 P st 18 cl 0 sigma 0.17627  G -1.21092796e-01 -1.05679035e-01 1.32083893e-02 1.00000000e+00
82 P st 19 cl 0 sigma 0.17627  G -4.13179398e-02 -1.29365921e-01 8.01324844e-02 1.00000000e+00
82 P st 21 cl 0 sigma 0.17627  G -5.55396080e-02 -1.51002407e-01 1.08122826e-02 1.00000000e+00
82 P st 26 cl 0 sigma 0.17627  G -1.21259689e-01 -1.05762482e-01 1.09672546e-02 1.00000000e+00
82 P st 31 cl 0 sigma 0.17627  G -1.34301186e-01 -8.78214836e-02 1.69277191e-02 1.00000000e+00
82 P st 33 cl 0 sigma 0.17627  G 1.10030174e-01 -1.08933449e-01 4.24802303e-02 1.00000000e+00
82 P st 34 cl 0 sigma 0.17627  G -1.02573633e-01 -1.05071068e-01 6.41167164e-02 1.00000000e+00
82 P st 36 cl 0 sigma 0.17627  G 1.21277571e-01 -2.47180462e-02 1.03932619e-01 1.00000000e+00
82 P st 37 cl 0 sigma 0.17627  G -1.60038471e-01 -1.07765198e-02 1.77383423e-02 1.00000000e+00
82 P st 38 cl 0 sigma 0.17627  G 2.35378742e-02 5.86718321e-02 1.45781040e-01 1.00000000e+00
82 P st 40 cl 0 sigma 0.17627  G 9.07540321e-02 1.15209818e-01 6.38067722e-02 1.00000000e+00
82 P st 41 cl 0 sigma 0.17627  G -3.69071960e-02 1.44678354e-01 6.07669353e-02 1.00000000e+00
82 P st 42 cl 0 sigma 0.17627  G -1.44767761e-01 6.35266304e-02 3.13758850e-02 1.00000000e+00
82 P st 44 cl 0 sigma 0.17627  G 6.69896603e-02 1.43408775e-01 3.22043896e-02 1.00000000e+00
82 P st 47 cl 0 sigma 0.17627  G -1.48272514e-01 -6.17265701e-02 1.52826309e-02 1.00000000e+00
82 S st 12 cl 0 sigma 0.10762  G -9.35912132e-02 -2.57611275e-01 5.20348549e-02 1.00000000e+00
82 S st 18 cl 0 sigma 0.10762  G -2.09498405e-01 -1.82819366e-01 2.28643417e-02 1.00000000e+00
82 S st 19 cl 1 sigma 0.13790  G -7.15017319e-02 -2.23803520e-01 1.38640404e-01 1.00000000e+00
82 S st 21 cl 1 sigma 0.13790  G -9.61065292e-02 -2.61235237e-01 1.87158585e-02 1.00000000e+00
82 S st 26 cl 1 sigma 0.13790  G -2.09736824e-01 -1.82962418e-01 1.89542770e-02 1.00000000e+00
82 S st 31 cl 0 sigma 0.10762  G -2.32362747e-01 -1.51944160e-01 2.93016434e-02 1.00000000e+00
82 S st 34 cl 0 sigma 0.10762  G -1.77431107e-01 -1.81770325e-01 1.10924244e-01 1.00000000e+00
82 S st 37 cl 0 sigma 0.10762  G -2.76851654e-01 -1.86681747e-02 3.07083130e-02 1.00000000e+00
82 S st 38 cl 0 sigma 0.10762  G 4.07338142e-02 1.01506710e-01 2.52205133e-01 1.00000000e+00
82 S st 40 cl 1 sigma 0.13790  G 1.56986713e-01 1.99317932e-01 1.10375881e-01 1.00000000e+00
82 S st 41 cl 0 sigma 0.10762  G -6.38484955e-02 2.50291824e-01 1.05130672e-01 1.00000000e+00
82 S st 44 cl 0 sigma 0.10762  G 1.15883350e-01 2.48086452e-01 5.57184219e-02 1.00000000e+00
82 S st 47 cl 1 sigma 0.13790  G -2.56490707e-01 -1.06811523e-01 2.64406204e-02 1.00000000e+00
# EVENT 83  nrows 27  ncols 4  params[x y z ot]  hypo -6.2122 0.1473 2.5458
83 P st 12 cl 0 sigma 0.17627  G 2.06708908e-02 -8.71598721e-02 1.35624409e-01 1.00000000e+00
83 P st 14 cl 0 sigma 0.17627  G -1.01989508e-01 7.35223293e-02 1.02233887e-01 1.00000000e+00
83 P st 16 cl 0 sigma 0.17627  G -1.06275082e-01 1.09541416e-01 5.56468964e-02 1.00000000e+00
83 P st 18 cl 0 sigma 0.17627  G -1.31213665e-01 -8.39352608e-02 4.72068787e-02 1.00000000e+00
83 P st 19 cl 0 sigma 0.17627  G 7.45475292e-02 4.70399857e-02 1.37066841e-01 1.00000000e+00
83 P st 26 cl 0 sigma 0.17627  G -1.29926205e-01 -9.02056694e-02 3.46422195e-02 1.00000000e+00
83 P st 29 cl 0 sigma 0.17627  G -1.50191784e-01 -4.41312790e-02 4.26769257e-02 1.00000000e+00
83 P st 31 cl 0 sigma 0.17627  G -1.43080950e-01 -3.88979912e-02 6.62982464e-02 1.00000000e+00
83 P st 33 cl 0 sigma 0.17627  G 1.49434805e-01 1.15811825e-02 6.51478767e-02 1.00000000e+00
83 P st 34 cl 0 sigma 0.17627  G 4.76241112e-03 6.21318817e-02 1.48415565e-01 1.00000000e+00
83 P st 36 cl 0 sigma 0.17627  G 1.22618675e-01 8.48174095e-02 6.77943230e-02 1.00000000e+00
83 P st 37 cl 0 sigma 0.17627  G -1.39987469e-01 6.51955605e-02 5.10215759e-02 1.00000000e+00
83 P st 38 cl 0 sigma 0.17627  G 7.70449638e-02 1.23047829e-01 7.39097595e-02 1.00000000e+00
83 P st 40 cl 0 sigma 0.17627  G 9.08851624e-02 1.26397610e-01 4.73380089e-02 1.00000000e+00
83 P st 41 cl 0 sigma 0.17627  G 3.22461128e-02 1.50561333e-01 5.13076782e-02 1.00000000e+00
83 P st 46 cl 0 sigma 0.17627  G -1.07073784e-01 2.63571739e-02 1.17784739e-01 1.00000000e+00
83 P st 47 cl 0 sigma 0.17627  G -1.54018402e-01 -7.64131546e-03 5.19037247e-02 1.00000000e+00
83 S st 12 cl 1 sigma 0.13790  G 3.57627869e-02 -1.50781870e-01 2.34621763e-01 1.00000000e+00
83 S st 18 cl 0 sigma 0.10762  G -2.26998329e-01 -1.45208836e-01 8.16822052e-02 1.00000000e+00
83 S st 19 cl 0 sigma 0.10762  G 1.28948689e-01 8.13841820e-02 2.37119198e-01 1.00000000e+00
83 S st 26 cl 1 sigma 0.13790  G -2.24781036e-01 -1.56116486e-01 6.00099564e-02 1.00000000e+00
83 S st 29 cl 1 sigma 0.13790  G -2.59852409e-01 -7.63893127e-02 7.38382339e-02 1.00000000e+00
83 S st 34 cl 0 sigma 0.10762  G 8.23736191e-03 1.07502937e-01 2.56764889e-01 1.00000000e+00
83 S st 37 cl 1 sigma 0.13790  G -2.42149830e-01 1.12807751e-01 8.82387161e-02 1.00000000e+00
83 S st 38 cl 0 sigma 0.10762  G 1.33252144e-01 2.12860107e-01 1.27863884e-01 1.00000000e+00
83 S st 40 cl 0 sigma 0.10762  G 1.57213211e-01 2.18653679e-01 8.18967819e-02 1.00000000e+00
83 S st 47 cl 1 sigma 0.13790  G -2.66444683e-01 -1.32083893e-02 8.98122787e-02 1.00000000e+00
# EVENT 84  nrows 27  ncols 4  params[x y z ot]  hypo 1.0574 -3.2696 2.3983
84 P st 14 cl 0 sigma 0.17627  G 1.01798773e-01 -1.69456005e-02 1.19304657e-01 1.00000000e+00
84 P st 16 cl 0 sigma 0.17627  G 2.12311745e-02 1.00654364e-01 1.18100643e-01 1.00000000e+00
84 P st 18 cl 0 sigma 0.17627  G -3.23772430e-02 -1.50930882e-01 4.60982323e-02 1.00000000e+00
84 P st 22 cl 0 sigma 0.17627  G -1.18017197e-03 -1.58941746e-01 2.59160995e-02 1.00000000e+00
84 P st 25 cl 0 sigma 0.17627  G 2.74896622e-02 -1.55127048e-01 3.33666801e-02 1.00000000e+00
84 P st 26 cl 1 sigma 0.40238  G -5.99622726e-02 -1.45578384e-01 3.36289406e-02 1.00000000e+00
84 P st 28 cl 0 sigma 0.17627  G 3.50952148e-02 -1.46609545e-01 5.52952290e-02 1.00000000e+00
84 P st 29 cl 0 sigma 0.17627  G -8.24570656e-02 -1.25563145e-01 5.62548637e-02 1.00000000e+00
84 P st 31 cl 0 sigma 0.17627  G -9.47713852e-03 -1.38193369e-01 8.18550587e-02 1.00000000e+00
84 P st 34 cl 0 sigma 0.17627  G 1.45536661e-01 -3.22997570e-02 6.01172447e-02 1.00000000e+00
84 P st 37 cl 0 sigma 0.17627  G -7.19547272e-02 3.24189663e-02 1.37966871e-01 1.00000000e+00
84 P st 40 cl 0 sigma 0.17627  G 1.47008896e-01 5.95808029e-02 2.79784203e-02 1.00000000e+00
84 P st 41 cl 0 sigma 0.17627  G 1.27112865e-01 9.14692879e-02 3.76582146e-02 1.00000000e+00
84 P st 42 cl 1 sigma 0.40238  G 7.01129436e-02 1.17272139e-01 7.91251659e-02 1.00000000e+00
84 P st 43 cl 0 sigma 0.17627  G 5.03897667e-02 1.39546394e-01 6.05106354e-02 1.00000000e+00
84 P st 46 cl 0 sigma 0.17627  G 9.85682011e-02 -7.02679157e-02 1.02233887e-01 1.00000000e+00
84 P st 47 cl 0 sigma 0.17627  G -7.57038593e-02 -1.00904703e-01 9.37938690e-02 1.00000000e+00
84 S st 16 cl 1 sigma 0.13790  G 3.67283821e-02 1.74140930e-01 2.04288960e-01 1.00000000e+00
84 S st 18 cl 1 sigma 0.13790  G -5.60045242e-02 -2.61116028e-01 7.97629356e-02 1.00000000e+00
84 S st 25 cl 0 sigma 0.10762  G 4.75406647e-02 -2.68387794e-01 5.77211380e-02 1.00000000e+00
84 S st 29 cl 1 sigma 0.13790  G -1.42669678e-01 -2.17223167e-01 9.73224640e-02 1.00000000e+00
84 S st 31 cl 1 sigma 0.13790  G -1.63793564e-02 -2.39086151e-01 1.41608715e-01 1.00000000e+00
84 S st 34 cl 1 sigma 0.13790  G 2.51781940e-01 -5.58733940e-02 1.04010105e-01 1.00000000e+00
84 S st 37 cl 1 sigma 0.13790  G -1.24478340e-01 5.60879707e-02 2.38692760e-01 1.00000000e+00
84 S st 40 cl 1 sigma 0.13790  G 2.54321098e-01 1.03044510e-01 4.83751297e-02 1.00000000e+00
84 S st 42 cl 1 sigma 0.13790  G 1.21307373e-01 2.02894211e-01 1.36899948e-01 1.00000000e+00
84 S st 47 cl 1 sigma 0.13790  G -1.30975246e-01 -1.74570084e-01 1.62255764e-01 1.00000000e+00
# EVENT 85  nrows 22  ncols 4  params[x y z ot]  hypo -9.5463 -5.1165 1.2351
85 P st 16 cl 0 sigma 0.17627  G -1.57999992e-01 2.39849091e-02 2.36511230e-02 1.00000000e+00
85 P st 18 cl 0 sigma 0.17627  G -1.20174885e-01 -1.06751919e-01 1.32679939e-02 1.00000000e+00
85 P st 19 cl 0 sigma 0.17627  G -3.62992287e-02 -1.30963326e-01 7.94291496e-02 1.00000000e+00
85 P st 31 cl 0 sigma 0.17627  G -1.33407116e-01 -8.92281532e-02 1.70469284e-02 1.00000000e+00
85 P st 33 cl 0 sigma 0.17627  G 1.11716986e-01 -1.09052658e-01 4.12404537e-02 1.00000000e+00
85 P st 34 cl 0 sigma 0.17627  G -9.92417336e-02 -1.08307600e-01 6.48319721e-02 1.00000000e+00
85 P st 36 cl 0 sigma 0.17627  G 1.21062994e-01 -2.62856483e-02 9.94324684e-02 1.00000000e+00
85 P st 38 cl 0 sigma 0.17627  G 3.19302082e-02 5.46365976e-02 1.45840645e-01 1.00000000e+00
85 P st 40 cl 0 sigma 0.17627  G 9.43899155e-02 1.12324953e-01 6.32762909e-02 1.00000000e+00
85 P st 41 cl 0 sigma 0.17627  G -3.35812569e-02 1.45536661e-01 6.22272491e-02 1.00000000e+00
85 P st 42 cl 1 sigma 0.40238  G -1.44869089e-01 6.33597374e-02 3.22282314e-02 1.00000000e+00
85 P st 43 cl 0 sigma 0.17627  G -1.31869316e-01 8.95857811e-02 2.58088112e-02 1.00000000e+00
85 P st 44 cl 0 sigma 0.17627  G 6.97553158e-02 1.42097473e-01 3.22282314e-02 1.00000000e+00
85 P st 47 cl 0 sigma 0.17627  G -1.47747993e-01 -6.29544258e-02 1.54018402e-02 1.00000000e+00
85 S st 18 cl 1 sigma 0.13790  G -2.07948685e-01 -1.84655190e-01 2.29358673e-02 1.00000000e+00
85 S st 19 cl 1 sigma 0.13790  G -6.28113747e-02 -2.26557255e-01 1.37412548e-01 1.00000000e+00
85 S st 34 cl 0 sigma 0.10762  G -1.71685219e-01 -1.87385082e-01 1.12164021e-01 1.00000000e+00
85 S st 36 cl 0 sigma 0.10762  G 2.09438801e-01 -4.54902649e-02 1.72019005e-01 1.00000000e+00
85 S st 38 cl 1 sigma 0.13790  G 5.52356243e-02 9.45210457e-02 2.52294540e-01 1.00000000e+00
85 S st 40 cl 1 sigma 0.13790  G 1.63316727e-01 1.94323063e-01 1.09469891e-01 1.00000000e+00
85 S st 43 cl 1 sigma 0.13790  G -2.28130817e-01 1.54995918e-01 4.46677208e-02 1.00000000e+00
85 S st 44 cl 1 sigma 0.13790  G 1.20699406e-01 2.45833397e-01 5.57422638e-02 1.00000000e+00
# EVENT 86  nrows 22  ncols 4  params[x y z ot]  hypo -5.3261 -8.2011 3.2571
86 P st 14 cl 0 sigma 0.17627  G -6.49094582e-02 -1.14953518e-01 9.17315483e-02 1.00000000e+00
86 P st 18 cl 0 sigma 0.17627  G -7.97986984e-02 -1.35850906e-01 3.52621078e-02 1.00000000e+00
86 P st 22 cl 1 sigma 0.40238  G -4.73737717e-02 -1.51896477e-01 2.63690948e-02 1.00000000e+00
86 P st 25 cl 0 sigma 0.17627  G -3.65495682e-02 -1.53672695e-01 3.24964523e-02 1.00000000e+00
86 P st 28 cl 0 sigma 0.17627  G -5.09619713e-02 -1.46937370e-01 4.36663628e-02 1.00000000e+00
86 P st 31 cl 0 sigma 0.17627  G -8.37922096e-02 -1.29246712e-01 4.78386879e-02 1.00000000e+00
86 P st 33 cl 0 sigma 0.17627  G 1.16157532e-01 -9.99689102e-02 5.05805016e-02 1.00000000e+00
86 P st 36 cl 0 sigma 0.17627  G 1.27720833e-01 -6.47902489e-02 7.33733177e-02 1.00000000e+00
86 P st 37 cl 0 sigma 0.17627  G -1.33383274e-01 -6.36696815e-02 6.47068024e-02 1.00000000e+00
86 P st 38 cl 0 sigma 0.17627  G 1.08802319e-01 -4.96029854e-02 1.08337402e-01 1.00000000e+00
86 P st 39 cl 0 sigma 0.17627  G -1.52420998e-01 -1.23858452e-02 5.30242920e-02 1.00000000e+00
86 P st 40 cl 0 sigma 0.17627  G 1.38002634e-01 1.18494034e-02 8.13186169e-02 1.00000000e+00
86 P st 41 cl 0 sigma 0.17627  G 8.23974609e-02 5.02109528e-02 1.30617619e-01 1.00000000e+00
86 P st 42 cl 0 sigma 0.17627  G -8.71896744e-02 5.50150871e-03 1.34140253e-01 1.00000000e+00
86 P st 43 cl 0 sigma 0.17627  G -8.91029835e-02 5.53905964e-02 1.19775534e-01 1.00000000e+00
86 P st 47 cl 0 sigma 0.17627  G -1.11961365e-01 -1.06298923e-01 4.68611717e-02 1.00000000e+00
86 S st 18 cl 1 sigma 0.13790  G -1.38044357e-01 -2.35009193e-01 6.10113144e-02 1.00000000e+00
86 S st 28 cl 1 sigma 0.13790  G -8.81671906e-02 -2.54225731e-01 7.55548477e-02 1.00000000e+00
86 S st 40 cl 0 sigma 0.10762  G 2.38764286e-01 2.04801559e-02 1.40655041e-01 1.00000000e+00
86 S st 42 cl 1 sigma 0.13790  G -1.50847435e-01 9.51290131e-03 2.32052803e-01 1.00000000e+00
86 S st 43 cl 1 sigma 0.13790  G -1.54149532e-01 9.58204269e-02 2.07209587e-01 1.00000000e+00
86 S st 47 cl 1 sigma 0.13790  G -1.93691254e-01 -1.83916092e-01 8.10861588e-02 1.00000000e+00
# EVENT 87  nrows 46  ncols 4  params[x y z ot]  hypo 2.3093 -1.6227 3.0738
87 P st 10 cl 0 sigma 0.17627  G 1.30379200e-01 -8.87155533e-02 3.63349915e-02 1.00000000e+00
87 P st 12 cl 0 sigma 0.17627  G 1.36542320e-01 -6.58631325e-02 5.91754913e-02 1.00000000e+00
87 P st 14 cl 0 sigma 0.17627  G 1.14291906e-01 2.76625156e-02 1.13821030e-01 1.00000000e+00
87 P st 18 cl 0 sigma 0.17627  G -1.39653683e-02 -1.42729282e-01 7.71999359e-02 1.00000000e+00
87 P st 19 cl 0 sigma 0.17627  G 1.52277946e-01 -4.73260880e-03 5.61594963e-02 1.00000000e+00
87 P st 21 cl 0 sigma 0.17627  G 4.62174416e-02 -1.51121616e-01 3.47614288e-02 1.00000000e+00
87 P st 22 cl 0 sigma 0.17627  G 1.23858452e-02 -1.55973434e-01 4.17590141e-02 1.00000000e+00
87 P st 23 cl 0 sigma 0.17627  G 1.29294395e-01 -9.28640366e-02 2.78234482e-02 1.00000000e+00
87 P st 25 cl 0 sigma 0.17627  G 4.65154648e-02 -1.45936012e-01 5.29766083e-02 1.00000000e+00
87 P st 26 cl 0 sigma 0.17627  G -5.09381294e-02 -1.43206120e-01 5.69581985e-02 1.00000000e+00
87 P st 28 cl 0 sigma 0.17627  G 6.27458096e-02 -1.25616789e-01 8.41438770e-02 1.00000000e+00
87 P st 29 cl 0 sigma 0.17627  G -6.99579716e-02 -1.12080574e-01 9.62793827e-02 1.00000000e+00
87 P st 31 cl 0 sigma 0.17627  G 2.27093697e-02 -9.97960567e-02 1.23637915e-01 1.00000000e+00
87 P st 32 cl 0 sigma 0.17627  G -1.32548809e-01 -5.08189201e-02 7.97152519e-02 1.00000000e+00
87 P st 33 cl 0 sigma 0.17627  G 1.57594681e-01 -1.08599663e-02 3.50117683e-02 1.00000000e+00
87 P st 34 cl 0 sigma 0.17627  G 1.47330761e-01 4.76837158e-05 6.99400902e-02 1.00000000e+00
87 P st 36 cl 0 sigma 0.17627  G 1.54507160e-01 2.85029411e-02 3.88741493e-02 1.00000000e+00
87 P st 37 cl 0 sigma 0.17627  G -2.38120556e-02 7.82489777e-02 1.40631199e-01 1.00000000e+00
87 P st 38 cl 0 sigma 0.17627  G 1.46603584e-01 5.21659851e-02 4.58359718e-02 1.00000000e+00
87 P st 39 cl 0 sigma 0.17627  G -7.68482685e-02 1.12676620e-01 8.79585743e-02 1.00000000e+00
87 P st 40 cl 0 sigma 0.17627  G 1.42323971e-01 6.84857368e-02 3.53097916e-02 1.00000000e+00
87 P st 41 cl 0 sigma 0.17627  G 1.22427940e-01 9.66310501e-02 4.44173813e-02 1.00000000e+00
87 P st 42 cl 0 sigma 0.17627  G 7.77602196e-02 1.21998787e-01 7.64250755e-02 1.00000000e+00
87 P st 43 cl 0 sigma 0.17627  G 5.97357750e-02 1.37364864e-01 6.35862350e-02 1.00000000e+00
87 P st 44 cl 0 sigma 0.17627  G 1.30212307e-01 9.06586647e-02 3.09705734e-02 1.00000000e+00
87 P st 45 cl 0 sigma 0.17627  G 2.24947929e-02 1.52170658e-01 5.20825386e-02 1.00000000e+00
87 P st 46 cl 0 sigma 0.17627  G 1.15817785e-01 -2.04980373e-02 1.11889839e-01 1.00000000e+00
87 P st 47 cl 0 sigma 0.17627  G -4.79578972e-02 -6.45399094e-02 1.39379501e-01 1.00000000e+00
87 S st 10 cl 1 sigma 0.13790  G 2.25496292e-01 -1.53493881e-01 6.28471375e-02 1.00000000e+00
87 S st 18 cl 0 sigma 0.10762  G -2.41637230e-02 -2.46918201e-01 1.33585930e-01 1.00000000e+00
87 S st 19 cl 0 sigma 0.10762  G 2.63452530e-01 -8.17775726e-03 9.71794128e-02 1.00000000e+00
87 S st 21 cl 0 sigma 0.10762  G 7.99655914e-02 -2.61425972e-01 6.01768494e-02 1.00000000e+00
87 S st 22 cl 0 sigma 0.10762  G 2.14338303e-02 -2.69842148e-01 7.22408295e-02 1.00000000e+00
87 S st 23 cl 1 sigma 0.13790  G 2.23636627e-01 -1.60646439e-01 4.81128693e-02 1.00000000e+00
87 S st 26 cl 0 sigma 0.10762  G -8.81195068e-02 -2.47788429e-01 9.85145569e-02 1.00000000e+00
87 S st 29 cl 1 sigma 0.13790  G -1.21045113e-01 -1.93881989e-01 1.66583061e-01 1.00000000e+00
87 S st 31 cl 0 sigma 0.10762  G 3.92913818e-02 -1.72638893e-01 2.13885307e-01 1.00000000e+00
87 S st 33 cl 1 sigma 0.13790  G 2.72655487e-01 -1.87873840e-02 6.06060028e-02 1.00000000e+00
87 S st 36 cl 1 sigma 0.13790  G 2.67267227e-01 4.92811203e-02 6.72340393e-02 1.00000000e+00
87 S st 37 cl 0 sigma 0.10762  G -4.11987305e-02 1.35374069e-01 2.43282318e-01 1.00000000e+00
87 S st 38 cl 1 sigma 0.13790  G 2.53653526e-01 9.02652740e-02 7.92741776e-02 1.00000000e+00
87 S st 39 cl 1 sigma 0.13790  G -1.32942200e-01 1.94954872e-01 1.52182579e-01 1.00000000e+00
87 S st 40 cl 1 sigma 0.13790  G 2.46214867e-01 1.18470192e-01 6.10828400e-02 1.00000000e+00
87 S st 43 cl 0 sigma 0.10762  G 1.03342533e-01 2.37655640e-01 1.10006332e-01 1.00000000e+00
87 S st 44 cl 1 sigma 0.13790  G 2.25281715e-01 1.56807899e-01 5.35726547e-02 1.00000000e+00
87 S st 45 cl 0 sigma 0.10762  G 3.88860703e-02 2.63309479e-01 9.00983810e-02 1.00000000e+00
# EVENT 88  nrows 22  ncols 4  params[x y z ot]  hypo -0.0005 5.8739 2.7267
88 P st 12 cl 0 sigma 0.17627  G 1.32787228e-01 5.99861145e-02 7.01606274e-02 1.00000000e+00
88 P st 14 cl 0 sigma 0.17627  G 3.77476215e-02 1.45381689e-01 5.90741634e-02 1.00000000e+00
88 P st 18 cl 0 sigma 0.17627  G -9.70959663e-02 -6.56843185e-03 1.30897760e-01 1.00000000e+00
88 P st 21 cl 0 sigma 0.17627  G 4.37140465e-02 -1.43826008e-01 5.91695309e-02 1.00000000e+00
88 P st 25 cl 0 sigma 0.17627  G 3.41355801e-02 -9.98377800e-02 1.24090910e-01 1.00000000e+00
88 P st 28 cl 0 sigma 0.17627  G 2.66790390e-02 3.66985798e-02 1.52111053e-01 1.00000000e+00
88 P st 29 cl 0 sigma 0.17627  G -1.26481056e-01 5.12957573e-02 8.90672207e-02 1.00000000e+00
88 P st 31 cl 0 sigma 0.17627  G -3.93152237e-02 1.00058317e-01 1.17427111e-01 1.00000000e+00
88 P st 34 cl 0 sigma 0.17627  G 9.84430313e-02 1.16312504e-01 5.37633896e-02 1.00000000e+00
88 P st 36 cl 0 sigma 0.17627  G 1.23500824e-01 9.92298126e-02 3.07202339e-02 1.00000000e+00
88 P st 37 cl 0 sigma 0.17627  G -4.52995300e-02 1.47449970e-01 4.96149063e-02 1.00000000e+00
88 P st 38 cl 0 sigma 0.17627  G 1.02245808e-01 1.20782852e-01 3.24010849e-02 1.00000000e+00
88 P st 39 cl 0 sigma 0.17627  G -6.69360161e-02 1.42812729e-01 3.52263451e-02 1.00000000e+00
88 P st 41 cl 0 sigma 0.17627  G 7.41124153e-02 1.40726566e-01 2.77400017e-02 1.00000000e+00
88 P st 42 cl 0 sigma 0.17627  G 2.20060349e-02 1.55889988e-01 3.56316566e-02 1.00000000e+00
88 P st 43 cl 0 sigma 0.17627  G 1.50442123e-02 1.57690048e-01 3.06248665e-02 1.00000000e+00
88 P st 47 cl 0 sigma 0.17627  G -8.55624676e-02 1.11615658e-01 8.12053680e-02 1.00000000e+00
88 S st 12 cl 0 sigma 0.10762  G 2.29728222e-01 1.03783607e-01 1.21390820e-01 1.00000000e+00
88 S st 18 cl 0 sigma 0.10762  G -1.67965889e-01 -1.13606453e-02 2.26449966e-01 1.00000000e+00
88 S st 25 cl 1 sigma 0.13790  G 5.90682030e-02 -1.72722340e-01 2.14672089e-01 1.00000000e+00
88 S st 43 cl 1 sigma 0.13790  G 2.60114670e-02 2.72822380e-01 5.29766083e-02 1.00000000e+00
88 S st 47 cl 1 sigma 0.13790  G -1.48034096e-01 1.93107128e-01 1.40464306e-01 1.00000000e+00
# EVENT 89  nrows 25  ncols 4  params[x y z ot]  hypo 0.3645 -3.8670 -1.9527
89 P st 10 cl 1 sigma 0.40238  G 1.27601624e-01 -1.26469135e-01 -3.56853008e-01 1.00000000e+00
89 P st 12 cl 0 sigma 0.17627  G 1.32215023e-01 -1.22189522e-01 -3.56638432e-01 1.00000000e+00
89 P st 18 cl 0 sigma 0.17627  G -4.71234322e-02 -1.73747540e-01 -3.56638432e-01 1.00000000e+00
89 P st 21 cl 0 sigma 0.17627  G 2.68220901e-02 -1.66344643e-01 -3.63194942e-01 1.00000000e+00
89 P st 28 cl 0 sigma 0.17627  G 2.52842903e-02 -1.78241730e-01 -3.56626511e-01 1.00000000e+00
89 P st 31 cl 0 sigma 0.17627  G -3.10957432e-02 -1.77317858e-01 -3.56638432e-01 1.00000000e+00
89 P st 33 cl 0 sigma 0.17627  G 1.75404549e-01 -4.05430794e-02 -3.56650352e-01 1.00000000e+00
89 P st 34 cl 0 sigma 0.17627  G 1.70779228e-01 -5.70058823e-02 -3.56632471e-01 1.00000000e+00
89 P st 36 cl 0 sigma 0.17627  G 1.79862976e-01 7.42673874e-03 -3.56638432e-01 1.00000000e+00
89 P st 37 cl 0 sigma 0.17627  G -1.78819895e-01 2.08795071e-02 -3.56638432e-01 1.00000000e+00
89 P st 39 cl 0 sigma 0.17627  G -1.55264139e-01 9.11235809e-02 -3.56638432e-01 1.00000000e+00
89 P st 40 cl 0 sigma 0.17627  G 1.68228149e-01 6.40869141e-02 -3.56626511e-01 1.00000000e+00
89 P st 42 cl 0 sigma 0.17627  G 8.35597515e-02 1.59472227e-01 -3.56638432e-01 1.00000000e+00
89 P st 45 cl 0 sigma 0.17627  G -4.55379486e-03 1.79970264e-01 -3.56602669e-01 1.00000000e+00
89 P st 47 cl 0 sigma 0.17627  G -1.12837553e-01 -1.40285492e-01 -3.56638432e-01 1.00000000e+00
89 S st 12 cl 1 sigma 0.13790  G 2.28738785e-01 -2.11381912e-01 -6.16979599e-01 1.00000000e+00
89 S st 18 cl 0 sigma 0.10762  G -8.15033913e-02 -3.00562382e-01 -6.16979599e-01 1.00000000e+00
89 S st 21 cl 1 sigma 0.13790  G 4.63962555e-02 -2.87747383e-01 -6.28352165e-01 1.00000000e+00
89 S st 28 cl 1 sigma 0.13790  G 4.37378883e-02 -3.08382511e-01 -6.16967678e-01 1.00000000e+00
89 S st 36 cl 1 sigma 0.13790  G 3.11183929e-01 1.28507614e-02 -6.17003441e-01 1.00000000e+00
89 S st 37 cl 1 sigma 0.13790  G -3.09348106e-01 3.61204147e-02 -6.16967678e-01 1.00000000e+00
89 S st 39 cl 1 sigma 0.13790  G -2.68602371e-01 1.57642365e-01 -6.16979599e-01 1.00000000e+00
89 S st 40 cl 0 sigma 0.10762  G 2.91037560e-01 1.10840797e-01 -6.17003441e-01 1.00000000e+00
89 S st 42 cl 0 sigma 0.10762  G 1.44553185e-01 2.75874138e-01 -6.16979599e-01 1.00000000e+00
89 S st 47 cl 0 sigma 0.10762  G -1.95205212e-01 -2.42686272e-01 -6.16979599e-01 1.00000000e+00
# EVENT 90  nrows 33  ncols 4  params[x y z ot]  hypo 0.7728 2.4017 3.1819
90 P st 10 cl 0 sigma 0.17627  G 1.42109394e-01 -6.11186028e-02 4.65035439e-02 1.00000000e+00
90 P st 12 cl 0 sigma 0.17627  G 1.42431259e-01 -7.25984573e-03 7.79688358e-02 1.00000000e+00
90 P st 14 cl 0 sigma 0.17627  G 6.48438931e-02 1.10554695e-01 9.62018967e-02 1.00000000e+00
90 P st 18 cl 0 sigma 0.17627  G -5.72621822e-02 -9.19938087e-02 1.18952990e-01 1.00000000e+00
90 P st 19 cl 0 sigma 0.17627  G 1.38890743e-01 5.53369522e-02 6.09993935e-02 1.00000000e+00
90 P st 21 cl 0 sigma 0.17627  G 4.16636467e-02 -1.48653984e-01 4.78744507e-02 1.00000000e+00
90 P st 22 cl 0 sigma 0.17627  G -5.91278076e-03 -1.50454044e-01 5.96404076e-02 1.00000000e+00
90 P st 23 cl 1 sigma 0.40238  G 1.39820576e-01 -7.34925270e-02 3.38554382e-02 1.00000000e+00
90 P st 25 cl 0 sigma 0.17627  G 3.77297401e-02 -1.33872032e-01 8.37624073e-02 1.00000000e+00
90 P st 28 cl 0 sigma 0.17627  G 4.59909439e-02 -6.52074814e-02 1.39272213e-01 1.00000000e+00
90 P st 29 cl 0 sigma 0.17627  G -1.09905005e-01 -2.76982784e-02 1.12694502e-01 1.00000000e+00
90 P st 31 cl 0 sigma 0.17627  G -2.62200832e-02 6.97970390e-03 1.58864260e-01 1.00000000e+00
90 P st 33 cl 0 sigma 0.17627  G 1.54137611e-01 2.94685364e-02 3.82781029e-02 1.00000000e+00
90 P st 34 cl 0 sigma 0.17627  G 1.25813484e-01 7.11619854e-02 7.37786293e-02 1.00000000e+00
90 P st 36 cl 0 sigma 0.17627  G 1.40130520e-01 7.03215599e-02 3.93748283e-02 1.00000000e+00
90 P st 37 cl 0 sigma 0.17627  G -4.52637672e-02 1.28692389e-01 8.44836235e-02 1.00000000e+00
90 P st 39 cl 0 sigma 0.17627  G -7.41958618e-02 1.33192539e-01 5.53250313e-02 1.00000000e+00
90 P st 40 cl 0 sigma 0.17627  G 1.21319294e-01 1.01423264e-01 3.33428383e-02 1.00000000e+00
90 P st 42 cl 0 sigma 0.17627  G 3.80754471e-02 1.47545338e-01 5.51104546e-02 1.00000000e+00
90 P st 43 cl 0 sigma 0.17627  G 2.75969505e-02 1.52647495e-01 4.61816788e-02 1.00000000e+00
90 P st 45 cl 0 sigma 0.17627  G 1.74045563e-03 1.57153606e-01 3.80992889e-02 1.00000000e+00
90 P st 47 cl 0 sigma 0.17627  G -8.68916512e-02 4.70519066e-02 1.28823519e-01 1.00000000e+00
90 S st 10 cl 1 sigma 0.13790  G 2.45857239e-01 -1.05738640e-01 8.04662704e-02 1.00000000e+00
90 S st 12 cl 1 sigma 0.13790  G 2.46393681e-01 -1.25765800e-02 1.34873390e-01 1.00000000e+00
90 S st 18 cl 0 sigma 0.10762  G -9.90629196e-02 -1.59144402e-01 2.05790997e-01 1.00000000e+00
90 S st 19 cl 1 sigma 0.13790  G 2.40278244e-01 9.57369804e-02 1.05512142e-01 1.00000000e+00
90 S st 23 cl 1 sigma 0.13790  G 2.41899490e-01 -1.27124786e-01 5.85556030e-02 1.00000000e+00
90 S st 25 cl 1 sigma 0.13790  G 6.52551651e-02 -2.31599808e-01 1.44898891e-01 1.00000000e+00
90 S st 29 cl 1 sigma 0.13790  G -1.90138817e-01 -4.78982925e-02 1.94978714e-01 1.00000000e+00
90 S st 33 cl 1 sigma 0.13790  G 2.66671181e-01 5.09738922e-02 6.62088394e-02 1.00000000e+00
90 S st 34 cl 0 sigma 0.10762  G 2.17664242e-01 1.23131275e-01 1.27613544e-01 1.00000000e+00
90 S st 37 cl 0 sigma 0.10762  G -7.82966614e-02 2.22635269e-01 1.46150589e-01 1.00000000e+00
90 S st 40 cl 0 sigma 0.10762  G 2.09903717e-01 1.75428391e-01 5.76734543e-02 1.00000000e+00
# EVENT 91  nrows 19  ncols 4  params[x y z ot]  hypo 2.1980 6.1954 1.6635
91 P st 12 cl 0 sigma 0.17627  G 1.47867203e-01 5.57184219e-02 3.56435776e-02 1.00000000e+00
91 P st 14 cl 0 sigma 0.17627  G 7.03096390e-02 1.41537189e-01 3.41892242e-02 1.00000000e+00
91 P st 18 cl 0 sigma 0.17627  G -3.90946865e-02 5.16176224e-03 1.52850151e-01 1.00000000e+00
91 P st 22 cl 0 sigma 0.17627  G 2.37345695e-02 -1.49935484e-01 5.90503216e-02 1.00000000e+00
91 P st 23 cl 1 sigma 0.40238  G 1.55544281e-01 -3.91483307e-02 1.82747841e-02 1.00000000e+00
91 P st 25 cl 0 sigma 0.17627  G 1.02615356e-01 -9.42230225e-02 8.59916210e-02 1.00000000e+00
91 P st 28 cl 0 sigma 0.17627  G 1.03491545e-01 5.06281853e-02 1.10512972e-01 1.00000000e+00
91 P st 29 cl 0 sigma 0.17627  G -1.04784966e-01 8.01205635e-02 9.42826271e-02 1.00000000e+00
91 P st 31 cl 0 sigma 0.17627  G 2.56061554e-02 1.32852793e-01 9.35673714e-02 1.00000000e+00
91 P st 34 cl 0 sigma 0.17627  G 1.17468834e-01 1.07502937e-01 2.88248062e-02 1.00000000e+00
91 P st 37 cl 0 sigma 0.17627  G -1.35421753e-02 1.57821178e-01 3.26156616e-02 1.00000000e+00
91 P st 47 cl 0 sigma 0.17627  G -4.55677509e-02 1.40041113e-01 6.72280788e-02 1.00000000e+00
91 S st 12 cl 0 sigma 0.10762  G 2.55811214e-01 9.63926315e-02 6.16431236e-02 1.00000000e+00
91 S st 23 cl 1 sigma 0.13790  G 2.69079208e-01 -6.77585602e-02 3.15666199e-02 1.00000000e+00
91 S st 25 cl 0 sigma 0.10762  G 1.77538395e-01 -1.63006783e-01 1.48737431e-01 1.00000000e+00
91 S st 31 cl 0 sigma 0.10762  G 4.42922115e-02 2.29829550e-01 1.61874294e-01 1.00000000e+00
91 S st 34 cl 1 sigma 0.13790  G 2.03204155e-01 1.85966492e-01 4.98771667e-02 1.00000000e+00
91 S st 37 cl 1 sigma 0.13790  G -2.34484673e-02 2.73025036e-01 5.64098358e-02 1.00000000e+00
91 S st 47 cl 0 sigma 0.10762  G -7.88211823e-02 2.42269039e-01 1.16288662e-01 1.00000000e+00
# EVENT 92  nrows 29  ncols 4  params[x y z ot]  hypo 0.5443 -2.0410 0.4493
92 P st 12 cl 0 sigma 0.17627  G 1.35755539e-01 -8.88228416e-02 -5.30004501e-02 1.00000000e+00
92 P st 14 cl 0 sigma 0.17627  G 1.40649080e-01 3.45021486e-02 9.97036695e-02 1.00000000e+00
92 P st 18 cl 0 sigma 0.17627  G -4.80592251e-02 -1.55001879e-01 -4.51147556e-02 1.00000000e+00
92 P st 19 cl 0 sigma 0.17627  G 1.61528587e-01 -1.34944916e-02 -5.53965569e-02 1.00000000e+00
92 P st 25 cl 0 sigma 0.17627  G 2.41041183e-02 -1.59561634e-01 -8.08119774e-02 1.00000000e+00
92 P st 26 cl 0 sigma 0.17627  G -7.30395317e-02 -1.43837929e-01 -8.16822052e-02 1.00000000e+00
92 P st 29 cl 0 sigma 0.17627  G -1.08033419e-01 -1.21343136e-01 -1.37925148e-02 1.00000000e+00
92 P st 31 cl 0 sigma 0.17627  G -3.22639942e-02 -1.54870749e-01 6.38127327e-02 1.00000000e+00
92 P st 33 cl 0 sigma 0.17627  G 1.60276890e-01 -1.68800354e-02 -8.41259956e-02 1.00000000e+00
92 P st 34 cl 0 sigma 0.17627  G 1.62059069e-01 -9.75728035e-03 -2.74181366e-04 1.00000000e+00
92 P st 37 cl 0 sigma 0.17627  G -1.15388632e-01 9.72151756e-02 8.97705555e-02 1.00000000e+00
92 P st 39 cl 0 sigma 0.17627  G -1.18929148e-01 1.10709667e-01 -1.76370144e-02 1.00000000e+00
92 P st 40 cl 0 sigma 0.17627  G 1.43349171e-01 7.36594200e-02 -8.41259956e-02 1.00000000e+00
92 P st 41 cl 0 sigma 0.17627  G 1.19960308e-01 1.07741356e-01 -8.20040703e-02 1.00000000e+00
92 P st 42 cl 0 sigma 0.17627  G 6.05225563e-02 1.50549412e-01 6.82473183e-03 1.00000000e+00
92 P st 43 cl 0 sigma 0.17627  G 3.91483307e-02 1.57535076e-01 -4.45723534e-02 1.00000000e+00
92 P st 44 cl 0 sigma 0.17627  G 1.28579140e-01 9.71436501e-02 -8.41617584e-02 1.00000000e+00
92 P st 47 cl 0 sigma 0.17627  G -1.24001503e-01 -9.66787338e-02 6.80088997e-02 1.00000000e+00
92 S st 12 cl 1 sigma 0.13790  G 2.34854221e-01 -1.53672695e-01 -9.16957855e-02 1.00000000e+00
92 S st 18 cl 0 sigma 0.10762  G -8.31365585e-02 -2.68161297e-01 -7.80582428e-02 1.00000000e+00
92 S st 29 cl 0 sigma 0.10762  G -1.86896324e-01 -2.09927559e-01 -2.38656998e-02 1.00000000e+00
92 S st 31 cl 0 sigma 0.10762  G -5.58018684e-02 -2.67928839e-01 1.10387802e-01 1.00000000e+00
92 S st 33 cl 1 sigma 0.13790  G 2.77304649e-01 -2.92062759e-02 -1.45554543e-01 1.00000000e+00
92 S st 34 cl 0 sigma 0.10762  G 2.80356407e-01 -1.68800354e-02 -4.76837158e-04 1.00000000e+00
92 S st 37 cl 1 sigma 0.13790  G -1.99615955e-01 1.68180466e-01 1.55293941e-01 1.00000000e+00
92 S st 40 cl 1 sigma 0.13790  G 2.47979164e-01 1.27458572e-01 -1.45554543e-01 1.00000000e+00
92 S st 41 cl 1 sigma 0.13790  G 2.07567215e-01 1.86371803e-01 -1.41906738e-01 1.00000000e+00
92 S st 44 cl 0 sigma 0.10762  G 2.22468376e-01 1.68061256e-01 -1.45673752e-01 1.00000000e+00
92 S st 47 cl 1 sigma 0.13790  G -2.14529037e-01 -1.67250633e-01 1.17659569e-01 1.00000000e+00
# EVENT 93  nrows 22  ncols 4  params[x y z ot]  hypo 0.4823 -2.7498 -0.7306
93 P st 12 cl 0 sigma 0.17627  G 1.42884254e-01 -1.08128786e-01 1.96158886e-02 1.00000000e+00
93 P st 14 cl 0 sigma 0.17627  G 1.71706080e-01 -1.75833702e-03 5.40405512e-02 1.00000000e+00
93 P st 18 cl 0 sigma 0.17627  G -5.02645969e-02 -1.71965361e-01 1.96635723e-02 1.00000000e+00
93 P st 26 cl 0 sigma 0.17627  G -7.58171082e-02 -1.57499313e-01 1.12056732e-03 1.00000000e+00
93 P st 28 cl 0 sigma 0.17627  G 3.15129757e-02 -1.76149607e-01 2.30908394e-02 1.00000000e+00
93 P st 31 cl 0 sigma 0.17627  G -3.33666801e-02 -1.74623728e-01 3.11136246e-02 1.00000000e+00
93 P st 33 cl 1 sigma 0.40238  G 1.65426731e-01 -2.54273415e-02 -6.10947609e-02 1.00000000e+00
93 P st 34 cl 0 sigma 0.17627  G 1.76328421e-01 -2.90095806e-02 2.47240067e-02 1.00000000e+00
93 P st 37 cl 0 sigma 0.17627  G -1.50030851e-01 8.26120377e-02 5.05924225e-02 1.00000000e+00
93 P st 39 cl 0 sigma 0.17627  G -1.39898062e-01 1.11347437e-01 2.43008137e-02 1.00000000e+00
93 P st 40 cl 0 sigma 0.17627  G 1.53791904e-01 7.11441040e-02 -4.84228134e-02 1.00000000e+00
93 P st 42 cl 0 sigma 0.17627  G 7.20262527e-02 1.63197517e-01 2.78770924e-02 1.00000000e+00
93 P st 43 cl 0 sigma 0.17627  G 4.55558300e-02 1.73127651e-01 2.24769115e-02 1.00000000e+00
93 P st 47 cl 0 sigma 0.17627  G -1.27071142e-01 -1.22916698e-01 3.34084034e-02 1.00000000e+00
93 S st 12 cl 1 sigma 0.13790  G 2.47192383e-01 -1.87039375e-01 3.39388847e-02 1.00000000e+00
93 S st 18 cl 0 sigma 0.10762  G -8.69512558e-02 -2.97522545e-01 3.40223312e-02 1.00000000e+00
93 S st 31 cl 1 sigma 0.13790  G -5.77092171e-02 -3.02088261e-01 5.38229942e-02 1.00000000e+00
93 S st 33 cl 1 sigma 0.13790  G 2.86197662e-01 -4.39643860e-02 -1.05714798e-01 1.00000000e+00
93 S st 37 cl 1 sigma 0.13790  G -2.59566307e-01 1.42908096e-01 8.75234604e-02 1.00000000e+00
93 S st 39 cl 1 sigma 0.13790  G -2.42018700e-01 1.92618370e-01 4.20331955e-02 1.00000000e+00
93 S st 40 cl 1 sigma 0.13790  G 2.66051292e-01 1.23071671e-01 -8.37802887e-02 1.00000000e+00
93 S st 47 cl 0 sigma 0.10762  G -2.19833851e-01 -2.12633610e-01 5.78045845e-02 1.00000000e+00
# EVENT 94  nrows 16  ncols 4  params[x y z ot]  hypo 5.0717 5.0174 2.2323
94 P st 12 cl 0 sigma 0.17627  G 1.55138969e-01 2.90036201e-02 3.49164009e-02 1.00000000e+00
94 P st 18 cl 0 sigma 0.17627  G 7.19666481e-02 -3.81052494e-02 1.37299299e-01 1.00000000e+00
94 P st 21 cl 0 sigma 0.17627  G 1.00207329e-01 -1.22010708e-01 3.49402428e-02 1.00000000e+00
94 P st 26 cl 0 sigma 0.17627  G -2.63810158e-02 -1.08408928e-01 1.17522478e-01 1.00000000e+00
94 P st 28 cl 0 sigma 0.17627  G 1.39999390e-01 7.41481781e-03 7.77721405e-02 1.00000000e+00
94 P st 29 cl 0 sigma 0.17627  G -1.65998936e-02 4.84347343e-02 1.49559975e-01 1.00000000e+00
94 P st 31 cl 0 sigma 0.17627  G 1.04075670e-01 7.98463821e-02 9.66131687e-02 1.00000000e+00
94 P st 36 cl 0 sigma 0.17627  G 1.41584873e-01 7.46846199e-02 1.99794769e-02 1.00000000e+00
94 P st 37 cl 0 sigma 0.17627  G 3.25202942e-02 1.50942802e-01 4.69326973e-02 1.00000000e+00
94 P st 47 cl 0 sigma 0.17627  G 2.90274620e-02 1.19245052e-01 1.01196766e-01 1.00000000e+00
94 S st 12 cl 1 sigma 0.13790  G 2.68387794e-01 5.01871109e-02 6.04152679e-02 1.00000000e+00
94 S st 21 cl 1 sigma 0.13790  G 1.73401833e-01 -2.11071968e-01 6.04629517e-02 1.00000000e+00
94 S st 26 cl 0 sigma 0.10762  G -4.56333160e-02 -1.87516212e-01 2.03299522e-01 1.00000000e+00
94 S st 29 cl 0 sigma 0.10762  G -2.87055969e-02 8.37802887e-02 2.58731842e-01 1.00000000e+00
94 S st 37 cl 0 sigma 0.10762  G 5.62667847e-02 2.61127949e-01 8.11815262e-02 1.00000000e+00
94 S st 47 cl 0 sigma 0.10762  G 5.02228737e-02 2.06279755e-01 1.75058842e-01 1.00000000e+00
# EVENT 95  nrows 17  ncols 4  params[x y z ot]  hypo 5.5311 4.8347 1.9498
95 P st 12 cl 0 sigma 0.17627  G 1.56843662e-01 2.59160995e-02 2.59757042e-02 1.00000000e+00
95 P st 18 cl 0 sigma 0.17627  G 8.82625580e-02 -4.45663929e-02 1.22290850e-01 1.00000000e+00
95 P st 22 cl 0 sigma 0.17627  G 7.54117966e-02 -1.35302544e-01 4.01496887e-02 1.00000000e+00
95 P st 26 cl 0 sigma 0.17627  G -1.26361847e-02 -1.15889311e-01 1.05226040e-01 1.00000000e+00
95 P st 28 cl 0 sigma 0.17627  G 1.46877766e-01 3.01003456e-03 5.98251820e-02 1.00000000e+00
95 P st 29 cl 0 sigma 0.17627  G -1.95503235e-03 5.21421432e-02 1.49136782e-01 1.00000000e+00
95 P st 31 cl 0 sigma 0.17627  G 1.14822388e-01 7.30812550e-02 7.85231590e-02 1.00000000e+00
95 P st 32 cl 0 sigma 0.17627  G -1.01882219e-01 9.36746597e-02 7.46846199e-02 1.00000000e+00
95 P st 37 cl 0 sigma 0.17627  G 4.07874584e-02 1.50614977e-01 3.72827053e-02 1.00000000e+00
95 P st 42 cl 1 sigma 0.40238  G 7.90476799e-02 1.38711929e-01 2.12192535e-02 1.00000000e+00
95 P st 47 cl 0 sigma 0.17627  G 4.36782837e-02 1.19346380e-01 8.85069370e-02 1.00000000e+00
95 S st 12 cl 1 sigma 0.13790  G 2.71296501e-01 4.48465347e-02 4.49419022e-02 1.00000000e+00
95 S st 18 cl 0 sigma 0.10762  G 1.52689219e-01 -7.70986080e-02 2.11578608e-01 1.00000000e+00
95 S st 26 cl 0 sigma 0.10762  G -2.18629837e-02 -2.00510025e-01 1.82056427e-01 1.00000000e+00
95 S st 32 cl 1 sigma 0.13790  G -1.76286697e-01 1.62053108e-01 1.29199028e-01 1.00000000e+00
95 S st 37 cl 1 sigma 0.13790  G 7.05718994e-02 2.60543823e-01 6.44803047e-02 1.00000000e+00
95 S st 47 cl 0 sigma 0.10762  G 7.55786896e-02 2.06458569e-01 1.53124332e-01 1.00000000e+00
# EVENT 96  nrows 17  ncols 4  params[x y z ot]  hypo -8.2236 -6.1224 -1.8241
96 P st 12 cl 0 sigma 0.17627  G -2.76386738e-02 -1.77896023e-01 -3.56632471e-01 1.00000000e+00
96 P st 18 cl 0 sigma 0.17627  G -1.20794773e-01 -1.30605698e-01 -3.57544422e-01 1.00000000e+00
96 P st 19 cl 0 sigma 0.17627  G 9.71555710e-03 -1.79767609e-01 -3.56638432e-01 1.00000000e+00
96 P st 31 cl 1 sigma 0.40238  G -1.36184692e-01 -1.17754936e-01 -3.56638432e-01 1.00000000e+00
96 P st 34 cl 0 sigma 0.17627  G -6.93082809e-02 -1.66159868e-01 -3.56638432e-01 1.00000000e+00
96 P st 36 cl 0 sigma 0.17627  G 1.68615580e-01 -6.30974770e-02 -3.56632471e-01 1.00000000e+00
96 P st 38 cl 0 sigma 0.17627  G 2.96866894e-01 -1.42812729e-02 -7.63624907e-02 1.00000000e+00
96 P st 39 cl 1 sigma 0.40238  G -1.79469585e-01 1.42931938e-02 -3.56638432e-01 1.00000000e+00
96 P st 40 cl 0 sigma 0.17627  G 1.53738260e-01 9.36925411e-02 -3.56638432e-01 1.00000000e+00
96 P st 41 cl 0 sigma 0.17627  G 8.11815262e-03 1.79851055e-01 -3.56638432e-01 1.00000000e+00
96 P st 42 cl 1 sigma 0.40238  G -1.68931484e-01 6.22510910e-02 -3.56638432e-01 1.00000000e+00
96 S st 12 cl 1 sigma 0.13790  G -4.78148460e-02 -3.07786465e-01 -6.16967678e-01 1.00000000e+00
96 S st 18 cl 1 sigma 0.13790  G -2.08997726e-01 -2.25973129e-01 -6.18553162e-01 1.00000000e+00
96 S st 34 cl 0 sigma 0.10762  G -1.19912624e-01 -2.87461281e-01 -6.16979599e-01 1.00000000e+00
96 S st 36 cl 1 sigma 0.13790  G 2.91705132e-01 -1.09148026e-01 -6.16991520e-01 1.00000000e+00
96 S st 40 cl 0 sigma 0.10762  G 2.65955925e-01 1.62076950e-01 -6.16979599e-01 1.00000000e+00
96 S st 41 cl 0 sigma 0.10762  G 1.40309334e-02 3.11136246e-01 -6.16991520e-01 1.00000000e+00
# EVENT 97  nrows 28  ncols 4  params[x y z ot]  hypo -4.0350 -6.9756 0.4561
97 P st 12 cl 0 sigma 0.17627  G 4.45842743e-02 -1.55282021e-01 -7.35521317e-02 1.00000000e+00
97 P st 14 cl 0 sigma 0.17627  G -6.23464584e-02 -1.47098303e-01 5.75780869e-02 1.00000000e+00
97 P st 18 cl 0 sigma 0.17627  G -7.69734383e-02 -1.41596794e-01 -8.41140747e-02 1.00000000e+00
97 P st 19 cl 0 sigma 0.17627  G 9.99808311e-02 -1.27798319e-01 -8.49962234e-03 1.00000000e+00
97 P st 22 cl 1 sigma 0.40238  G -4.13537025e-02 -1.55746937e-01 -8.41856003e-02 1.00000000e+00
97 P st 31 cl 0 sigma 0.17627  G -8.24570656e-02 -1.38759613e-01 -7.81059265e-02 1.00000000e+00
97 P st 33 cl 0 sigma 0.17627  G 1.36208534e-01 -8.62360001e-02 -8.28266144e-02 1.00000000e+00
97 P st 36 cl 0 sigma 0.17627  G 1.55484676e-01 -4.55141068e-02 -5.35249710e-02 1.00000000e+00
97 P st 37 cl 0 sigma 0.17627  G -1.51109695e-01 -5.91933727e-02 -2.29597092e-02 1.00000000e+00
97 P st 38 cl 0 sigma 0.17627  G 1.59931183e-01 -2.49266624e-02 2.49028206e-02 1.00000000e+00
97 P st 40 cl 0 sigma 0.17627  G 1.58512592e-01 3.40640545e-02 -5.04791737e-02 1.00000000e+00
97 P st 41 cl 0 sigma 0.17627  G 1.30701065e-01 9.27865505e-02 4.77612019e-02 1.00000000e+00
97 P st 42 cl 0 sigma 0.17627  G -9.57190990e-02 6.80088997e-02 1.19197369e-01 1.00000000e+00
97 P st 43 cl 0 sigma 0.17627  G -8.91029835e-02 1.28614902e-01 7.18891621e-02 1.00000000e+00
97 P st 44 cl 0 sigma 0.17627  G 1.38878822e-01 8.23259354e-02 -7.57217407e-02 1.00000000e+00
97 P st 46 cl 0 sigma 0.17627  G -4.06563282e-02 -1.56837702e-01 1.05857849e-02 1.00000000e+00
97 P st 47 cl 0 sigma 0.17627  G -1.17015839e-01 -1.11103058e-01 -7.90476799e-02 1.00000000e+00
97 S st 12 cl 0 sigma 0.10762  G 7.71403313e-02 -2.68650055e-01 -1.27267838e-01 1.00000000e+00
97 S st 18 cl 0 sigma 0.10762  G -1.33156776e-01 -2.44975090e-01 -1.45554543e-01 1.00000000e+00
97 S st 19 cl 1 sigma 0.13790  G 1.72972679e-01 -2.21097469e-01 -1.47104263e-02 1.00000000e+00
97 S st 31 cl 1 sigma 0.13790  G -1.42657757e-01 -2.40051746e-01 -1.35111809e-01 1.00000000e+00
97 S st 33 cl 1 sigma 0.13790  G 2.35652924e-01 -1.49154663e-01 -1.43265724e-01 1.00000000e+00
97 S st 36 cl 1 sigma 0.13790  G 2.68995762e-01 -7.87496567e-02 -9.26136971e-02 1.00000000e+00
97 S st 38 cl 1 sigma 0.13790  G 2.76672840e-01 -4.31180000e-02 4.30941582e-02 1.00000000e+00
97 S st 41 cl 0 sigma 0.10762  G 2.26116180e-01 1.60527229e-01 8.26358795e-02 1.00000000e+00
97 S st 42 cl 1 sigma 0.13790  G -1.65605545e-01 1.17653608e-01 2.06208229e-01 1.00000000e+00
97 S st 44 cl 0 sigma 0.10762  G 2.40242481e-01 1.42443180e-01 -1.30999088e-01 1.00000000e+00
97 S st 47 cl 1 sigma 0.13790  G -2.02417374e-01 -1.92213058e-01 -1.36756897e-01 1.00000000e+00
# EVENT 98  nrows 18  ncols 4  params[x y z ot]  hypo 3.7362 4.7930 1.4785
98 P st 12 cl 0 sigma 0.17627  G 1.56593323e-01 2.96711922e-02 2.16484070e-02 1.00000000e+00
98 P st 18 cl 0 sigma 0.17627  G 2.83479691e-02 -5.42283058e-02 1.38318539e-01 1.00000000e+00
98 P st 21 cl 0 sigma 0.17627  G 8.80956650e-02 -1.33121014e-01 2.00033188e-02 1.00000000e+00
98 P st 22 cl 0 sigma 0.17627  G 4.86314297e-02 -1.49214268e-01 3.14176083e-02 1.00000000e+00
98 P st 26 cl 0 sigma 0.17627  G -6.80148602e-02 -1.17069483e-01 7.44283199e-02 1.00000000e+00
98 P st 28 cl 0 sigma 0.17627  G 1.42824650e-01 2.77757645e-03 6.73711300e-02 1.00000000e+00
98 P st 29 cl 0 sigma 0.17627  G -7.63535500e-02 4.89830971e-02 1.27112865e-01 1.00000000e+00
98 P st 31 cl 0 sigma 0.17627  G 8.11219215e-02 9.04142857e-02 8.92579556e-02 1.00000000e+00
98 P st 32 cl 0 sigma 0.17627  G -1.29652023e-01 8.14080238e-02 4.22835350e-02 1.00000000e+00
98 P st 37 cl 0 sigma 0.17627  G 1.13844872e-02 1.57731771e-01 2.72631645e-02 1.00000000e+00
98 P st 39 cl 0 sigma 0.17627  G -3.14831734e-02 1.56712532e-01 1.89185143e-02 1.00000000e+00
98 P st 47 cl 0 sigma 0.17627  G -8.73804092e-03 1.36619806e-01 7.68661499e-02 1.00000000e+00
98 S st 12 cl 1 sigma 0.13790  G 2.70926952e-01 5.13076782e-02 3.74555588e-02 1.00000000e+00
98 S st 18 cl 0 sigma 0.10762  G 4.90307808e-02 -9.38177109e-02 2.39282846e-01 1.00000000e+00
98 S st 21 cl 1 sigma 0.13790  G 1.52409077e-01 -2.30312347e-01 3.45945358e-02 1.00000000e+00
98 S st 26 cl 0 sigma 0.10762  G -1.17659569e-01 -2.02536583e-01 1.28769875e-01 1.00000000e+00
98 S st 31 cl 0 sigma 0.10762  G 1.40345097e-01 1.56426430e-01 1.54411793e-01 1.00000000e+00
98 S st 47 cl 0 sigma 0.10762  G -1.51157379e-02 2.36368179e-01 1.32966042e-01 1.00000000e+00
# EVENT 99  nrows 38  ncols 4  params[x y z ot]  hypo 4.2449 4.9052 1.4051
99 P st 12 cl 0 sigma 0.17627  G 1.56927109e-01 2.99334526e-02 2.04563141e-02 1.00000000e+00
99 P st 14 cl 0 sigma 0.17627  G 1.03139877e-01 1.21450424e-01 2.35915184e-02 1.00000000e+00
99 P st 18 cl 0 sigma 0.17627  G 5.67734241e-02 -5.64813614e-02 1.34491920e-01 1.00000000e+00
99 P st 21 cl 0 sigma 0.17627  G 9.37700272e-02 -1.29568577e-01 1.96218491e-02 1.00000000e+00
99 P st 22 cl 0 sigma 0.17627  G 5.79714775e-02 -1.46257877e-01 3.10659409e-02 1.00000000e+00
99 P st 23 cl 0 sigma 0.17627  G 1.54244900e-01 -4.52399254e-02 1.15036964e-02 1.00000000e+00
99 P st 25 cl 0 sigma 0.17627  G 1.20002031e-01 -9.71198082e-02 3.95953655e-02 1.00000000e+00
99 P st 26 cl 0 sigma 0.17627  G -5.72562218e-02 -1.24335289e-01 8.12768936e-02 1.00000000e+00
99 P st 28 cl 0 sigma 0.17627  G 1.48069859e-01 5.84721565e-03 5.92947006e-02 1.00000000e+00
99 P st 29 cl 0 sigma 0.17627  G -5.50389290e-02 5.34296036e-02 1.33001804e-01 1.00000000e+00
99 P st 31 cl 0 sigma 0.17627  G 9.68873501e-02 9.23156738e-02 7.88211823e-02 1.00000000e+00
99 P st 32 cl 0 sigma 0.17627  G -1.23977661e-01 8.79406929e-02 4.55617905e-02 1.00000000e+00
99 P st 34 cl 0 sigma 0.17627  G 1.36208534e-01 8.39948654e-02 1.84059143e-02 1.00000000e+00
99 P st 36 cl 0 sigma 0.17627  G 1.41060352e-01 7.70807266e-02 1.16705894e-02 1.00000000e+00
99 P st 37 cl 0 sigma 0.17627  G 2.00092793e-02 1.57374144e-01 2.66671181e-02 1.00000000e+00
99 P st 38 cl 0 sigma 0.17627  G 1.27732754e-01 9.75251198e-02 1.25050545e-02 1.00000000e+00
99 P st 39 cl 0 sigma 0.17627  G -2.48551369e-02 1.58047676e-01 1.88827515e-02 1.00000000e+00
99 P st 40 cl 0 sigma 0.17627  G 1.24859810e-01 1.01399422e-01 1.03473663e-02 1.00000000e+00
99 P st 41 cl 0 sigma 0.17627  G 1.03712082e-01 1.22845173e-01 1.15752220e-02 1.00000000e+00
99 P st 42 cl 0 sigma 0.17627  G 6.82592392e-02 1.45161152e-01 1.55448914e-02 1.00000000e+00
99 P st 45 cl 0 sigma 0.17627  G 3.17335129e-02 1.57535076e-01 1.22189522e-02 1.00000000e+00
99 P st 46 cl 0 sigma 0.17627  G 1.20425224e-01 1.02639198e-01 2.79784203e-02 1.00000000e+00
99 P st 47 cl 0 sigma 0.17627  G 7.92741776e-03 1.38121843e-01 7.46846199e-02 1.00000000e+00
99 S st 12 cl 0 sigma 0.10762  G 2.71522999e-01 5.18202782e-02 3.54051590e-02 1.00000000e+00
99 S st 18 cl 0 sigma 0.10762  G 9.82105732e-02 -9.77158546e-02 2.32678652e-01 1.00000000e+00
99 S st 23 cl 0 sigma 0.10762  G 2.66838074e-01 -7.82489777e-02 1.99317932e-02 1.00000000e+00
99 S st 26 cl 0 sigma 0.10762  G -9.90629196e-02 -2.15101242e-01 1.40619278e-01 1.00000000e+00
99 S st 28 cl 0 sigma 0.10762  G 2.56145000e-01 1.01089478e-02 1.02579594e-01 1.00000000e+00
99 S st 32 cl 1 sigma 0.13790  G -2.14481354e-01 1.52122974e-01 7.88450241e-02 1.00000000e+00
99 S st 34 cl 0 sigma 0.10762  G 2.35676765e-01 1.45292282e-01 3.18288803e-02 1.00000000e+00
99 S st 36 cl 1 sigma 0.13790  G 2.44045258e-01 1.33347511e-01 2.01702118e-02 1.00000000e+00
99 S st 37 cl 0 sigma 0.10762  G 3.46183777e-02 2.72274017e-01 4.61339951e-02 1.00000000e+00
99 S st 38 cl 0 sigma 0.10762  G 2.20966339e-01 1.68681145e-01 2.16722488e-02 1.00000000e+00
99 S st 39 cl 1 sigma 0.13790  G -4.29868698e-02 2.73418427e-01 3.26871872e-02 1.00000000e+00
99 S st 40 cl 0 sigma 0.10762  G 2.16007233e-01 1.75404549e-01 1.79290771e-02 1.00000000e+00
99 S st 41 cl 1 sigma 0.13790  G 1.79409981e-01 2.12502480e-01 2.00271606e-02 1.00000000e+00
99 S st 45 cl 1 sigma 0.13790  G 5.49077988e-02 2.72536278e-01 2.11477280e-02 1.00000000e+00
99 S st 47 cl 0 sigma 0.10762  G 1.36971474e-02 2.38955021e-01 1.29187107e-01 1.00000000e+00
# EVENT 100  nrows 30  ncols 4  params[x y z ot]  hypo -9.8991 -5.3878 2.6886
100 P st 10 cl 0 sigma 0.17627  G 1.47581100e-02 -1.55866146e-01 3.98039818e-02 1.00000000e+00
100 P st 12 cl 0 sigma 0.17627  G -5.27024269e-02 -1.40869617e-01 6.03020191e-02 1.00000000e+00
100 P st 14 cl 0 sigma 0.17627  G -1.40661001e-01 -4.88996506e-02 6.47425652e-02 1.00000000e+00
100 P st 18 cl 0 sigma 0.17627  G -1.19006634e-01 -1.05297565e-01 2.85506248e-02 1.00000000e+00
100 P st 19 cl 0 sigma 0.17627  G -3.73840332e-02 -1.08420849e-01 1.12837553e-01 1.00000000e+00
100 P st 25 cl 0 sigma 0.17627  G -8.12649727e-02 -1.36530399e-01 2.91824341e-02 1.00000000e+00
100 P st 31 cl 0 sigma 0.17627  G -1.30665302e-01 -8.77857208e-02 3.69668007e-02 1.00000000e+00
100 P st 33 cl 0 sigma 0.17627  G 9.46640968e-02 -1.05667114e-01 7.95841217e-02 1.00000000e+00
100 P st 34 cl 0 sigma 0.17627  G -8.86380672e-02 -9.39011574e-02 9.95576382e-02 1.00000000e+00
100 P st 36 cl 0 sigma 0.17627  G 9.03069973e-02 -3.04400921e-02 1.32817030e-01 1.00000000e+00
100 P st 37 cl 0 sigma 0.17627  G -1.56378746e-01 -1.44720078e-02 3.91125679e-02 1.00000000e+00
100 P st 38 cl 0 sigma 0.17627  G 7.97510147e-03 2.81453133e-02 1.58399343e-01 1.00000000e+00
100 P st 39 cl 0 sigma 0.17627  G -1.57427788e-01 1.84297562e-02 3.11970711e-02 1.00000000e+00
100 P st 40 cl 0 sigma 0.17627  G 7.18832016e-02 8.93950462e-02 1.11585855e-01 1.00000000e+00
100 P st 41 cl 0 sigma 0.17627  G -3.65316868e-02 1.14399195e-01 1.05923414e-01 1.00000000e+00
100 P st 42 cl 1 sigma 0.40238  G -1.38032436e-01 5.29050827e-02 6.44683838e-02 1.00000000e+00
100 P st 43 cl 0 sigma 0.17627  G -1.29473209e-01 8.00251961e-02 5.50508499e-02 1.00000000e+00
100 P st 44 cl 0 sigma 0.17627  G 6.11186028e-02 1.33019686e-01 6.99043274e-02 1.00000000e+00
100 P st 47 cl 0 sigma 0.17627  G -1.45006180e-01 -6.30378723e-02 3.34024429e-02 1.00000000e+00
100 S st 10 cl 1 sigma 0.13790  G 2.55346298e-02 -2.69627571e-01 6.88791275e-02 1.00000000e+00
100 S st 18 cl 0 sigma 0.10762  G -2.05874443e-01 -1.82175636e-01 4.93764877e-02 1.00000000e+00
100 S st 33 cl 1 sigma 0.13790  G 1.63781643e-01 -1.82807446e-01 1.37650967e-01 1.00000000e+00
100 S st 34 cl 1 sigma 0.13790  G -1.53350830e-01 -1.62458420e-01 1.72233582e-01 1.00000000e+00
100 S st 36 cl 0 sigma 0.10762  G 1.56235695e-01 -5.26666641e-02 2.29775906e-01 1.00000000e+00
100 S st 37 cl 1 sigma 0.13790  G -2.70509720e-01 -2.50577927e-02 6.76393509e-02 1.00000000e+00
100 S st 38 cl 0 sigma 0.10762  G 1.38044357e-02 4.86969948e-02 2.74026394e-01 1.00000000e+00
100 S st 40 cl 0 sigma 0.10762  G 1.24347210e-01 1.54626369e-01 1.93059444e-01 1.00000000e+00
100 S st 41 cl 1 sigma 0.13790  G -6.32047653e-02 1.97923183e-01 1.83260441e-01 1.00000000e+00
100 S st 44 cl 1 sigma 0.13790  G 1.05738640e-01 2.30133533e-01 1.20925903e-01 1.00000000e+00
100 S st 47 cl 0 sigma 0.10762  G -2.50864029e-01 -1.09052658e-01 5.77926636e-02 1.00000000e+00
# EVENT 101  nrows 39  ncols 4  params[x y z ot]  hypo 2.5256 -1.2588 1.9935
101 P st 10 cl 0 sigma 0.17627  G 1.34444237e-01 -8.64386559e-02 2.05874443e-02 1.00000000e+00
101 P st 12 cl 0 sigma 0.17627  G 1.44231319e-01 -6.23583794e-02 3.49521637e-02 1.00000000e+00
101 P st 14 cl 0 sigma 0.17627  G 1.29371881e-01 3.97861004e-02 7.88867474e-02 1.00000000e+00
101 P st 18 cl 0 sigma 0.17627  G -1.10268593e-02 -1.50603056e-01 5.20288944e-02 1.00000000e+00
101 P st 19 cl 0 sigma 0.17627  G 1.57892704e-01 4.05311584e-04 3.22818756e-02 1.00000000e+00
101 P st 21 cl 0 sigma 0.17627  G 4.96625900e-02 -1.51956081e-01 2.00271606e-02 1.00000000e+00
101 P st 22 cl 0 sigma 0.17627  G 1.53779984e-02 -1.58417225e-01 2.44617462e-02 1.00000000e+00
101 P st 23 cl 0 sigma 0.17627  G 1.32179260e-01 -9.08613205e-02 1.58309937e-02 1.00000000e+00
101 P st 25 cl 0 sigma 0.17627  G 5.21898270e-02 -1.49011612e-01 3.18288803e-02 1.00000000e+00
101 P st 26 cl 0 sigma 0.17627  G -5.13792038e-02 -1.48153305e-01 3.53097916e-02 1.00000000e+00
101 P st 28 cl 0 sigma 0.17627  G 7.33375549e-02 -1.29514933e-01 5.71548939e-02 1.00000000e+00
101 P st 29 cl 0 sigma 0.17627  G -7.55548477e-02 -1.20609999e-01 7.16924667e-02 1.00000000e+00
101 P st 31 cl 0 sigma 0.17627  G 3.58879566e-02 -1.14464760e-01 1.04594231e-01 1.00000000e+00
101 P st 32 cl 0 sigma 0.17627  G -1.41763687e-01 -4.86612320e-02 5.41567802e-02 1.00000000e+00
101 P st 33 cl 0 sigma 0.17627  G 1.59776211e-01 -7.41481781e-03 1.95622444e-02 1.00000000e+00
101 P st 34 cl 0 sigma 0.17627  G 1.54697895e-01 6.41345978e-03 4.18186188e-02 1.00000000e+00
101 P st 36 cl 0 sigma 0.17627  G 1.56414509e-01 3.21745872e-02 2.16007233e-02 1.00000000e+00
101 P st 37 cl 0 sigma 0.17627  G -1.85370445e-02 9.62972641e-02 1.19543076e-01 1.00000000e+00
101 P st 38 cl 0 sigma 0.17627  G 1.48665905e-01 5.62906265e-02 2.55107880e-02 1.00000000e+00
101 P st 39 cl 0 sigma 0.17627  G -7.77721405e-02 1.28632784e-01 5.67138195e-02 1.00000000e+00
101 P st 40 cl 0 sigma 0.17627  G 1.43134594e-01 7.13348389e-02 1.95145607e-02 1.00000000e+00
101 P st 42 cl 0 sigma 0.17627  G 8.21590424e-02 1.29365921e-01 4.55379486e-02 1.00000000e+00
101 P st 44 cl 0 sigma 0.17627  G 1.30653381e-01 9.27805901e-02 1.71422958e-02 1.00000000e+00
101 P st 46 cl 0 sigma 0.17627  G 1.34778023e-01 -1.29103661e-02 7.88211823e-02 1.00000000e+00
101 P st 47 cl 0 sigma 0.17627  G -5.08904457e-02 -6.59823418e-02 1.31160021e-01 1.00000000e+00
101 S st 10 cl 0 sigma 0.10762  G 2.32601166e-01 -1.49536133e-01 3.56674194e-02 1.00000000e+00
101 S st 12 cl 1 sigma 0.13790  G 2.49516964e-01 -1.07884407e-01 6.04510307e-02 1.00000000e+00
101 S st 18 cl 0 sigma 0.10762  G -1.90734863e-02 -2.60531902e-01 9.00030136e-02 1.00000000e+00
101 S st 19 cl 1 sigma 0.13790  G 2.73180008e-01 6.67572021e-04 5.58614731e-02 1.00000000e+00
101 S st 21 cl 0 sigma 0.10762  G 8.59260559e-02 -2.62856483e-01 3.46899033e-02 1.00000000e+00
101 S st 29 cl 0 sigma 0.10762  G -1.30701065e-01 -2.08663940e-01 1.24025345e-01 1.00000000e+00
101 S st 31 cl 0 sigma 0.10762  G 6.20901585e-02 -1.98030472e-01 1.80941820e-01 1.00000000e+00
101 S st 33 cl 1 sigma 0.13790  G 2.76374817e-01 -1.28507614e-02 3.38792801e-02 1.00000000e+00
101 S st 34 cl 0 sigma 0.10762  G 2.67636776e-01 1.10745430e-02 7.23481178e-02 1.00000000e+00
101 S st 37 cl 0 sigma 0.10762  G -3.20792198e-02 1.66594982e-01 2.06792355e-01 1.00000000e+00
101 S st 39 cl 1 sigma 0.13790  G -1.34539604e-01 2.22539902e-01 9.81092453e-02 1.00000000e+00
101 S st 40 cl 1 sigma 0.13790  G 2.47621536e-01 1.23381615e-01 3.37839127e-02 1.00000000e+00
101 S st 44 cl 1 sigma 0.13790  G 2.26092339e-01 1.60479546e-01 2.97069550e-02 1.00000000e+00
101 S st 47 cl 0 sigma 0.10762  G -8.80420208e-02 -1.14142895e-01 2.26902962e-01 1.00000000e+00
# EVENT 102  nrows 28  ncols 4  params[x y z ot]  hypo 5.1221 -0.7276 -0.9375
102 P st 12 cl 0 sigma 0.17627  G 1.71422958e-01 -5.04374504e-02 -2.27689743e-03 1.00000000e+00
102 P st 14 cl 0 sigma 0.17627  G 1.73187256e-01 4.69624996e-02 2.26438046e-02 1.00000000e+00
102 P st 18 cl 0 sigma 0.17627  G 5.19216061e-02 -1.71697140e-01 2.40564346e-02 1.00000000e+00
102 P st 23 cl 1 sigma 0.40238  G 1.40094757e-01 -7.96794891e-02 -8.49008560e-02 1.00000000e+00
102 P st 26 cl 0 sigma 0.17627  G -1.57237053e-02 -1.78849697e-01 1.99556351e-02 1.00000000e+00
102 P st 29 cl 0 sigma 0.17627  G -1.85191631e-02 -1.76620483e-01 3.80516052e-02 1.00000000e+00
102 P st 31 cl 0 sigma 0.17627  G 1.39194727e-01 -1.11448765e-01 3.30686569e-02 1.00000000e+00
102 P st 32 cl 0 sigma 0.17627  G -1.63823366e-01 -6.95824623e-02 3.54528427e-02 1.00000000e+00
102 P st 33 cl 0 sigma 0.17627  G 1.61242485e-01 -2.05039978e-03 -8.47697258e-02 1.00000000e+00
102 P st 34 cl 0 sigma 0.17627  G 1.78623199e-01 1.39951706e-02 1.15990639e-02 1.00000000e+00
102 P st 37 cl 0 sigma 0.17627  G 9.01579857e-02 1.53326988e-01 3.86774540e-02 1.00000000e+00
102 P st 39 cl 0 sigma 0.17627  G -2.80737877e-02 1.77067518e-01 2.61425972e-02 1.00000000e+00
102 P st 40 cl 0 sigma 0.17627  G 1.46710873e-01 6.68406487e-02 -8.47578049e-02 1.00000000e+00
102 P st 41 cl 0 sigma 0.17627  G 1.36363506e-01 9.42707062e-02 -7.71999359e-02 1.00000000e+00
102 P st 45 cl 0 sigma 0.17627  G 6.06536865e-02 1.67059898e-01 -1.45673752e-02 1.00000000e+00
102 P st 46 cl 0 sigma 0.17627  G 1.79445744e-01 1.33514404e-03 2.27868557e-02 1.00000000e+00
102 P st 47 cl 0 sigma 0.17627  G 1.02573633e-01 -1.26406550e-01 8.84741545e-02 1.00000000e+00
102 S st 12 cl 0 sigma 0.10762  G 2.96568871e-01 -8.72135162e-02 -3.93390656e-03 1.00000000e+00
102 S st 18 cl 0 sigma 0.10762  G 8.98361206e-02 -2.97045708e-01 4.16159630e-02 1.00000000e+00
102 S st 23 cl 1 sigma 0.13790  G 2.42376328e-01 -1.37901306e-01 -1.46865845e-01 1.00000000e+00
102 S st 29 cl 1 sigma 0.13790  G -3.20434570e-02 -3.05557251e-01 6.58273697e-02 1.00000000e+00
102 S st 31 cl 0 sigma 0.10762  G 2.40808725e-01 -1.92791224e-01 5.72144985e-02 1.00000000e+00
102 S st 33 cl 1 sigma 0.13790  G 2.78949738e-01 -3.55243683e-03 -1.46651268e-01 1.00000000e+00
102 S st 34 cl 0 sigma 0.10762  G 3.09038162e-01 2.41756439e-02 2.00748444e-02 1.00000000e+00
102 S st 37 cl 1 sigma 0.13790  G 1.55973434e-01 2.65252590e-01 6.69121742e-02 1.00000000e+00
102 S st 40 cl 1 sigma 0.13790  G 2.53796577e-01 1.15609169e-01 -1.46675110e-01 1.00000000e+00
102 S st 41 cl 1 sigma 0.13790  G 2.35939026e-01 1.63078308e-01 -1.33538246e-01 1.00000000e+00
102 S st 45 cl 1 sigma 0.13790  G 1.04951859e-01 2.89058685e-01 -2.52008438e-02 1.00000000e+00
# EVENT 103  nrows 24  ncols 4  params[x y z ot]  hypo 5.1185 -0.8519 -1.1741
103 P st 14 cl 1 sigma 0.40238  G 1.74194574e-01 4.43220139e-02 1.26838684e-02 1.00000000e+00
103 P st 18 cl 0 sigma 0.17627  G 5.10811806e-02 -1.72293186e-01 1.30951405e-02 1.00000000e+00
103 P st 22 cl 0 sigma 0.17627  G 4.98414040e-02 -1.70707703e-01 5.93662262e-03 1.00000000e+00
103 P st 23 cl 1 sigma 0.40238  G 1.39689445e-01 -8.03470612e-02 -9.10520554e-02 1.00000000e+00
103 P st 26 cl 0 sigma 0.17627  G -1.55925751e-02 -1.79111958e-01 1.14202499e-02 1.00000000e+00
103 P st 29 cl 0 sigma 0.17627  G -1.82628632e-02 -1.77860260e-01 1.84953213e-02 1.00000000e+00
103 P st 31 cl 0 sigma 0.17627  G 1.37513876e-01 -1.14840269e-01 1.65402889e-02 1.00000000e+00
103 P st 32 cl 0 sigma 0.17627  G -1.63078308e-01 -7.38024712e-02 1.76548958e-02 1.00000000e+00
103 P st 33 cl 0 sigma 0.17627  G 1.62029266e-01 -3.09944153e-03 -8.80718231e-02 1.00000000e+00
103 P st 37 cl 0 sigma 0.17627  G 9.29176807e-02 1.52593851e-01 1.96754932e-02 1.00000000e+00
103 P st 39 cl 0 sigma 0.17627  G -2.87592411e-02 1.77329779e-01 1.41203403e-02 1.00000000e+00
103 P st 40 cl 1 sigma 0.40238  G 1.47879124e-01 6.63757324e-02 -8.80360603e-02 1.00000000e+00
103 P st 41 cl 0 sigma 0.17627  G 1.41251087e-01 9.63687897e-02 -2.96592712e-02 1.00000000e+00
103 P st 46 cl 0 sigma 0.17627  G 1.79737806e-01 -1.61528587e-03 1.27136707e-02 1.00000000e+00
103 P st 47 cl 0 sigma 0.17627  G 1.01736188e-01 -1.37087703e-01 4.04030085e-02 1.00000000e+00
103 S st 18 cl 0 sigma 0.10762  G 8.83698463e-02 -2.98070908e-01 2.26616859e-02 1.00000000e+00
103 S st 22 cl 1 sigma 0.13790  G 8.62598419e-02 -2.95329094e-01 1.02758408e-02 1.00000000e+00
103 S st 23 cl 1 sigma 0.13790  G 2.41661072e-01 -1.39045715e-01 -1.57499313e-01 1.00000000e+00
103 S st 29 cl 0 sigma 0.10762  G -3.16143036e-02 -3.07703018e-01 3.20196152e-02 1.00000000e+00
103 S st 31 cl 0 sigma 0.10762  G 2.37900019e-01 -1.98674202e-01 2.86102295e-02 1.00000000e+00
103 S st 33 cl 1 sigma 0.13790  G 2.80284882e-01 -5.36441803e-03 -1.52373314e-01 1.00000000e+00
103 S st 37 cl 1 sigma 0.13790  G 1.60741806e-01 2.63977051e-01 3.40461731e-02 1.00000000e+00
103 S st 41 cl 1 sigma 0.13790  G 2.44331360e-01 1.66678429e-01 -5.13076782e-02 1.00000000e+00
103 S st 47 cl 0 sigma 0.10762  G 1.75994635e-01 -2.37166882e-01 6.98924065e-02 1.00000000e+00
# EVENT 104  nrows 20  ncols 4  params[x y z ot]  hypo -5.5213 -9.9503 0.6190
104 P st 14 cl 0 sigma 0.17627  G -6.65426254e-02 -1.46222115e-01 1.80542469e-02 1.00000000e+00
104 P st 19 cl 0 sigma 0.17627  G 5.20944595e-02 -1.52236223e-01 1.51693821e-02 1.00000000e+00
104 P st 22 cl 1 sigma 0.40238  G -4.57763672e-02 -1.54471397e-01 6.12735748e-03 1.00000000e+00
104 P st 25 cl 1 sigma 0.40238  G -3.55839729e-02 -1.57153606e-01 7.21216202e-03 1.00000000e+00
104 P st 31 cl 0 sigma 0.17627  G -7.98940659e-02 -1.39868259e-01 9.69171524e-03 1.00000000e+00
104 P st 33 cl 0 sigma 0.17627  G 1.09469891e-01 -1.18136406e-01 1.04665756e-02 1.00000000e+00
104 P st 34 cl 0 sigma 0.17627  G 1.58846378e-02 -1.59955025e-01 1.71065331e-02 1.00000000e+00
104 P st 36 cl 0 sigma 0.17627  G 1.28006935e-01 -9.74416733e-02 1.55329704e-02 1.00000000e+00
104 P st 38 cl 0 sigma 0.17627  G 1.21152401e-01 -1.04057789e-01 3.01837921e-02 1.00000000e+00
104 P st 39 cl 0 sigma 0.17627  G -1.56974792e-01 -3.60250473e-02 1.14083290e-02 1.00000000e+00
104 P st 40 cl 0 sigma 0.17627  G 1.58500671e-01 -2.48134136e-02 2.15947628e-02 1.00000000e+00
104 P st 41 cl 0 sigma 0.17627  G 1.30438805e-01 5.68628311e-03 9.50574875e-02 1.00000000e+00
104 P st 42 cl 0 sigma 0.17627  G -1.36470795e-01 -5.99741936e-02 6.53624535e-02 1.00000000e+00
104 P st 43 cl 0 sigma 0.17627  G -1.48987770e-01 2.19225883e-02 6.10709190e-02 1.00000000e+00
104 P st 44 cl 0 sigma 0.17627  G 1.53124332e-01 4.84645367e-02 1.86383724e-02 1.00000000e+00
104 P st 45 cl 0 sigma 0.17627  G -1.41608715e-01 7.47561455e-02 2.37047672e-02 1.00000000e+00
104 P st 47 cl 1 sigma 0.40238  G -1.07598305e-01 -1.19864941e-01 9.67979431e-03 1.00000000e+00
104 S st 33 cl 1 sigma 0.13790  G 1.89375877e-01 -2.04396248e-01 1.81436539e-02 1.00000000e+00
104 S st 34 cl 1 sigma 0.13790  G 2.74658203e-02 -2.76720524e-01 2.96115875e-02 1.00000000e+00
104 S st 40 cl 1 sigma 0.13790  G 2.74217129e-01 -4.29630280e-02 3.73244286e-02 1.00000000e+00
# EVENT 105  nrows 39  ncols 4  params[x y z ot]  hypo -4.1599 -5.8587 0.8602
105 P st 10 cl 0 sigma 0.17627  G 7.43150711e-02 -1.42776966e-01 9.21487808e-03 1.00000000e+00
105 P st 12 cl 0 sigma 0.17627  G 4.74750996e-02 -1.53249502e-01 1.51216984e-02 1.00000000e+00
105 P st 14 cl 0 sigma 0.17627  G -7.65919685e-02 -1.24615431e-01 6.19292259e-02 1.00000000e+00
105 P st 18 cl 0 sigma 0.17627  G -8.32915306e-02 -1.37686729e-01 9.78708267e-03 1.00000000e+00
105 P st 19 cl 0 sigma 0.17627  G 1.08563900e-01 -1.14756823e-01 2.73287296e-02 1.00000000e+00
105 P st 22 cl 0 sigma 0.17627  G -4.46200371e-02 -1.54733658e-01 7.37905502e-03 1.00000000e+00
105 P st 23 cl 0 sigma 0.17627  G 8.58545303e-02 -1.36244297e-01 7.31945038e-03 1.00000000e+00
105 P st 25 cl 0 sigma 0.17627  G -3.11970711e-02 -1.57928467e-01 9.00030136e-03 1.00000000e+00
105 P st 28 cl 0 sigma 0.17627  G -4.80651855e-02 -1.53434277e-01 1.21951103e-02 1.00000000e+00
105 P st 29 cl 0 sigma 0.17627  G -1.15358829e-01 -1.12211704e-01 1.01923943e-02 1.00000000e+00
105 P st 31 cl 0 sigma 0.17627  G -9.13500786e-02 -1.32060051e-01 1.36554241e-02 1.00000000e+00
105 P st 33 cl 0 sigma 0.17627  G 1.42025948e-01 -7.53760338e-02 1.16825104e-02 1.00000000e+00
105 P st 34 cl 0 sigma 0.17627  G 7.01904297e-02 -1.35779381e-01 4.35829163e-02 1.00000000e+00
105 P st 36 cl 0 sigma 0.17627  G 1.57952309e-01 -2.64883041e-02 1.65104866e-02 1.00000000e+00
105 P st 37 cl 0 sigma 0.17627  G -1.55252218e-01 -3.58462334e-02 2.02238560e-02 1.00000000e+00
105 P st 38 cl 0 sigma 0.17627  G 1.56569481e-01 4.60147858e-03 3.10301781e-02 1.00000000e+00
105 P st 39 cl 0 sigma 0.17627  G -1.59144402e-01 2.17318535e-02 1.31845474e-02 1.00000000e+00
105 P st 40 cl 0 sigma 0.17627  G 1.51425600e-01 5.28991222e-02 1.54674053e-02 1.00000000e+00
105 P st 42 cl 0 sigma 0.17627  G -8.67784023e-02 1.03271008e-01 7.90119171e-02 1.00000000e+00
105 P st 43 cl 0 sigma 0.17627  G -7.49289989e-02 1.35236979e-01 3.82125378e-02 1.00000000e+00
105 P st 44 cl 0 sigma 0.17627  G 1.30081177e-01 9.44733620e-02 1.22427940e-02 1.00000000e+00
105 P st 45 cl 0 sigma 0.17627  G -8.72969627e-02 1.34301186e-01 1.64031982e-02 1.00000000e+00
105 P st 46 cl 0 sigma 0.17627  G -5.02765179e-02 -1.47485733e-01 3.43322754e-02 1.00000000e+00
105 P st 47 cl 0 sigma 0.17627  G -1.25539303e-01 -1.00183487e-01 1.30414963e-02 1.00000000e+00
105 S st 10 cl 1 sigma 0.13790  G 1.28555298e-01 -2.47001648e-01 1.59263611e-02 1.00000000e+00
105 S st 12 cl 1 sigma 0.13790  G 8.21232796e-02 -2.65133381e-01 2.61545181e-02 1.00000000e+00
105 S st 14 cl 1 sigma 0.13790  G -1.32495165e-01 -2.15578079e-01 1.07145309e-01 1.00000000e+00
105 S st 18 cl 0 sigma 0.10762  G -1.44100189e-01 -2.38204002e-01 1.69277191e-02 1.00000000e+00
105 S st 19 cl 1 sigma 0.13790  G 1.87838078e-01 -1.98519230e-01 4.72784042e-02 1.00000000e+00
105 S st 29 cl 1 sigma 0.13790  G -1.99580193e-01 -1.94096565e-01 1.75952911e-02 1.00000000e+00
105 S st 31 cl 1 sigma 0.13790  G -1.58023834e-01 -2.28452682e-01 2.36272812e-02 1.00000000e+00
105 S st 34 cl 1 sigma 0.13790  G 1.21450424e-01 -2.34901905e-01 7.53998756e-02 1.00000000e+00
105 S st 36 cl 1 sigma 0.13790  G 2.73239613e-01 -4.58240509e-02 2.85744667e-02 1.00000000e+00
105 S st 37 cl 1 sigma 0.13790  G -2.68590450e-01 -6.20365143e-02 3.49998474e-02 1.00000000e+00
105 S st 38 cl 1 sigma 0.13790  G 2.70867348e-01 7.96318054e-03 5.36918640e-02 1.00000000e+00
105 S st 40 cl 0 sigma 0.10762  G 2.61998177e-01 9.15288925e-02 2.67505646e-02 1.00000000e+00
105 S st 43 cl 1 sigma 0.13790  G -1.29628181e-01 2.33948231e-01 6.61134720e-02 1.00000000e+00
105 S st 44 cl 0 sigma 0.10762  G 2.25055218e-01 1.63447857e-01 2.11954117e-02 1.00000000e+00
105 S st 47 cl 1 sigma 0.13790  G -2.17211246e-01 -1.73330307e-01 2.25901604e-02 1.00000000e+00
# EVENT 106  nrows 18  ncols 4  params[x y z ot]  hypo 7.7817 3.2533 -0.0232
106 P st 12 cl 0 sigma 0.17627  G 1.61159039e-01 5.11407852e-03 -7.78555870e-02 1.00000000e+00
106 P st 18 cl 0 sigma 0.17627  G 1.48791075e-01 -8.91923904e-02 4.89592552e-02 1.00000000e+00
106 P st 21 cl 0 sigma 0.17627  G 1.10113621e-01 -1.17719173e-01 -7.90238380e-02 1.00000000e+00
106 P st 22 cl 0 sigma 0.17627  G 9.43541527e-02 -1.34217739e-01 -3.25798988e-02 1.00000000e+00
106 P st 25 cl 0 sigma 0.17627  G 1.37007236e-01 -9.23514366e-02 -1.52230263e-02 1.00000000e+00
106 P st 26 cl 0 sigma 0.17627  G 5.65588474e-02 -1.63763762e-01 5.02884388e-02 1.00000000e+00
106 P st 28 cl 0 sigma 0.17627  G 1.70254707e-01 -2.86102295e-02 2.55286694e-02 1.00000000e+00
106 P st 29 cl 0 sigma 0.17627  G 1.36321783e-01 -2.21729279e-02 1.08319521e-01 1.00000000e+00
106 P st 31 cl 0 sigma 0.17627  G 1.72775984e-01 2.79605389e-02 4.24921513e-02 1.00000000e+00
106 P st 32 cl 0 sigma 0.17627  G -9.61780548e-02 1.15096569e-01 9.48071480e-02 1.00000000e+00
106 P st 37 cl 0 sigma 0.17627  G 9.19818878e-02 1.45804882e-01 2.40683556e-02 1.00000000e+00
106 P st 38 cl 1 sigma 0.40238  G 1.42979622e-01 7.43389130e-02 -8.01682472e-02 1.00000000e+00
106 P st 40 cl 0 sigma 0.17627  G 1.38735771e-01 8.19683075e-02 -8.01801682e-02 1.00000000e+00
106 P st 47 cl 0 sigma 0.17627  G 1.40351057e-01 9.64879990e-02 5.86569309e-02 1.00000000e+00
106 S st 18 cl 0 sigma 0.10762  G 2.57408619e-01 -1.54304504e-01 8.47101212e-02 1.00000000e+00
106 S st 28 cl 1 sigma 0.13790  G 2.94530392e-01 -4.94837761e-02 4.41670418e-02 1.00000000e+00
106 S st 29 cl 1 sigma 0.13790  G 2.35837698e-01 -3.83675098e-02 1.87391043e-01 1.00000000e+00
106 S st 31 cl 1 sigma 0.13790  G 2.98905373e-01 4.83751297e-02 7.35044479e-02 1.00000000e+00
# EVENT 107  nrows 20  ncols 4  params[x y z ot]  hypo -8.0202 -6.6527 0.5252
107 P st 10 cl 1 sigma 0.40238  G 3.44395638e-02 -1.57427788e-01 9.52482224e-03 1.00000000e+00
107 P st 12 cl 0 sigma 0.17627  G -1.99973583e-02 -1.59859657e-01 1.42157078e-02 1.00000000e+00
107 P st 18 cl 0 sigma 0.17627  G -1.05798244e-01 -1.21545792e-01 8.26120377e-03 1.00000000e+00
107 P st 21 cl 1 sigma 0.40238  G -4.05550003e-02 -1.55973434e-01 6.56843185e-03 1.00000000e+00
107 P st 22 cl 0 sigma 0.17627  G -6.93082809e-02 -1.45459175e-01 6.72340393e-03 1.00000000e+00
107 P st 31 cl 1 sigma 0.40238  G -1.17456913e-01 -1.10316277e-01 1.03950500e-02 1.00000000e+00
107 P st 36 cl 0 sigma 0.17627  G 1.43927336e-01 -6.75261021e-02 3.88145447e-02 1.00000000e+00
107 P st 37 cl 0 sigma 0.17627  G -1.57308578e-01 -3.49283218e-02 1.18017197e-02 1.00000000e+00
107 P st 38 cl 0 sigma 0.17627  G 1.12631917e-01 -3.38524580e-02 1.20094419e-01 1.00000000e+00
107 P st 40 cl 0 sigma 0.17627  G 1.44249201e-01 6.76155090e-02 3.87430191e-02 1.00000000e+00
107 P st 41 cl 0 sigma 0.17627  G 1.61528587e-02 1.44797564e-01 7.56680965e-02 1.00000000e+00
107 P st 42 cl 1 sigma 0.40238  G -1.53911114e-01 4.50491905e-02 2.90513039e-02 1.00000000e+00
107 P st 43 cl 1 sigma 0.40238  G -1.37877464e-01 8.30173492e-02 2.09689140e-02 1.00000000e+00
107 P st 44 cl 0 sigma 0.17627  G 1.07115507e-01 1.20162964e-01 1.98841095e-02 1.00000000e+00
107 P st 47 cl 0 sigma 0.17627  G -1.37710571e-01 -8.36968422e-02 9.79900360e-03 1.00000000e+00
107 S st 10 cl 1 sigma 0.13790  G 5.96046448e-02 -2.72369385e-01 1.65224075e-02 1.00000000e+00
107 S st 18 cl 0 sigma 0.10762  G -1.83010101e-01 -2.10285187e-01 1.42812729e-02 1.00000000e+00
107 S st 36 cl 1 sigma 0.13790  G 2.48992443e-01 -1.16825104e-01 6.71505928e-02 1.00000000e+00
107 S st 40 cl 0 sigma 0.10762  G 2.49576569e-01 1.16980076e-01 6.69956207e-02 1.00000000e+00
107 S st 44 cl 0 sigma 0.10762  G 1.85310841e-01 2.07877159e-01 3.43918800e-02 1.00000000e+00
# EVENT 108  nrows 24  ncols 4  params[x y z ot]  hypo -6.3473 -6.0460 -1.6433
108 P st 12 cl 0 sigma 0.17627  G 1.00135803e-02 -1.79761648e-01 -3.56632471e-01 1.00000000e+00
108 P st 14 cl 0 sigma 0.17627  G -1.40053034e-01 -1.13123655e-01 -3.56638432e-01 1.00000000e+00
108 P st 18 cl 0 sigma 0.17627  G -1.10375881e-01 -1.42240524e-01 -3.56638432e-01 1.00000000e+00
108 P st 19 cl 0 sigma 0.17627  G 7.37726688e-02 -1.64234638e-01 -3.56632471e-01 1.00000000e+00
108 P st 28 cl 1 sigma 0.40238  G -8.19563866e-02 -1.60312653e-01 -3.56626511e-01 1.00000000e+00
108 P st 33 cl 0 sigma 0.17627  G 1.47485733e-01 -1.03271008e-01 -3.56638432e-01 1.00000000e+00
108 P st 34 cl 0 sigma 0.17627  G 2.38418579e-05 -1.80035830e-01 -3.56632471e-01 1.00000000e+00
108 P st 36 cl 0 sigma 0.17627  G 1.74522400e-01 -4.42445278e-02 -3.56638432e-01 1.00000000e+00
108 P st 37 cl 0 sigma 0.17627  G -1.76632404e-01 -3.48448753e-02 -3.56638432e-01 1.00000000e+00
108 P st 38 cl 0 sigma 0.17627  G 1.80035830e-01 -6.31809235e-04 -3.56632471e-01 1.00000000e+00
108 P st 39 cl 0 sigma 0.17627  G -1.79183483e-01 1.75118446e-02 -3.56638432e-01 1.00000000e+00
108 P st 40 cl 0 sigma 0.17627  G 1.64759159e-01 7.25865364e-02 -3.56632471e-01 1.00000000e+00
108 P st 42 cl 0 sigma 0.17627  G -1.58029795e-01 8.62538815e-02 -3.56632471e-01 1.00000000e+00
108 P st 43 cl 0 sigma 0.17627  G -1.31201744e-01 1.23292208e-01 -3.56626511e-01 1.00000000e+00
108 P st 45 cl 0 sigma 0.17627  G -1.25586987e-01 1.28996372e-01 -3.56626511e-01 1.00000000e+00
108 P st 47 cl 0 sigma 0.17627  G -1.51133537e-01 -9.78350639e-02 -3.56638432e-01 1.00000000e+00
108 S st 12 cl 0 sigma 0.10762  G 1.73091888e-02 -3.10993195e-01 -6.16979599e-01 1.00000000e+00
108 S st 18 cl 0 sigma 0.10762  G -1.90925598e-01 -2.46047974e-01 -6.16979599e-01 1.00000000e+00
108 S st 19 cl 1 sigma 0.13790  G 1.27625465e-01 -2.84111500e-01 -6.16979599e-01 1.00000000e+00
108 S st 28 cl 1 sigma 0.13790  G -1.41787529e-01 -2.77328491e-01 -6.16979599e-01 1.00000000e+00
108 S st 36 cl 1 sigma 0.13790  G 3.01909447e-01 -7.65442848e-02 -6.16991520e-01 1.00000000e+00
108 S st 40 cl 0 sigma 0.10762  G 2.85029411e-01 1.25586987e-01 -6.16967678e-01 1.00000000e+00
108 S st 42 cl 0 sigma 0.10762  G -2.73394585e-01 1.49202347e-01 -6.16979599e-01 1.00000000e+00
108 S st 43 cl 0 sigma 0.10762  G -2.26974487e-01 2.13289261e-01 -6.16967678e-01 1.00000000e+00
# EVENT 109  nrows 25  ncols 4  params[x y z ot]  hypo -11.9823 3.9334 3.1171
109 P st 10 cl 0 sigma 0.17627  G -2.32994556e-02 -9.69469547e-02 1.28585100e-01 1.00000000e+00
109 P st 12 cl 0 sigma 0.17627  G -1.20407343e-01 2.67624855e-02 1.05851889e-01 1.00000000e+00
109 P st 18 cl 0 sigma 0.17627  G -1.55544281e-01 -2.22086906e-02 3.87191772e-02 1.00000000e+00
109 P st 21 cl 0 sigma 0.17627  G -1.05142593e-01 -1.15966797e-01 4.19020653e-02 1.00000000e+00
109 P st 22 cl 0 sigma 0.17627  G -1.31154060e-01 -8.68916512e-02 3.75390053e-02 1.00000000e+00
109 P st 23 cl 0 sigma 0.17627  G 4.81367111e-02 -1.28841400e-01 8.50915909e-02 1.00000000e+00
109 P st 25 cl 0 sigma 0.17627  G -1.38390064e-01 -6.84738159e-02 5.00798225e-02 1.00000000e+00
109 P st 28 cl 0 sigma 0.17627  G -1.52659416e-01 -1.05619431e-02 5.42163849e-02 1.00000000e+00
109 P st 31 cl 0 sigma 0.17627  G -1.54852867e-01 1.97172165e-02 4.36902046e-02 1.00000000e+00
109 P st 33 cl 0 sigma 0.17627  G 5.41508198e-02 1.03229284e-01 1.10054016e-01 1.00000000e+00
109 P st 34 cl 0 sigma 0.17627  G -1.01625919e-01 1.00290775e-01 7.60316849e-02 1.00000000e+00
109 P st 38 cl 0 sigma 0.17627  G -2.82764435e-02 1.48248672e-01 6.03675842e-02 1.00000000e+00
109 P st 44 cl 0 sigma 0.17627  G 1.07526779e-02 1.57225132e-01 3.60608101e-02 1.00000000e+00
109 P st 47 cl 0 sigma 0.17627  G -1.54376030e-01 3.16619873e-02 3.61442566e-02 1.00000000e+00
109 S st 12 cl 0 sigma 0.10762  G -2.08294392e-01 4.63008881e-02 1.83105469e-01 1.00000000e+00
109 S st 18 cl 0 sigma 0.10762  G -2.69079208e-01 -3.83853912e-02 6.69956207e-02 1.00000000e+00
109 S st 21 cl 1 sigma 0.13790  G -1.81913376e-01 -2.00581551e-01 7.25030899e-02 1.00000000e+00
109 S st 22 cl 1 sigma 0.13790  G -2.26902962e-01 -1.50275230e-01 6.49452209e-02 1.00000000e+00
109 S st 23 cl 0 sigma 0.10762  G 8.32676888e-02 -2.22897530e-01 1.47223473e-01 1.00000000e+00
109 S st 25 cl 0 sigma 0.10762  G -2.39419937e-01 -1.18446350e-01 8.66651535e-02 1.00000000e+00
109 S st 31 cl 1 sigma 0.13790  G -2.67887115e-01 3.40700150e-02 7.56025314e-02 1.00000000e+00
109 S st 33 cl 0 sigma 0.10762  G 9.36865807e-02 1.78575516e-01 1.90401077e-01 1.00000000e+00
109 S st 34 cl 0 sigma 0.10762  G -1.75845623e-01 1.73509121e-01 1.31547451e-01 1.00000000e+00
109 S st 38 cl 0 sigma 0.10762  G -4.89234924e-02 2.56478786e-01 1.04415417e-01 1.00000000e+00
109 S st 44 cl 1 sigma 0.13790  G 1.86204910e-02 2.72035599e-01 6.23703003e-02 1.00000000e+00
# EVENT 110  nrows 17  ncols 4  params[x y z ot]  hypo -6.1887 -6.4909 -1.0779
110 P st 14 cl 0 sigma 0.17627  G -1.29765272e-01 -1.23608112e-01 1.50978565e-02 1.00000000e+00
110 P st 19 cl 0 sigma 0.17627  G 7.24136829e-02 -1.64109468e-01 1.50322914e-02 1.00000000e+00
110 P st 29 cl 0 sigma 0.17627  G -1.29401684e-01 -1.11126900e-01 -1.00016594e-02 1.00000000e+00
110 P st 31 cl 0 sigma 0.17627  G -1.18350983e-01 -1.35338306e-01 9.82284546e-03 1.00000000e+00
110 P st 34 cl 0 sigma 0.17627  G 5.85317612e-03 -1.78742409e-01 1.67250633e-02 1.00000000e+00
110 P st 36 cl 0 sigma 0.17627  G 1.71285868e-01 -5.39064407e-02 1.36792660e-02 1.00000000e+00
110 P st 37 cl 0 sigma 0.17627  G -1.74450874e-01 -4.33683395e-02 1.11460686e-02 1.00000000e+00
110 P st 38 cl 0 sigma 0.17627  G 1.76846981e-01 -2.07960606e-02 2.03728676e-02 1.00000000e+00
110 P st 40 cl 0 sigma 0.17627  G 1.68895721e-01 6.09993935e-02 1.35481358e-02 1.00000000e+00
110 P st 41 cl 0 sigma 0.17627  G 9.37223434e-02 1.51801109e-01 1.96933746e-02 1.00000000e+00
110 P st 42 cl 0 sigma 0.17627  G -1.62380934e-01 7.46786594e-02 1.82509422e-02 1.00000000e+00
110 P st 43 cl 0 sigma 0.17627  G -1.35028362e-01 1.18243694e-01 1.46627426e-02 1.00000000e+00
110 P st 47 cl 0 sigma 0.17627  G -1.47199631e-01 -1.03211403e-01 9.42945480e-03 1.00000000e+00
110 S st 37 cl 1 sigma 0.13790  G -3.01778316e-01 -7.50064850e-02 1.92880630e-02 1.00000000e+00
110 S st 40 cl 0 sigma 0.10762  G 2.92217731e-01 1.05524063e-01 2.34365463e-02 1.00000000e+00
110 S st 41 cl 0 sigma 0.10762  G 1.62124634e-01 2.62618065e-01 3.40700150e-02 1.00000000e+00
110 S st 43 cl 1 sigma 0.13790  G -2.33602524e-01 2.04551220e-01 2.53558159e-02 1.00000000e+00
# EVENT 111  nrows 12  ncols 4  params[x y z ot]  hypo 0.3453 -7.7287 4.3394
111 P st 12 cl 0 sigma 0.17627  G 8.45909119e-02 -1.23846531e-01 5.89013100e-02 1.00000000e+00
111 P st 19 cl 0 sigma 0.17627  G 1.17206573e-01 -8.54969025e-02 6.87837601e-02 1.00000000e+00
111 P st 21 cl 1 sigma 0.40238  G 2.06470490e-02 -1.56378746e-01 3.31640244e-02 1.00000000e+00
111 P st 34 cl 0 sigma 0.17627  G 1.03282928e-01 -9.41753387e-02 8.12292099e-02 1.00000000e+00
111 P st 36 cl 0 sigma 0.17627  G 1.46615505e-01 -3.70025635e-02 5.64098358e-02 1.00000000e+00
111 P st 38 cl 0 sigma 0.17627  G 1.42991543e-01 -2.32577324e-02 7.14421272e-02 1.00000000e+00
111 P st 40 cl 0 sigma 0.17627  G 1.50096416e-01 1.27077103e-02 5.79357147e-02 1.00000000e+00
111 P st 41 cl 0 sigma 0.17627  G 1.34205818e-01 3.60012054e-02 8.26478004e-02 1.00000000e+00
111 P st 42 cl 0 sigma 0.17627  G 5.35786152e-02 1.54614449e-02 1.49279833e-01 1.00000000e+00
111 P st 43 cl 0 sigma 0.17627  G 4.24623489e-02 6.23703003e-02 1.40464306e-01 1.00000000e+00
111 S st 42 cl 0 sigma 0.10762  G 9.26971436e-02 2.67505646e-02 2.58278847e-01 1.00000000e+00
111 S st 43 cl 1 sigma 0.13790  G 7.34448433e-02 1.07896328e-01 2.43020058e-01 1.00000000e+00
# EVENT 112  nrows 19  ncols 4  params[x y z ot]  hypo -8.8754 -4.5538 2.8303
112 P st 12 cl 0 sigma 0.17627  G -3.89397144e-02 -1.40410662e-01 6.91294670e-02 1.00000000e+00
112 P st 14 cl 0 sigma 0.17627  G -1.35535002e-01 -3.73661518e-02 7.59243965e-02 1.00000000e+00
112 P st 18 cl 0 sigma 0.17627  G -1.18029118e-01 -1.05154514e-01 3.11613083e-02 1.00000000e+00
112 P st 19 cl 0 sigma 0.17627  G -1.12593174e-02 -9.41932201e-02 1.28465891e-01 1.00000000e+00
112 P st 22 cl 0 sigma 0.17627  G -8.03589821e-02 -1.37519836e-01 2.46644020e-02 1.00000000e+00
112 P st 31 cl 0 sigma 0.17627  G -1.30105019e-01 -8.55803490e-02 4.13775444e-02 1.00000000e+00
112 P st 33 cl 0 sigma 0.17627  G 1.12193823e-01 -8.43167305e-02 7.75158405e-02 1.00000000e+00
112 P st 34 cl 0 sigma 0.17627  G -6.83546066e-02 -7.91788101e-02 1.19596720e-01 1.00000000e+00
112 P st 37 cl 0 sigma 0.17627  G -1.55043602e-01 -4.76837158e-03 4.30226326e-02 1.00000000e+00
112 P st 38 cl 0 sigma 0.17627  G 3.67641449e-02 4.50849533e-02 1.47378445e-01 1.00000000e+00
112 P st 39 cl 1 sigma 0.40238  G -1.55234337e-01 2.80261040e-02 3.32593918e-02 1.00000000e+00
112 P st 40 cl 0 sigma 0.17627  G 8.75055790e-02 9.86933708e-02 9.15706158e-02 1.00000000e+00
112 P st 44 cl 0 sigma 0.17627  G 7.09533691e-02 1.30999088e-01 6.02841377e-02 1.00000000e+00
112 P st 47 cl 0 sigma 0.17627  G -1.45411491e-01 -5.88178635e-02 3.68356705e-02 1.00000000e+00
112 S st 18 cl 0 sigma 0.10762  G -2.04229355e-01 -1.81913376e-01 5.38825989e-02 1.00000000e+00
112 S st 31 cl 1 sigma 0.13790  G -2.25114822e-01 -1.48034096e-01 7.15732574e-02 1.00000000e+00
112 S st 34 cl 0 sigma 0.10762  G -1.18243694e-01 -1.36959553e-01 2.06911564e-01 1.00000000e+00
112 S st 40 cl 0 sigma 0.10762  G 1.51383877e-01 1.70719624e-01 1.58417225e-01 1.00000000e+00
112 S st 44 cl 0 sigma 0.10762  G 1.22761726e-01 2.26640701e-01 1.04260445e-01 1.00000000e+00
# EVENT 113  nrows 31  ncols 4  params[x y z ot]  hypo -4.7221 6.1162 0.8694
113 P st 10 cl 0 sigma 0.17627  G 1.54918432e-01 -3.39388847e-02 2.58028507e-02 1.00000000e+00
113 P st 12 cl 0 sigma 0.17627  G 7.82966614e-02 1.23023987e-01 5.66184521e-02 1.00000000e+00
113 P st 14 cl 0 sigma 0.17627  G -4.35173512e-02 1.54417753e-01 1.48057938e-02 1.00000000e+00
113 P st 18 cl 0 sigma 0.17627  G -1.59686804e-01 7.21216202e-04 1.88767910e-02 1.00000000e+00
113 P st 19 cl 0 sigma 0.17627  G 7.24613667e-02 1.42580271e-01 1.73866749e-02 1.00000000e+00
113 P st 21 cl 0 sigma 0.17627  G -4.06801701e-02 -1.54793262e-01 1.62899494e-02 1.00000000e+00
113 P st 23 cl 0 sigma 0.17627  G 1.47104263e-01 -6.47306442e-02 1.26242638e-02 1.00000000e+00
113 P st 25 cl 0 sigma 0.17627  G -1.13773346e-01 -1.01411343e-01 4.44889069e-02 1.00000000e+00
113 P st 26 cl 0 sigma 0.17627  G -1.56533718e-01 -3.62515450e-02 1.25885010e-02 1.00000000e+00
113 P st 28 cl 0 sigma 0.17627  G -1.40351057e-01 5.12063503e-02 5.49912453e-02 1.00000000e+00
113 P st 31 cl 0 sigma 0.17627  G -1.34706497e-01 8.51333141e-02 2.06589699e-02 1.00000000e+00
113 P st 33 cl 0 sigma 0.17627  G 1.32441521e-01 9.12189484e-02 1.15394592e-02 1.00000000e+00
113 P st 34 cl 0 sigma 0.17627  G 3.28123569e-02 1.56241655e-01 1.85966492e-02 1.00000000e+00
113 P st 37 cl 0 sigma 0.17627  G -9.72151756e-02 1.28197670e-01 1.04784966e-02 1.00000000e+00
113 P st 38 cl 0 sigma 0.17627  G 6.49452209e-02 1.47211552e-01 1.03473663e-02 1.00000000e+00
113 P st 39 cl 0 sigma 0.17627  G -1.01554394e-01 1.24919415e-01 8.17775726e-03 1.00000000e+00
113 P st 46 cl 0 sigma 0.17627  G -5.02347946e-02 1.51234865e-01 2.07006931e-02 1.00000000e+00
113 P st 47 cl 0 sigma 0.17627  G -1.36137009e-01 8.52465630e-02 1.32799149e-02 1.00000000e+00
113 S st 10 cl 0 sigma 0.10762  G 2.68030167e-01 -5.87224960e-02 4.46319580e-02 1.00000000e+00
113 S st 12 cl 0 sigma 0.10762  G 1.35445595e-01 2.12830305e-01 9.79423523e-02 1.00000000e+00
113 S st 19 cl 0 sigma 0.10762  G 1.25372410e-01 2.46667862e-01 3.00765038e-02 1.00000000e+00
113 S st 21 cl 0 sigma 0.10762  G -7.03811646e-02 -2.67815590e-01 2.81929970e-02 1.00000000e+00
113 S st 23 cl 1 sigma 0.13790  G 2.54499912e-01 -1.12009048e-01 2.18510628e-02 1.00000000e+00
113 S st 25 cl 0 sigma 0.10762  G -1.96826458e-01 -1.75428391e-01 7.69734383e-02 1.00000000e+00
113 S st 31 cl 1 sigma 0.13790  G -2.33054161e-01 1.47283077e-01 3.57389450e-02 1.00000000e+00
113 S st 33 cl 1 sigma 0.13790  G 2.29120255e-01 1.57833099e-01 1.99794769e-02 1.00000000e+00
113 S st 34 cl 0 sigma 0.10762  G 5.67674637e-02 2.70307064e-01 3.21745872e-02 1.00000000e+00
113 S st 37 cl 0 sigma 0.10762  G -1.68180466e-01 2.21776962e-01 1.81436539e-02 1.00000000e+00
113 S st 38 cl 1 sigma 0.13790  G 1.12342834e-01 2.54678726e-01 1.79052353e-02 1.00000000e+00
113 S st 39 cl 1 sigma 0.13790  G -1.75690651e-01 2.16102600e-01 1.41620636e-02 1.00000000e+00
113 S st 47 cl 1 sigma 0.13790  G -2.35497952e-01 1.47461891e-01 2.29597092e-02 1.00000000e+00
# EVENT 114  nrows 29  ncols 4  params[x y z ot]  hypo -5.1987 6.0101 -0.2149
114 P st 12 cl 0 sigma 0.17627  G 7.67320395e-02 1.50635839e-01 6.89595938e-02 1.00000000e+00
114 P st 14 cl 0 sigma 0.17627  G -5.58555126e-02 1.64401531e-01 1.63495541e-02 1.00000000e+00
114 P st 18 cl 0 sigma 0.17627  G -1.75815821e-01 -1.50799751e-03 3.03268433e-02 1.00000000e+00
114 P st 19 cl 0 sigma 0.17627  G 7.22706318e-02 1.60562992e-01 3.35693359e-02 1.00000000e+00
114 P st 21 cl 0 sigma 0.17627  G -5.27501106e-02 -1.66553259e-01 2.36570835e-02 1.00000000e+00
114 P st 22 cl 0 sigma 0.17627  G -1.20627880e-01 -1.25622749e-01 2.03371048e-02 1.00000000e+00
114 P st 25 cl 0 sigma 0.17627  G -1.34992599e-01 -1.09654665e-01 5.25057316e-02 1.00000000e+00
114 P st 26 cl 0 sigma 0.17627  G -1.65128708e-01 -3.81946564e-02 -2.78115273e-02 1.00000000e+00
114 P st 28 cl 0 sigma 0.17627  G -1.65253878e-01 4.96447086e-02 5.83052635e-02 1.00000000e+00
114 P st 31 cl 0 sigma 0.17627  G -1.53130293e-01 8.73744488e-02 3.50773335e-02 1.00000000e+00
114 P st 33 cl 0 sigma 0.17627  G 1.37376785e-01 9.79781151e-02 -2.90751457e-02 1.00000000e+00
114 P st 34 cl 0 sigma 0.17627  G 2.62379646e-02 1.74409151e-01 3.53753567e-02 1.00000000e+00
114 P st 36 cl 1 sigma 0.40238  G 9.75012779e-02 1.33669376e-01 -6.14523888e-02 1.00000000e+00
114 P st 37 cl 0 sigma 0.17627  G -1.03211403e-01 1.26969814e-01 -6.81996346e-02 1.00000000e+00
114 P st 38 cl 0 sigma 0.17627  G 6.20961189e-02 1.52850151e-01 -6.42299652e-02 1.00000000e+00
114 P st 40 cl 0 sigma 0.17627  G 7.24673271e-02 1.43992901e-01 -7.99059868e-02 1.00000000e+00
114 P st 46 cl 0 sigma 0.17627  G -6.66201115e-02 1.63495541e-01 3.71277332e-02 1.00000000e+00
114 P st 47 cl 0 sigma 0.17627  G -1.47211552e-01 8.57114792e-02 -1.07765198e-02 1.00000000e+00
114 S st 12 cl 0 sigma 0.10762  G 1.32751465e-01 2.60597467e-01 1.19298697e-01 1.00000000e+00
114 S st 19 cl 0 sigma 0.10762  G 1.25038624e-01 2.77769566e-01 5.80668449e-02 1.00000000e+00
114 S st 21 cl 1 sigma 0.13790  G -9.12666321e-02 -2.88140774e-01 4.09364700e-02 1.00000000e+00
114 S st 22 cl 1 sigma 0.13790  G -2.08675861e-01 -2.17318535e-01 3.52025032e-02 1.00000000e+00
114 S st 25 cl 0 sigma 0.10762  G -2.33530998e-01 -1.89721584e-01 9.08374786e-02 1.00000000e+00
114 S st 31 cl 1 sigma 0.13790  G -2.64918804e-01 1.51157379e-01 6.07013702e-02 1.00000000e+00
114 S st 33 cl 1 sigma 0.13790  G 2.37655640e-01 1.69503689e-01 -5.03063202e-02 1.00000000e+00
114 S st 37 cl 1 sigma 0.13790  G -1.78575516e-01 2.19655037e-01 -1.17969513e-01 1.00000000e+00
114 S st 38 cl 1 sigma 0.13790  G 1.07431412e-01 2.64406204e-01 -1.11103058e-01 1.00000000e+00
114 S st 40 cl 1 sigma 0.13790  G 1.25384331e-01 2.49099731e-01 -1.38282776e-01 1.00000000e+00
114 S st 47 cl 1 sigma 0.13790  G -2.54702568e-01 1.48284435e-01 -1.86085701e-02 1.00000000e+00
# EVENT 115  nrows 25  ncols 4  params[x y z ot]  hypo 2.2226 -0.1915 0.8166
115 P st 12 cl 0 sigma 0.17627  G 1.52599812e-01 -5.01930714e-02 1.41799450e-02 1.00000000e+00
115 P st 14 cl 0 sigma 0.17627  G 1.35898590e-01 7.71999359e-02 3.70681286e-02 1.00000000e+00
115 P st 18 cl 0 sigma 0.17627  G -2.10344791e-02 -1.57022476e-01 2.64763832e-02 1.00000000e+00
115 P st 19 cl 0 sigma 0.17627  G 1.59931183e-01 1.63674355e-02 1.25765800e-02 1.00000000e+00
115 P st 25 cl 0 sigma 0.17627  G 5.41329384e-02 -1.51312351e-01 1.35660172e-02 1.00000000e+00
115 P st 28 cl 0 sigma 0.17627  G 8.36551189e-02 -1.33246183e-01 3.14950943e-02 1.00000000e+00
115 P st 29 cl 0 sigma 0.17627  G -1.02674961e-01 -1.16413832e-01 4.15802002e-02 1.00000000e+00
115 P st 31 cl 0 sigma 0.17627  G 4.05639410e-02 -1.24204159e-01 9.86397266e-02 1.00000000e+00
115 P st 33 cl 0 sigma 0.17627  G 1.60980225e-01 2.81333923e-03 8.40425491e-03 1.00000000e+00
115 P st 34 cl 0 sigma 0.17627  G 1.58131123e-01 2.64704227e-02 1.62124634e-02 1.00000000e+00
115 P st 36 cl 0 sigma 0.17627  G 1.54995918e-01 4.35352325e-02 8.96453857e-03 1.00000000e+00
115 P st 37 cl 0 sigma 0.17627  G -3.19778919e-02 1.47396326e-01 5.44250011e-02 1.00000000e+00
115 P st 38 cl 0 sigma 0.17627  G 1.45399570e-01 6.90340996e-02 1.01089478e-02 1.00000000e+00
115 P st 40 cl 0 sigma 0.17627  G 1.39284134e-01 8.08238983e-02 8.13007355e-03 1.00000000e+00
115 P st 46 cl 0 sigma 0.17627  G 1.52862072e-01 1.94668770e-02 4.29332256e-02 1.00000000e+00
115 P st 47 cl 0 sigma 0.17627  G -8.10235739e-02 -3.85195017e-02 1.25887990e-01 1.00000000e+00
115 S st 12 cl 1 sigma 0.13790  G 2.63965130e-01 -8.68558884e-02 2.45213509e-02 1.00000000e+00
115 S st 25 cl 1 sigma 0.13790  G 9.36150551e-02 -2.61771679e-01 2.34603882e-02 1.00000000e+00
115 S st 29 cl 0 sigma 0.10762  G -1.77598000e-01 -2.01392174e-01 7.19308853e-02 1.00000000e+00
115 S st 31 cl 0 sigma 0.10762  G 7.01725483e-02 -2.14868784e-01 1.70648098e-01 1.00000000e+00
115 S st 33 cl 1 sigma 0.13790  G 2.78496742e-01 4.86373901e-03 1.45435333e-02 1.00000000e+00
115 S st 34 cl 0 sigma 0.10762  G 2.73597240e-01 4.57882881e-02 2.80499458e-02 1.00000000e+00
115 S st 37 cl 1 sigma 0.13790  G -5.53131104e-02 2.55000591e-01 9.41514969e-02 1.00000000e+00
115 S st 38 cl 1 sigma 0.13790  G 2.51507759e-01 1.19376183e-01 1.74760818e-02 1.00000000e+00
115 S st 47 cl 1 sigma 0.13790  G -1.40172243e-01 -6.66379929e-02 2.17777491e-01 1.00000000e+00
# EVENT 116  nrows 28  ncols 4  params[x y z ot]  hypo 2.5401 -0.0220 1.0935
116 P st 12 cl 0 sigma 0.17627  G 1.53303146e-01 -4.59551811e-02 2.43544579e-02 1.00000000e+00
116 P st 14 cl 0 sigma 0.17627  G 1.33162737e-01 7.53402710e-02 5.25712967e-02 1.00000000e+00
116 P st 18 cl 0 sigma 0.17627  G -1.33335590e-02 -1.55609846e-01 4.61757183e-02 1.00000000e+00
116 P st 19 cl 0 sigma 0.17627  G 1.59382820e-01 1.82867050e-02 2.11477280e-02 1.00000000e+00
116 P st 25 cl 0 sigma 0.17627  G 5.92589378e-02 -1.48785114e-01 2.40921974e-02 1.00000000e+00
116 P st 26 cl 0 sigma 0.17627  G -5.86390495e-02 -1.48475170e-01 2.73823738e-02 1.00000000e+00
116 P st 28 cl 0 sigma 0.17627  G 9.00745392e-02 -1.25527382e-01 5.01871109e-02 1.00000000e+00
116 P st 29 cl 0 sigma 0.17627  G -9.48965549e-02 -1.13552809e-01 6.75141811e-02 1.00000000e+00
116 P st 31 cl 0 sigma 0.17627  G 5.32060862e-02 -1.05321407e-01 1.17596984e-01 1.00000000e+00
116 P st 32 cl 0 sigma 0.17627  G -1.55377388e-01 -2.59876251e-02 4.02212143e-02 1.00000000e+00
116 P st 33 cl 0 sigma 0.17627  G 1.60813332e-01 4.37498093e-03 1.32560730e-02 1.00000000e+00
116 P st 34 cl 0 sigma 0.17627  G 1.57225132e-01 2.83837318e-02 2.73704529e-02 1.00000000e+00
116 P st 36 cl 0 sigma 0.17627  G 1.54614449e-01 4.42266464e-02 1.42216682e-02 1.00000000e+00
116 P st 37 cl 0 sigma 0.17627  G -1.90436840e-02 1.44398212e-01 7.35223293e-02 1.00000000e+00
116 P st 38 cl 0 sigma 0.17627  G 1.45101547e-01 6.91056252e-02 1.63197517e-02 1.00000000e+00
116 P st 39 cl 0 sigma 0.17627  G -7.10129738e-02 1.42192841e-01 3.25679779e-02 1.00000000e+00
116 P st 40 cl 0 sigma 0.17627  G 1.39224529e-01 8.06450844e-02 1.27792358e-02 1.00000000e+00
116 P st 41 cl 0 sigma 0.17627  G 1.18386745e-01 1.08766556e-01 1.53899193e-02 1.00000000e+00
116 P st 46 cl 0 sigma 0.17627  G 1.51246786e-01 2.31921673e-02 5.84959984e-02 1.00000000e+00
116 P st 47 cl 0 sigma 0.17627  G -7.58379698e-02 -3.50892544e-02 1.36512518e-01 1.00000000e+00
116 S st 12 cl 1 sigma 0.13790  G 2.65204906e-01 -7.95125961e-02 4.21166420e-02 1.00000000e+00
116 S st 18 cl 0 sigma 0.10762  G -2.30789185e-02 -2.69210339e-01 7.99059868e-02 1.00000000e+00
116 S st 28 cl 1 sigma 0.13790  G 1.55830383e-01 -2.17175484e-01 8.68201256e-02 1.00000000e+00
116 S st 31 cl 1 sigma 0.13790  G 9.20593739e-02 -1.82211399e-01 2.03436613e-01 1.00000000e+00
116 S st 37 cl 0 sigma 0.10762  G -3.29375267e-02 2.49791145e-01 1.27184391e-01 1.00000000e+00
116 S st 39 cl 1 sigma 0.13790  G -1.22857094e-01 2.45976448e-01 5.63383102e-02 1.00000000e+00
116 S st 40 cl 1 sigma 0.13790  G 2.40874290e-01 1.39522552e-01 2.21014023e-02 1.00000000e+00
116 S st 41 cl 1 sigma 0.13790  G 2.04801559e-01 1.88159943e-01 2.66551971e-02 1.00000000e+00
# EVENT 117  nrows 18  ncols 4  params[x y z ot]  hypo 3.1992 0.4947 1.4227
117 P st 12 cl 0 sigma 0.17627  G 1.55282021e-01 -3.55005264e-02 2.28524208e-02 1.00000000e+00
117 P st 14 cl 0 sigma 0.17627  G 1.31827593e-01 7.80820847e-02 4.37676907e-02 1.00000000e+00
117 P st 18 cl 0 sigma 0.17627  G 3.67760658e-03 -1.50907040e-01 5.21123409e-02 1.00000000e+00
117 P st 26 cl 0 sigma 0.17627  G -5.06162643e-02 -1.49405003e-01 3.05652618e-02 1.00000000e+00
117 P st 28 cl 0 sigma 0.17627  G 1.04463100e-01 -1.08569860e-01 4.98950481e-02 1.00000000e+00
117 P st 29 cl 0 sigma 0.17627  G -7.82430172e-02 -1.02561712e-01 8.37087631e-02 1.00000000e+00
117 P st 31 cl 0 sigma 0.17627  G 6.89208508e-02 -6.75618649e-02 1.18306279e-01 1.00000000e+00
117 P st 32 cl 1 sigma 0.40238  G -1.50966644e-01 -1.55806541e-02 4.68254089e-02 1.00000000e+00
117 P st 33 cl 0 sigma 0.17627  G 1.60419941e-01 8.92877579e-03 1.27434731e-02 1.00000000e+00
117 P st 37 cl 0 sigma 0.17627  G 3.40342522e-03 1.44225359e-01 6.48796558e-02 1.00000000e+00
117 P st 38 cl 0 sigma 0.17627  G 1.43945217e-01 7.07507133e-02 1.53422356e-02 1.00000000e+00
117 P st 39 cl 0 sigma 0.17627  G -5.59926033e-02 1.46842003e-01 3.14474106e-02 1.00000000e+00
117 P st 40 cl 0 sigma 0.17627  G 1.38533115e-01 8.14080238e-02 1.22070312e-02 1.00000000e+00
117 P st 46 cl 0 sigma 0.17627  G 1.47509575e-01 3.35156918e-02 4.92453575e-02 1.00000000e+00
117 P st 47 cl 0 sigma 0.17627  G -4.05907631e-02 -8.06152821e-03 1.49604678e-01 1.00000000e+00
117 S st 18 cl 1 sigma 0.13790  G 6.36577606e-03 -2.61068344e-01 9.01579857e-02 1.00000000e+00
117 S st 28 cl 1 sigma 0.13790  G 1.80721283e-01 -1.87814236e-01 8.63313675e-02 1.00000000e+00
117 S st 37 cl 1 sigma 0.13790  G 5.87701797e-03 2.49505043e-01 1.12247467e-01 1.00000000e+00
# EVENT 118  nrows 16  ncols 4  params[x y z ot]  hypo -6.3173 -6.6355 -2.6435
118 P st 18 cl 0 sigma 0.17627  G -1.06871128e-01 -1.44863129e-01 -3.37386131e-01 1.00000000e+00
118 P st 19 cl 0 sigma 0.17627  G 6.76274300e-02 -1.66851282e-01 -3.37374210e-01 1.00000000e+00
118 P st 31 cl 0 sigma 0.17627  G -1.18529797e-01 -1.35517120e-01 -3.37362289e-01 1.00000000e+00
118 P st 33 cl 0 sigma 0.17627  G 1.42550468e-01 -1.09970570e-01 -3.37386131e-01 1.00000000e+00
118 P st 36 cl 0 sigma 0.17627  G 1.70290470e-01 -5.84602356e-02 -3.37374210e-01 1.00000000e+00
118 P st 38 cl 0 sigma 0.17627  G 2.85637379e-01 -4.57048416e-02 -1.30879879e-01 1.00000000e+00
118 P st 39 cl 0 sigma 0.17627  G -1.79791451e-01 9.11951065e-03 -3.37374210e-01 1.00000000e+00
118 P st 40 cl 0 sigma 0.17627  G 1.70159340e-01 5.88357449e-02 -3.37368250e-01 1.00000000e+00
118 P st 41 cl 0 sigma 0.17627  G 1.30486488e-01 2.15339661e-01 -3.34143639e-02 1.00000000e+00
118 P st 42 cl 0 sigma 0.17627  G -2.05409527e-01 8.47399235e-02 -2.26825476e-01 1.00000000e+00
118 P st 43 cl 0 sigma 0.17627  G -1.39117241e-01 1.14274025e-01 -3.37368250e-01 1.00000000e+00
118 P st 45 cl 0 sigma 0.17627  G -1.30748749e-01 1.23763084e-01 -3.37362289e-01 1.00000000e+00
118 P st 47 cl 0 sigma 0.17627  G -1.47044659e-01 -1.03867054e-01 -3.37374210e-01 1.00000000e+00
118 S st 18 cl 1 sigma 0.13790  G -1.84893608e-01 -2.50649452e-01 -5.83672523e-01 1.00000000e+00
118 S st 36 cl 1 sigma 0.13790  G 2.94578075e-01 -1.01137161e-01 -5.83660603e-01 1.00000000e+00
118 S st 40 cl 0 sigma 0.10762  G 2.94363499e-01 1.01780891e-01 -5.83660603e-01 1.00000000e+00
# EVENT 119  nrows 20  ncols 4  params[x y z ot]  hypo -2.7894 -7.9405 0.9946
119 P st 14 cl 0 sigma 0.17627  G -1.63972378e-02 -1.53416395e-01 4.02629375e-02 1.00000000e+00
119 P st 18 cl 0 sigma 0.17627  G -6.19769096e-02 -1.48475170e-01 1.03712082e-02 1.00000000e+00
119 P st 31 cl 0 sigma 0.17627  G -6.16073608e-02 -1.48367882e-01 1.41501427e-02 1.00000000e+00
119 P st 34 cl 0 sigma 0.17627  G 7.78794289e-02 -1.38205290e-01 2.49981880e-02 1.00000000e+00
119 P st 36 cl 1 sigma 0.40238  G 1.51371956e-01 -5.33938408e-02 1.51991844e-02 1.00000000e+00
119 P st 37 cl 0 sigma 0.17627  G -1.33180618e-01 -8.50915909e-02 2.61545181e-02 1.00000000e+00
119 P st 38 cl 0 sigma 0.17627  G 1.53875351e-01 -4.02450562e-02 2.40325928e-02 1.00000000e+00
119 P st 39 cl 0 sigma 0.17627  G -1.59370899e-01 -1.19805336e-02 1.87158585e-02 1.00000000e+00
119 P st 40 cl 0 sigma 0.17627  G 1.59668922e-01 1.43766403e-02 1.61767006e-02 1.00000000e+00
119 P st 41 cl 0 sigma 0.17627  G 1.45906210e-01 5.56409359e-02 3.55899334e-02 1.00000000e+00
119 P st 42 cl 0 sigma 0.17627  G -4.00900841e-02 2.43365765e-02 1.50007010e-01 1.00000000e+00
119 P st 43 cl 1 sigma 0.40238  G -4.92274761e-02 1.04600191e-01 9.91046429e-02 1.00000000e+00
119 P st 46 cl 0 sigma 0.17627  G -7.96914101e-03 -1.58584118e-01 2.47716904e-02 1.00000000e+00
119 S st 18 cl 0 sigma 0.10762  G -1.07216835e-01 -2.56896019e-01 1.79529190e-02 1.00000000e+00
119 S st 31 cl 1 sigma 0.13790  G -1.06596947e-01 -2.56669521e-01 2.44736671e-02 1.00000000e+00
119 S st 38 cl 1 sigma 0.13790  G 2.66206264e-01 -6.96420670e-02 4.15802002e-02 1.00000000e+00
119 S st 39 cl 1 sigma 0.13790  G -2.75683403e-01 -2.07185745e-02 3.23772430e-02 1.00000000e+00
119 S st 41 cl 1 sigma 0.13790  G 2.52413750e-01 9.62495804e-02 6.15596771e-02 1.00000000e+00
119 S st 42 cl 1 sigma 0.13790  G -6.93619251e-02 4.21047211e-02 2.59512663e-01 1.00000000e+00
119 S st 43 cl 1 sigma 0.13790  G -8.51631165e-02 1.80947781e-01 1.71446800e-01 1.00000000e+00
# EVENT 120  nrows 21  ncols 4  params[x y z ot]  hypo 1.7699 -4.2644 0.0808
120 P st 12 cl 0 sigma 0.17627  G 1.25861168e-01 -1.03139877e-01 -8.01563263e-02 1.00000000e+00
120 P st 14 cl 0 sigma 0.17627  G 1.55782700e-01 -6.00457191e-02 6.55293465e-02 1.00000000e+00
120 P st 18 cl 0 sigma 0.17627  G -2.04682350e-02 -1.63841248e-01 -7.56502151e-02 1.00000000e+00
120 P st 19 cl 0 sigma 0.17627  G 1.57475471e-01 -4.57286835e-02 -7.68661499e-02 1.00000000e+00
120 P st 25 cl 0 sigma 0.17627  G 3.41773033e-02 -1.57654285e-01 -8.39591026e-02 1.00000000e+00
120 P st 28 cl 0 sigma 0.17627  G 4.73618507e-02 -1.62076950e-01 -6.09517097e-02 1.00000000e+00
120 P st 37 cl 0 sigma 0.17627  G -9.32991505e-02 -5.61475754e-03 1.59424543e-01 1.00000000e+00
120 P st 39 cl 0 sigma 0.17627  G -1.40106678e-01 9.58919525e-02 4.69744205e-02 1.00000000e+00
120 P st 40 cl 0 sigma 0.17627  G 1.53672695e-01 4.86016273e-02 -8.41498375e-02 1.00000000e+00
120 P st 42 cl 0 sigma 0.17627  G 1.15317106e-01 1.26284361e-01 4.09007072e-02 1.00000000e+00
120 P st 45 cl 0 sigma 0.17627  G 2.22086906e-02 1.69038773e-01 -5.22136688e-02 1.00000000e+00
120 P st 47 cl 0 sigma 0.17627  G -7.02321529e-02 -1.54811144e-01 4.32252884e-02 1.00000000e+00
120 S st 12 cl 1 sigma 0.13790  G 2.17747688e-01 -1.78432465e-01 -1.38652325e-01 1.00000000e+00
120 S st 14 cl 1 sigma 0.13790  G 2.69508362e-01 -1.03884935e-01 1.13368034e-01 1.00000000e+00
120 S st 18 cl 0 sigma 0.10762  G -3.54409218e-02 -2.83443928e-01 -1.30879879e-01 1.00000000e+00
120 S st 19 cl 1 sigma 0.13790  G 2.72417068e-01 -7.90953636e-02 -1.32977962e-01 1.00000000e+00
120 S st 25 cl 1 sigma 0.13790  G 5.91278076e-02 -2.72679329e-01 -1.45268440e-01 1.00000000e+00
120 S st 37 cl 0 sigma 0.10762  G -1.61415339e-01 -9.71555710e-03 2.75814533e-01 1.00000000e+00
120 S st 42 cl 1 sigma 0.13790  G 1.99508667e-01 2.18462944e-01 7.07626343e-02 1.00000000e+00
120 S st 45 cl 0 sigma 0.10762  G 3.84330750e-02 2.92444229e-01 -9.03248787e-02 1.00000000e+00
120 S st 47 cl 0 sigma 0.10762  G -1.21498108e-01 -2.67839432e-01 7.47919083e-02 1.00000000e+00
# EVENT 121  nrows 22  ncols 4  params[x y z ot]  hypo 1.7043 -2.1869 -1.2835
121 P st 12 cl 0 sigma 0.17627  G 1.55425072e-01 -9.05394554e-02 1.08718872e-02 1.00000000e+00
121 P st 14 cl 0 sigma 0.17627  G 1.77514553e-01 2.41369009e-02 1.91092491e-02 1.00000000e+00
121 P st 18 cl 0 sigma 0.17627  G -2.91585922e-02 -1.77472830e-01 1.20520592e-02 1.00000000e+00
121 P st 26 cl 0 sigma 0.17627  G -6.58154488e-02 -1.67429447e-01 1.00493431e-02 1.00000000e+00
121 P st 31 cl 0 sigma 0.17627  G 1.10030174e-02 -1.78980827e-01 1.76131725e-02 1.00000000e+00
121 P st 32 cl 0 sigma 0.17627  G -1.65462494e-01 -7.04526901e-02 1.22547150e-02 1.00000000e+00
121 P st 33 cl 0 sigma 0.17627  G 1.71995163e-01 -1.83582306e-02 -3.03030014e-02 1.00000000e+00
121 P st 36 cl 0 sigma 0.17627  G 1.75654888e-01 2.69293785e-02 1.76429749e-03 1.00000000e+00
121 P st 37 cl 0 sigma 0.17627  G -1.01053715e-01 1.45822763e-01 2.88426876e-02 1.00000000e+00
121 P st 38 cl 0 sigma 0.17627  G 1.71029568e-01 5.58137894e-02 9.47713852e-03 1.00000000e+00
121 P st 39 cl 0 sigma 0.17627  G -1.18523836e-01 1.35189295e-01 1.38401985e-02 1.00000000e+00
121 P st 40 cl 0 sigma 0.17627  G 1.58572197e-01 7.33017921e-02 -2.09689140e-02 1.00000000e+00
121 P st 42 cl 0 sigma 0.17627  G 9.22620296e-02 1.54334307e-01 1.33693218e-02 1.00000000e+00
121 P st 43 cl 0 sigma 0.17627  G 6.55889511e-02 1.67477131e-01 1.18017197e-02 1.00000000e+00
121 P st 46 cl 0 sigma 0.17627  G 1.69813633e-01 -5.76257706e-02 1.77800655e-02 1.00000000e+00
121 P st 47 cl 0 sigma 0.17627  G -1.12563372e-01 -1.39230490e-01 2.14636326e-02 1.00000000e+00
121 S st 18 cl 0 sigma 0.10762  G -5.04374504e-02 -3.07023525e-01 2.08497047e-02 1.00000000e+00
121 S st 36 cl 1 sigma 0.13790  G 3.03912163e-01 4.66108322e-02 3.07559967e-03 1.00000000e+00
121 S st 38 cl 1 sigma 0.13790  G 2.95877457e-01 9.65833664e-02 1.63793564e-02 1.00000000e+00
121 S st 39 cl 1 sigma 0.13790  G -2.05039978e-01 2.33864784e-01 2.39372253e-02 1.00000000e+00
121 S st 40 cl 0 sigma 0.10762  G 2.74348259e-01 1.26814842e-01 -3.62634659e-02 1.00000000e+00
121 S st 46 cl 1 sigma 0.13790  G 2.93785334e-01 -9.96887684e-02 3.07738781e-02 1.00000000e+00
# EVENT 122  nrows 20  ncols 4  params[x y z ot]  hypo 1.3457 -2.0681 -0.7702
122 P st 11 cl 1 sigma 0.40238  G 1.44028664e-01 -9.92894173e-02 -2.05039978e-03 1.00000000e+00
122 P st 14 cl 0 sigma 0.17627  G 1.72954798e-01 3.16143036e-02 4.15772200e-02 1.00000000e+00
122 P st 18 cl 0 sigma 0.17627  G -3.69369984e-02 -1.75309181e-01 2.13086605e-02 1.00000000e+00
122 P st 26 cl 0 sigma 0.17627  G -7.04050064e-02 -1.63269043e-01 1.23620033e-02 1.00000000e+00
122 P st 31 cl 0 sigma 0.17627  G -3.58819962e-03 -1.76674128e-01 3.59416008e-02 1.00000000e+00
122 P st 32 cl 1 sigma 0.40238  G -1.66761875e-01 -6.54697418e-02 2.10881233e-02 1.00000000e+00
122 P st 36 cl 0 sigma 0.17627  G 1.68669224e-01 2.79188156e-02 -4.05192375e-02 1.00000000e+00
122 P st 37 cl 0 sigma 0.17627  G -1.09338760e-01 1.32763386e-01 5.48303127e-02 1.00000000e+00
122 P st 38 cl 0 sigma 0.17627  G 1.66749954e-01 5.78641891e-02 6.42538071e-03 1.00000000e+00
122 P st 40 cl 0 sigma 0.17627  G 1.48582458e-01 7.16924667e-02 -6.97016716e-02 1.00000000e+00
122 P st 41 cl 0 sigma 0.17627  G 1.35600567e-01 1.11413002e-01 4.52995300e-04 1.00000000e+00
122 P st 42 cl 0 sigma 0.17627  G 8.37743282e-02 1.58059597e-01 2.46822834e-02 1.00000000e+00
122 P st 46 cl 0 sigma 0.17627  G 1.66463852e-01 -5.66124916e-02 3.82304192e-02 1.00000000e+00
122 P st 47 cl 0 sigma 0.17627  G -1.22410059e-01 -1.25479698e-01 4.22120094e-02 1.00000000e+00
122 S st 11 cl 1 sigma 0.13790  G 2.49147415e-01 -1.71780586e-01 -3.55243683e-03 1.00000000e+00
122 S st 37 cl 1 sigma 0.13790  G -1.89161301e-01 2.29680538e-01 9.48667526e-02 1.00000000e+00
122 S st 38 cl 1 sigma 0.13790  G 2.88486481e-01 1.00088120e-01 1.11579895e-02 1.00000000e+00
122 S st 41 cl 1 sigma 0.13790  G 2.34603882e-01 1.92737579e-01 7.86781311e-04 1.00000000e+00
122 S st 42 cl 0 sigma 0.10762  G 1.44934654e-01 2.73442268e-01 4.27007675e-02 1.00000000e+00
122 S st 47 cl 0 sigma 0.10762  G -2.11775303e-01 -2.17086077e-01 7.30454922e-02 1.00000000e+00
# EVENT 123  nrows 17  ncols 4  params[x y z ot]  hypo 1.4732 -1.6849 -1.2975
123 P st 14 cl 0 sigma 0.17627  G 1.72573328e-01 4.83036041e-02 1.96188688e-02 1.00000000e+00
123 P st 18 cl 0 sigma 0.17627  G -3.60786915e-02 -1.76197290e-01 1.24394894e-02 1.00000000e+00
123 P st 19 cl 0 sigma 0.17627  G 1.79755688e-01 -7.16447830e-03 1.09195709e-02 1.00000000e+00
123 P st 26 cl 0 sigma 0.17627  G -7.17401505e-02 -1.64985657e-01 1.02639198e-02 1.00000000e+00
123 P st 31 cl 0 sigma 0.17627  G 1.83880329e-03 -1.79198384e-01 1.93476677e-02 1.00000000e+00
123 P st 36 cl 0 sigma 0.17627  G 1.74713135e-01 3.33547592e-02 3.29017639e-03 1.00000000e+00
123 P st 37 cl 0 sigma 0.17627  G -9.68694687e-02 1.49887800e-01 2.43306160e-02 1.00000000e+00
123 P st 42 cl 1 sigma 0.40238  G 8.28266144e-02 1.59639120e-01 1.30355358e-02 1.00000000e+00
123 P st 43 cl 0 sigma 0.17627  G 5.84244728e-02 1.70123577e-01 1.15036964e-02 1.00000000e+00
123 P st 45 cl 0 sigma 0.17627  G 1.36375427e-02 1.79409981e-01 1.00016594e-02 1.00000000e+00
123 P st 47 cl 0 sigma 0.17627  G -1.31237507e-01 -1.21426582e-01 2.25067139e-02 1.00000000e+00
123 S st 14 cl 1 sigma 0.13790  G 2.98559666e-01 8.35657120e-02 3.39388847e-02 1.00000000e+00
123 S st 18 cl 0 sigma 0.10762  G -6.23941422e-02 -3.04818153e-01 2.15291977e-02 1.00000000e+00
123 S st 31 cl 1 sigma 0.13790  G 3.19480896e-03 -3.10009718e-01 3.34739685e-02 1.00000000e+00
123 S st 37 cl 0 sigma 0.10762  G -1.67584419e-01 2.59304047e-01 4.20928001e-02 1.00000000e+00
123 S st 45 cl 1 sigma 0.13790  G 2.36034393e-02 3.10373306e-01 1.73091888e-02 1.00000000e+00
123 S st 47 cl 0 sigma 0.10762  G -2.27046013e-01 -2.10070610e-01 3.89337540e-02 1.00000000e+00
# EVENT 124  nrows 30  ncols 4  params[x y z ot]  hypo 3.0047 -2.0567 1.3382
124 P st 11 cl 0 sigma 0.17627  G 1.37948990e-01 -8.18371773e-02 1.62243843e-02 1.00000000e+00
124 P st 12 cl 0 sigma 0.17627  G 1.43313408e-01 -7.05480576e-02 2.11477280e-02 1.00000000e+00
124 P st 14 cl 0 sigma 0.17627  G 1.48582458e-01 1.88767910e-02 5.52594662e-02 1.00000000e+00
124 P st 18 cl 0 sigma 0.17627  G -1.12652779e-03 -1.57874823e-01 3.12685966e-02 1.00000000e+00
124 P st 19 cl 0 sigma 0.17627  G 1.59668922e-01 -1.06930733e-02 2.01940536e-02 1.00000000e+00
124 P st 21 cl 0 sigma 0.17627  G 5.17368317e-02 -1.52134895e-01 1.28388405e-02 1.00000000e+00
124 P st 29 cl 0 sigma 0.17627  G -6.32226467e-02 -1.39325857e-01 4.75347042e-02 1.00000000e+00
124 P st 31 cl 0 sigma 0.17627  G 5.03242016e-02 -1.37144327e-01 6.57856464e-02 1.00000000e+00
124 P st 32 cl 0 sigma 0.17627  G -1.39737129e-01 -6.85453415e-02 3.88026237e-02 1.00000000e+00
124 P st 33 cl 0 sigma 0.17627  G 1.60014629e-01 -1.45912170e-02 1.28626823e-02 1.00000000e+00
124 P st 34 cl 0 sigma 0.17627  G 1.58667564e-01 -7.30752945e-03 2.61187553e-02 1.00000000e+00
124 P st 36 cl 0 sigma 0.17627  G 1.58834457e-01 2.36511230e-02 1.42097473e-02 1.00000000e+00
124 P st 37 cl 0 sigma 0.17627  G -3.84449959e-03 9.70184803e-02 1.25902891e-01 1.00000000e+00
124 P st 38 cl 0 sigma 0.17627  G 1.53446198e-01 4.66227531e-02 1.67012215e-02 1.00000000e+00
124 P st 39 cl 0 sigma 0.17627  G -7.92860985e-02 1.30999088e-01 4.85658646e-02 1.00000000e+00
124 P st 40 cl 0 sigma 0.17627  G 1.47497654e-01 6.37531281e-02 1.31368637e-02 1.00000000e+00
124 P st 42 cl 0 sigma 0.17627  G 9.76800919e-02 1.23596191e-01 3.28898430e-02 1.00000000e+00
124 P st 43 cl 0 sigma 0.17627  G 7.54594803e-02 1.40011311e-01 2.58564949e-02 1.00000000e+00
124 P st 44 cl 0 sigma 0.17627  G 1.35481358e-01 8.65817070e-02 1.17659569e-02 1.00000000e+00
124 P st 47 cl 0 sigma 0.17627  G -3.77595425e-02 -1.02746487e-01 1.10369921e-01 1.00000000e+00
124 S st 11 cl 1 sigma 0.13790  G 2.38656998e-01 -1.41572952e-01 2.80618668e-02 1.00000000e+00
124 S st 12 cl 1 sigma 0.13790  G 2.47931480e-01 -1.22070312e-01 3.65614891e-02 1.00000000e+00
124 S st 18 cl 0 sigma 0.10762  G -1.95503235e-03 -2.73120403e-01 5.40971756e-02 1.00000000e+00
124 S st 19 cl 1 sigma 0.13790  G 2.76231766e-01 -1.85012817e-02 3.49521637e-02 1.00000000e+00
124 S st 33 cl 1 sigma 0.13790  G 2.76851654e-01 -2.52008438e-02 2.22444534e-02 1.00000000e+00
124 S st 36 cl 1 sigma 0.13790  G 2.74753571e-01 4.09126282e-02 2.45571136e-02 1.00000000e+00
124 S st 37 cl 1 sigma 0.13790  G -6.63995743e-03 1.67858601e-01 2.17807293e-01 1.00000000e+00
124 S st 40 cl 0 sigma 0.10762  G 2.55155563e-01 1.10316277e-01 2.27212906e-02 1.00000000e+00
124 S st 42 cl 1 sigma 0.13790  G 1.68991089e-01 2.13813782e-01 5.69105148e-02 1.00000000e+00
124 S st 47 cl 0 sigma 0.10762  G -6.53207302e-02 -1.77741051e-01 1.90931559e-01 1.00000000e+00
# EVENT 125  nrows 18  ncols 4  params[x y z ot]  hypo -7.9696 -4.4736 -1.1423
125 P st 12 cl 0 sigma 0.17627  G -2.76267529e-02 -1.77550316e-01 1.29401684e-02 1.00000000e+00
125 P st 14 cl 0 sigma 0.17627  G -1.71762705e-01 -5.24342060e-02 1.43587589e-02 1.00000000e+00
125 P st 18 cl 0 sigma 0.17627  G -1.25062466e-01 -1.19638443e-01 -1.02877617e-02 1.00000000e+00
125 P st 19 cl 0 sigma 0.17627  G 2.84105539e-02 -1.75660849e-01 2.34246254e-02 1.00000000e+00
125 P st 31 cl 1 sigma 0.40238  G -1.46460533e-01 -1.04355812e-01 9.84668732e-03 1.00000000e+00
125 P st 34 cl 0 sigma 0.17627  G -8.80718231e-02 -1.54662132e-01 2.29567289e-02 1.00000000e+00
125 P st 36 cl 0 sigma 0.17627  G 1.78927183e-01 -2.36034393e-03 1.74105167e-02 1.00000000e+00
125 P st 37 cl 1 sigma 0.40238  G -1.79779530e-01 -4.68492508e-03 1.01685524e-02 1.00000000e+00
125 P st 38 cl 0 sigma 0.17627  G 1.42243505e-01 1.05002522e-01 2.88397074e-02 1.00000000e+00
125 P st 40 cl 0 sigma 0.17627  G 1.31690502e-01 1.22135878e-01 1.40726566e-02 1.00000000e+00
125 P st 41 cl 0 sigma 0.17627  G 1.38044357e-02 1.78849697e-01 1.55746937e-02 1.00000000e+00
125 P st 43 cl 0 sigma 0.17627  G -1.30510330e-01 1.23608112e-01 1.19209290e-02 1.00000000e+00
125 P st 47 cl 1 sigma 0.40238  G -1.64914131e-01 -7.06553459e-02 8.90493393e-03 1.00000000e+00
125 S st 18 cl 0 sigma 0.10762  G -2.16364861e-01 -2.06995010e-01 -1.78098679e-02 1.00000000e+00
125 S st 34 cl 1 sigma 0.13790  G -1.52373314e-01 -2.67571211e-01 3.97205353e-02 1.00000000e+00
125 S st 36 cl 1 sigma 0.13790  G 3.09538841e-01 -4.07695770e-03 3.01122665e-02 1.00000000e+00
125 S st 40 cl 0 sigma 0.10762  G 2.27820873e-01 2.11274624e-01 2.43306160e-02 1.00000000e+00
125 S st 41 cl 0 sigma 0.10762  G 2.38895416e-02 3.09419632e-01 2.69532204e-02 1.00000000e+00
# EVENT 126  nrows 26  ncols 4  params[x y z ot]  hypo -7.4945 -5.2398 -1.8452
126 P st 10 cl 0 sigma 0.17627  G 4.92215157e-02 -1.73199177e-01 -3.56650352e-01 1.00000000e+00
126 P st 11 cl 0 sigma 0.17627  G 2.60472298e-02 -1.78146362e-01 -3.56626511e-01 1.00000000e+00
126 P st 12 cl 0 sigma 0.17627  G -1.46448612e-02 -1.79445744e-01 -3.56632471e-01 1.00000000e+00
126 P st 19 cl 0 sigma 0.17627  G 4.37676907e-02 -1.74629688e-01 -3.56626511e-01 1.00000000e+00
126 P st 23 cl 0 sigma 0.17627  G 7.06911087e-02 -1.60133839e-01 -3.58724594e-01 1.00000000e+00
126 P st 28 cl 1 sigma 0.40238  G -1.00016594e-01 -1.49691105e-01 -3.56638432e-01 1.00000000e+00
126 P st 31 cl 0 sigma 0.17627  G -1.38103962e-01 -1.15513802e-01 -3.56638432e-01 1.00000000e+00
126 P st 33 cl 0 sigma 0.17627  G 1.47497654e-01 -1.03235245e-01 -3.56638432e-01 1.00000000e+00
126 P st 34 cl 0 sigma 0.17627  G -5.44428825e-02 -1.71607733e-01 -3.56638432e-01 1.00000000e+00
126 P st 36 cl 0 sigma 0.17627  G 1.77866220e-01 -2.78234482e-02 -3.56644392e-01 1.00000000e+00
126 P st 37 cl 0 sigma 0.17627  G -1.79147720e-01 -1.78575516e-02 -3.56638432e-01 1.00000000e+00
126 P st 38 cl 0 sigma 0.17627  G 2.14689970e-01 6.58065081e-02 -3.16226482e-01 1.00000000e+00
126 P st 40 cl 0 sigma 0.17627  G 1.47897005e-01 1.02663040e-01 -3.56638432e-01 1.00000000e+00
126 P st 41 cl 0 sigma 0.17627  G 3.32176685e-02 1.76954269e-01 -3.56632471e-01 1.00000000e+00
126 P st 42 cl 1 sigma 0.40238  G -1.55830383e-01 9.01639462e-02 -3.56632471e-01 1.00000000e+00
126 P st 43 cl 0 sigma 0.17627  G -1.34229660e-01 1.19972229e-01 -3.56638432e-01 1.00000000e+00
126 P st 47 cl 1 sigma 0.40238  G -1.60205364e-01 -8.21471214e-02 -3.56638432e-01 1.00000000e+00
126 S st 10 cl 0 sigma 0.10762  G 8.51631165e-02 -2.99620628e-01 -6.16955757e-01 1.00000000e+00
126 S st 11 cl 0 sigma 0.10762  G 4.50611115e-02 -3.08156013e-01 -6.17003441e-01 1.00000000e+00
126 S st 12 cl 1 sigma 0.13790  G -2.53319740e-02 -3.10444832e-01 -6.16979599e-01 1.00000000e+00
126 S st 23 cl 1 sigma 0.13790  G 1.22308731e-01 -2.76994705e-01 -6.20603561e-01 1.00000000e+00
126 S st 28 cl 1 sigma 0.13790  G -1.73020363e-01 -2.58970261e-01 -6.16979599e-01 1.00000000e+00
126 S st 31 cl 1 sigma 0.13790  G -2.38919258e-01 -1.99794769e-01 -6.16979599e-01 1.00000000e+00
126 S st 40 cl 0 sigma 0.10762  G 2.55870819e-01 1.77598000e-01 -6.16979599e-01 1.00000000e+00
126 S st 41 cl 1 sigma 0.13790  G 5.74350357e-02 3.06117535e-01 -6.16991520e-01 1.00000000e+00
126 S st 43 cl 0 sigma 0.10762  G -2.32207775e-01 2.07579136e-01 -6.16955757e-01 1.00000000e+00
# EVENT 127  nrows 15  ncols 4  params[x y z ot]  hypo 2.5291 0.6593 0.2568
127 P st 11 cl 0 sigma 0.17627  G 1.50883198e-01 -5.76615334e-02 -8.29577446e-02 1.00000000e+00
127 P st 18 cl 0 sigma 0.17627  G -1.62661076e-02 -1.65152550e-01 3.85582447e-02 1.00000000e+00
127 P st 19 cl 1 sigma 0.40238  G 1.59716606e-01 2.82287598e-02 -7.98106194e-02 1.00000000e+00
127 P st 25 cl 0 sigma 0.17627  G 6.52790070e-02 -1.52325630e-01 -6.07967377e-02 1.00000000e+00
127 P st 28 cl 1 sigma 0.40238  G 1.06310844e-01 -1.27208233e-01 4.47273254e-02 1.00000000e+00
127 P st 29 cl 0 sigma 0.17627  G -1.15793943e-01 -1.12175941e-01 7.36176968e-02 1.00000000e+00
127 P st 31 cl 0 sigma 0.17627  G 6.51538372e-02 -9.31233168e-02 1.32584572e-01 1.00000000e+00
127 P st 32 cl 0 sigma 0.17627  G -1.67453289e-01 -1.17063522e-02 4.12464142e-03 1.00000000e+00
127 P st 37 cl 0 sigma 0.17627  G -1.88708305e-02 1.63322687e-01 5.29110432e-02 1.00000000e+00
127 P st 40 cl 1 sigma 0.40238  G 1.36685371e-01 8.53776932e-02 -8.41736794e-02 1.00000000e+00
127 P st 44 cl 1 sigma 0.40238  G 1.23846531e-01 1.03116035e-01 -8.41856003e-02 1.00000000e+00
127 P st 46 cl 0 sigma 0.17627  G 1.59513950e-01 4.64320183e-02 4.39941883e-02 1.00000000e+00
127 P st 47 cl 0 sigma 0.17627  G -8.50260258e-02 3.09944153e-04 1.57201290e-01 1.00000000e+00
127 S st 18 cl 1 sigma 0.13790  G -2.81453133e-02 -2.85732746e-01 6.67095184e-02 1.00000000e+00
127 S st 37 cl 1 sigma 0.13790  G -3.26514244e-02 2.82526016e-01 9.15288925e-02 1.00000000e+00
# EVENT 128  nrows 21  ncols 4  params[x y z ot]  hypo -9.7280 -4.6957 0.2178
128 P st 10 cl 1 sigma 0.40238  G 1.83105469e-02 -1.60574913e-01 -8.27789307e-02 1.00000000e+00
128 P st 14 cl 0 sigma 0.17627  G -1.63185596e-01 -4.29630280e-02 -2.75254250e-02 1.00000000e+00
128 P st 18 cl 0 sigma 0.17627  G -1.23250484e-01 -1.03855133e-01 -8.41736794e-02 1.00000000e+00
128 P st 19 cl 0 sigma 0.17627  G -5.48183918e-02 -1.50305033e-01 8.45551491e-02 1.00000000e+00
128 P st 29 cl 0 sigma 0.17627  G -1.41632557e-01 -7.68780708e-02 -8.41856003e-02 1.00000000e+00
128 P st 31 cl 0 sigma 0.17627  G -1.37042999e-01 -8.50081444e-02 -8.37683678e-02 1.00000000e+00
128 P st 34 cl 0 sigma 0.17627  G -1.22272968e-01 -1.11043453e-01 6.17802143e-02 1.00000000e+00
128 P st 36 cl 0 sigma 0.17627  G 1.53100491e-01 -1.42335892e-02 1.00660324e-01 1.00000000e+00
128 P st 37 cl 0 sigma 0.17627  G -1.61254406e-01 -6.41345978e-03 -8.35299492e-02 1.00000000e+00
128 P st 38 cl 0 sigma 0.17627  G 2.18749046e-02 8.26627016e-02 1.60041451e-01 1.00000000e+00
128 P st 39 cl 0 sigma 0.17627  G -1.59096718e-01 2.57611275e-02 -8.41617584e-02 1.00000000e+00
128 P st 40 cl 0 sigma 0.17627  G 9.66250896e-02 1.35886669e-01 5.00738621e-02 1.00000000e+00
128 P st 42 cl 0 sigma 0.17627  G -1.51193142e-01 7.28368759e-02 -3.98039818e-02 1.00000000e+00
128 P st 43 cl 0 sigma 0.17627  G -1.33681297e-01 9.56892967e-02 -6.86526299e-02 1.00000000e+00
128 P st 47 cl 0 sigma 0.17627  G -1.50191784e-01 -5.85198402e-02 -8.41021538e-02 1.00000000e+00
128 S st 18 cl 0 sigma 0.10762  G -2.13193893e-01 -1.79672241e-01 -1.45626068e-01 1.00000000e+00
128 S st 19 cl 1 sigma 0.13790  G -9.48309898e-02 -2.60025263e-01 1.46281719e-01 1.00000000e+00
128 S st 31 cl 1 sigma 0.13790  G -2.37131119e-01 -1.47032738e-01 -1.44934654e-01 1.00000000e+00
128 S st 37 cl 1 sigma 0.13790  G -2.78973579e-01 -1.11341476e-02 -1.44505501e-01 1.00000000e+00
128 S st 39 cl 1 sigma 0.13790  G -2.75206566e-01 4.45604324e-02 -1.45626068e-01 1.00000000e+00
128 S st 40 cl 0 sigma 0.10762  G 1.67155266e-01 2.35092640e-01 8.66413116e-02 1.00000000e+00
# EVENT 129  nrows 19  ncols 4  params[x y z ot]  hypo -8.6340 -5.2871 -1.0706
129 P st 10 cl 1 sigma 0.40238  G 3.41892242e-02 -1.76012516e-01 8.86917114e-03 1.00000000e+00
129 P st 11 cl 0 sigma 0.17627  G 6.36577606e-03 -1.79636478e-01 1.06453896e-02 1.00000000e+00
129 P st 12 cl 0 sigma 0.17627  G -3.89873981e-02 -1.75404549e-01 1.21057034e-02 1.00000000e+00
129 P st 14 cl 0 sigma 0.17627  G -1.66690350e-01 -6.67929649e-02 1.33574009e-02 1.00000000e+00
129 P st 19 cl 0 sigma 0.17627  G -6.63995743e-03 -1.78271532e-01 1.96158886e-02 1.00000000e+00
129 P st 28 cl 0 sigma 0.17627  G -1.10387802e-01 -1.41704082e-01 9.17911530e-03 1.00000000e+00
129 P st 31 cl 0 sigma 0.17627  G -1.43909454e-01 -1.07395649e-01 9.17911530e-03 1.00000000e+00
129 P st 34 cl 0 sigma 0.17627  G -9.45627689e-02 -1.51449442e-01 1.84059143e-02 1.00000000e+00
129 P st 36 cl 0 sigma 0.17627  G 1.74582005e-01 -3.67581844e-02 1.93357468e-02 1.00000000e+00
129 P st 37 cl 0 sigma 0.17627  G -1.79016590e-01 -1.68323517e-02 9.75131989e-03 1.00000000e+00
129 P st 38 cl 0 sigma 0.17627  G 1.48564577e-01 7.65264034e-02 4.86850739e-02 1.00000000e+00
129 P st 39 cl 0 sigma 0.17627  G -1.73747540e-01 2.32815742e-02 -1.26361847e-03 1.00000000e+00
129 P st 40 cl 0 sigma 0.17627  G 1.34545565e-01 1.18201971e-01 1.56164169e-02 1.00000000e+00
129 S st 11 cl 0 sigma 0.10762  G 1.10149384e-02 -3.10778618e-01 1.84178352e-02 1.00000000e+00
129 S st 19 cl 1 sigma 0.13790  G -1.15036964e-02 -3.08400393e-01 3.39269638e-02 1.00000000e+00
129 S st 31 cl 1 sigma 0.13790  G -2.48932838e-01 -1.85775757e-01 1.58548355e-02 1.00000000e+00
129 S st 34 cl 0 sigma 0.10762  G -1.63596869e-01 -2.62004137e-01 3.18348408e-02 1.00000000e+00
129 S st 36 cl 1 sigma 0.13790  G 3.02028656e-01 -6.35862350e-02 3.34620476e-02 1.00000000e+00
129 S st 40 cl 0 sigma 0.10762  G 2.32768059e-01 2.04503536e-01 2.70009041e-02 1.00000000e+00
# EVENT 130  nrows 12  ncols 4  params[x y z ot]  hypo -10.0292 -6.4513 3.9269
130 P st 14 cl 0 sigma 0.17627  G -1.27375126e-01 -6.09219074e-02 7.68423080e-02 1.00000000e+00
130 P st 18 cl 0 sigma 0.17627  G -1.13296509e-01 -1.08456612e-01 3.67164612e-02 1.00000000e+00
130 P st 19 cl 0 sigma 0.17627  G -3.20136547e-02 -1.07061863e-01 1.12241507e-01 1.00000000e+00
130 P st 31 cl 0 sigma 0.17627  G -1.22666359e-01 -9.28282738e-02 4.66585159e-02 1.00000000e+00
130 P st 34 cl 0 sigma 0.17627  G -7.44819641e-02 -9.76324081e-02 1.03843212e-01 1.00000000e+00
130 P st 36 cl 0 sigma 0.17627  G 6.42657280e-02 -4.73499298e-02 1.36619806e-01 1.00000000e+00
130 P st 37 cl 0 sigma 0.17627  G -1.50299072e-01 -2.59518623e-02 5.07831573e-02 1.00000000e+00
130 P st 38 cl 0 sigma 0.17627  G 1.15633011e-03 -9.21487808e-03 1.60431862e-01 1.00000000e+00
130 P st 40 cl 0 sigma 0.17627  G 6.68704510e-02 6.03020191e-02 1.34521723e-01 1.00000000e+00
130 P st 42 cl 1 sigma 0.40238  G -1.33424997e-01 3.26156616e-02 8.23915005e-02 1.00000000e+00
130 S st 18 cl 0 sigma 0.10762  G -1.96003914e-01 -1.87659264e-01 6.34908676e-02 1.00000000e+00
130 S st 40 cl 0 sigma 0.10762  G 1.15692616e-01 1.04320049e-01 2.32732296e-01 1.00000000e+00
# EVENT 131  nrows 28  ncols 4  params[x y z ot]  hypo 1.7233 -1.9174 -1.1287
131 P st 12 cl 0 sigma 0.17627  G 1.57535076e-01 -8.66055489e-02 1.09672546e-02 1.00000000e+00
131 P st 14 cl 0 sigma 0.17627  G 1.75228715e-01 3.56435776e-02 1.88738108e-02 1.00000000e+00
131 P st 18 cl 0 sigma 0.17627  G -2.96890736e-02 -1.77246332e-01 1.22785568e-02 1.00000000e+00
131 P st 19 cl 0 sigma 0.17627  G 1.79457664e-01 -1.10745430e-02 1.07407570e-02 1.00000000e+00
131 P st 21 cl 0 sigma 0.17627  G 4.25815582e-02 -1.61147118e-01 -5.23328781e-02 1.00000000e+00
131 P st 22 cl 0 sigma 0.17627  G 6.59227371e-03 -1.75607204e-01 2.12192535e-03 1.00000000e+00
131 P st 26 cl 0 sigma 0.17627  G -6.69956207e-02 -1.66845322e-01 1.01923943e-02 1.00000000e+00
131 P st 28 cl 0 sigma 0.17627  G 6.50942326e-02 -1.67459249e-01 1.32977962e-02 1.00000000e+00
131 P st 29 cl 0 sigma 0.17627  G -1.02698803e-01 -1.47360563e-01 1.38938427e-02 1.00000000e+00
131 P st 31 cl 0 sigma 0.17627  G 1.24961138e-02 -1.78381801e-01 1.84834003e-02 1.00000000e+00
131 P st 32 cl 0 sigma 0.17627  G -1.67286396e-01 -6.56127930e-02 1.23500824e-02 1.00000000e+00
131 P st 33 cl 0 sigma 0.17627  G 1.67965889e-01 -1.50680542e-02 -3.00884247e-02 1.00000000e+00
131 P st 36 cl 0 sigma 0.17627  G 1.73521042e-01 2.97784805e-02 1.10864639e-03 1.00000000e+00
131 P st 37 cl 0 sigma 0.17627  G -9.14037228e-02 1.51759386e-01 2.68757343e-02 1.00000000e+00
131 P st 38 cl 0 sigma 0.17627  G 1.69730186e-01 5.91635704e-02 9.41753387e-03 1.00000000e+00
131 P st 39 cl 0 sigma 0.17627  G -1.14643574e-01 1.38282776e-01 1.36256218e-02 1.00000000e+00
131 P st 40 cl 0 sigma 0.17627  G 1.54101849e-01 7.40528107e-02 -2.41160393e-02 1.00000000e+00
131 P st 46 cl 0 sigma 0.17627  G 1.72513723e-01 -4.70757484e-02 1.79827213e-02 1.00000000e+00
131 P st 47 cl 0 sigma 0.17627  G -1.17868185e-01 -1.33061409e-01 2.25543976e-02 1.00000000e+00
131 S st 12 cl 1 sigma 0.13790  G 2.72524357e-01 -1.49834156e-01 1.89661980e-02 1.00000000e+00
131 S st 18 cl 0 sigma 0.10762  G -5.13672829e-02 -3.06630135e-01 2.12550163e-02 1.00000000e+00
131 S st 19 cl 1 sigma 0.13790  G 3.10432911e-01 -1.91688538e-02 1.85966492e-02 1.00000000e+00
131 S st 28 cl 1 sigma 0.13790  G 1.12628937e-01 -2.89690495e-01 2.29954720e-02 1.00000000e+00
131 S st 29 cl 0 sigma 0.10762  G -1.77669525e-01 -2.54917145e-01 2.40564346e-02 1.00000000e+00
131 S st 33 cl 1 sigma 0.13790  G 2.90584564e-01 -2.60353088e-02 -5.20706177e-02 1.00000000e+00
131 S st 38 cl 1 sigma 0.13790  G 2.93612480e-01 1.02353096e-01 1.63078308e-02 1.00000000e+00
131 S st 40 cl 0 sigma 0.10762  G 2.66599655e-01 1.28054619e-01 -4.17470932e-02 1.00000000e+00
131 S st 47 cl 0 sigma 0.10762  G -2.03907490e-01 -2.30205059e-01 3.90172005e-02 1.00000000e+00
# EVENT 132  nrows 26  ncols 4  params[x y z ot]  hypo 3.4885 -2.5163 1.4884
132 P st 12 cl 0 sigma 0.17627  G 1.42109394e-01 -7.30037689e-02 1.97768211e-02 1.00000000e+00
132 P st 14 cl 0 sigma 0.17627  G 1.50406361e-01 5.40614128e-03 4.98294830e-02 1.00000000e+00
132 P st 18 cl 0 sigma 0.17627  G 7.80224800e-03 -1.57594681e-01 2.89738178e-02 1.00000000e+00
132 P st 22 cl 0 sigma 0.17627  G 2.41875648e-02 -1.58536434e-01 1.47581100e-02 1.00000000e+00
132 P st 28 cl 0 sigma 0.17627  G 8.08894634e-02 -1.34593248e-01 3.01301479e-02 1.00000000e+00
132 P st 31 cl 0 sigma 0.17627  G 5.87940216e-02 -1.35630369e-01 5.66780567e-02 1.00000000e+00
132 P st 33 cl 0 sigma 0.17627  G 1.59573555e-01 -1.82747841e-02 1.24812126e-02 1.00000000e+00
132 P st 34 cl 0 sigma 0.17627  G 1.58059597e-01 -1.42931938e-02 2.43663788e-02 1.00000000e+00
132 P st 36 cl 0 sigma 0.17627  G 1.59406662e-01 1.85370445e-02 1.38163567e-02 1.00000000e+00
132 P st 37 cl 0 sigma 0.17627  G 1.83045864e-02 7.64369965e-02 1.33591890e-01 1.00000000e+00
132 P st 38 cl 0 sigma 0.17627  G 1.55127048e-01 4.01973724e-02 1.62601471e-02 1.00000000e+00
132 P st 39 cl 0 sigma 0.17627  G -7.16209412e-02 1.27428770e-01 5.62369823e-02 1.00000000e+00
132 P st 40 cl 0 sigma 0.17627  G 1.49548054e-01 5.84483147e-02 1.29461288e-02 1.00000000e+00
132 P st 42 cl 0 sigma 0.17627  G 1.06966496e-01 1.14542246e-01 3.30686569e-02 1.00000000e+00
132 P st 43 cl 0 sigma 0.17627  G 8.42809677e-02 1.33740902e-01 2.63929367e-02 1.00000000e+00
132 P st 46 cl 0 sigma 0.17627  G 1.46460533e-01 -4.28676605e-02 4.51087952e-02 1.00000000e+00
132 P st 47 cl 0 sigma 0.17627  G -1.87933445e-02 -1.16300583e-01 1.01053715e-01 1.00000000e+00
132 S st 12 cl 0 sigma 0.10762  G 2.45833397e-01 -1.26314163e-01 3.42130661e-02 1.00000000e+00
132 S st 18 cl 0 sigma 0.10762  G 1.35064125e-02 -2.72631645e-01 5.01275063e-02 1.00000000e+00
132 S st 28 cl 1 sigma 0.13790  G 1.39939785e-01 -2.32851505e-01 5.21302223e-02 1.00000000e+00
132 S st 33 cl 1 sigma 0.13790  G 2.76064873e-01 -3.16143036e-02 2.15768814e-02 1.00000000e+00
132 S st 34 cl 1 sigma 0.13790  G 2.73454189e-01 -2.47478485e-02 4.21643257e-02 1.00000000e+00
132 S st 38 cl 1 sigma 0.13790  G 2.68363953e-01 6.95705414e-02 2.81572342e-02 1.00000000e+00
132 S st 40 cl 1 sigma 0.13790  G 2.58755684e-01 1.01113319e-01 2.23875046e-02 1.00000000e+00
132 S st 42 cl 1 sigma 0.13790  G 1.85060501e-01 1.98125839e-01 5.72204590e-02 1.00000000e+00
132 S st 47 cl 0 sigma 0.10762  G -3.25202942e-02 -2.01201439e-01 1.74832344e-01 1.00000000e+00
# EVENT 133  nrows 33  ncols 4  params[x y z ot]  hypo -4.1814 -6.4561 0.2800
133 P st 11 cl 0 sigma 0.17627  G 6.23345375e-02 -1.48987770e-01 -8.31723213e-02 1.00000000e+00
133 P st 12 cl 0 sigma 0.17627  G 4.53174114e-02 -1.57660246e-01 -6.71327114e-02 1.00000000e+00
133 P st 18 cl 0 sigma 0.17627  G -8.06450844e-02 -1.39558315e-01 -8.40902328e-02 1.00000000e+00
133 P st 19 cl 0 sigma 0.17627  G 1.06960535e-01 -1.28459930e-01 5.63859940e-03 1.00000000e+00
133 P st 21 cl 1 sigma 0.40238  G -1.24692917e-02 -1.60682201e-01 -8.41736794e-02 1.00000000e+00
133 P st 22 cl 0 sigma 0.17627  G -4.35113907e-02 -1.55186653e-01 -8.41975212e-02 1.00000000e+00
133 P st 23 cl 1 sigma 0.40238  G 8.35776329e-02 -1.37794018e-01 -8.41736794e-02 1.00000000e+00
133 P st 25 cl 0 sigma 0.17627  G -3.03149223e-02 -1.58274174e-01 -8.41617584e-02 1.00000000e+00
133 P st 28 cl 0 sigma 0.17627  G -4.62412834e-02 -1.54948235e-01 -8.15868378e-02 1.00000000e+00
133 P st 29 cl 0 sigma 0.17627  G -1.12199783e-01 -1.15752220e-01 -8.39710236e-02 1.00000000e+00
133 P st 31 cl 0 sigma 0.17627  G -8.85725021e-02 -1.36971474e-01 -7.54833221e-02 1.00000000e+00
133 P st 33 cl 0 sigma 0.17627  G 1.39188766e-01 -8.22544098e-02 -8.20517540e-02 1.00000000e+00
133 P st 34 cl 0 sigma 0.17627  G 6.76274300e-02 -1.50758028e-01 4.38749790e-02 1.00000000e+00
133 P st 37 cl 0 sigma 0.17627  G -1.59490108e-01 -4.98175621e-02 -2.20239162e-02 1.00000000e+00
133 P st 38 cl 0 sigma 0.17627  G 1.65605545e-01 -1.18732452e-02 3.04579735e-02 1.00000000e+00
133 P st 39 cl 0 sigma 0.17627  G -1.63102150e-01 1.27911568e-02 -7.30514526e-02 1.00000000e+00
133 P st 40 cl 0 sigma 0.17627  G 1.59955025e-01 4.47690487e-02 -5.00857830e-02 1.00000000e+00
133 P st 42 cl 0 sigma 0.17627  G -1.05655193e-01 9.53435898e-02 1.05822086e-01 1.00000000e+00
133 P st 43 cl 0 sigma 0.17627  G -8.78632069e-02 1.37192011e-01 5.97476959e-02 1.00000000e+00
133 P st 46 cl 0 sigma 0.17627  G -4.91142273e-02 -1.59060955e-01 2.34961510e-02 1.00000000e+00
133 P st 47 cl 0 sigma 0.17627  G -1.22797489e-01 -1.06728077e-01 -7.75456429e-02 1.00000000e+00
133 S st 11 cl 1 sigma 0.13790  G 1.07812881e-01 -2.57730484e-01 -1.43885612e-01 1.00000000e+00
133 S st 12 cl 1 sigma 0.13790  G 7.83920288e-02 -2.72738934e-01 -1.16145611e-01 1.00000000e+00
133 S st 18 cl 1 sigma 0.13790  G -1.39546394e-01 -2.41446495e-01 -1.45483017e-01 1.00000000e+00
133 S st 21 cl 1 sigma 0.13790  G -2.16007233e-02 -2.78019905e-01 -1.45626068e-01 1.00000000e+00
133 S st 28 cl 1 sigma 0.13790  G -8.00132751e-02 -2.68101692e-01 -1.41119957e-01 1.00000000e+00
133 S st 29 cl 1 sigma 0.13790  G -1.94096565e-01 -2.00271606e-01 -1.45244598e-01 1.00000000e+00
133 S st 33 cl 1 sigma 0.13790  G 2.40802765e-01 -1.42264366e-01 -1.41954422e-01 1.00000000e+00
133 S st 37 cl 0 sigma 0.10762  G -2.75933743e-01 -8.62121582e-02 -3.81112099e-02 1.00000000e+00
133 S st 38 cl 0 sigma 0.10762  G 2.86483765e-01 -2.05516815e-02 5.27024269e-02 1.00000000e+00
133 S st 39 cl 1 sigma 0.13790  G -2.82168388e-01 2.21490860e-02 -1.26409531e-01 1.00000000e+00
133 S st 40 cl 0 sigma 0.10762  G 2.76696682e-01 7.74264336e-02 -8.66532326e-02 1.00000000e+00
133 S st 47 cl 1 sigma 0.13790  G -2.12478638e-01 -1.84631348e-01 -1.34158134e-01 1.00000000e+00
# EVENT 134  nrows 34  ncols 4  params[x y z ot]  hypo 2.9620 -0.8973 2.0039
134 P st 11 cl 0 sigma 0.17627  G 1.42264366e-01 -7.09295273e-02 2.92778015e-02 1.00000000e+00
134 P st 12 cl 0 sigma 0.17627  G 1.47032738e-01 -5.53250313e-02 3.85403633e-02 1.00000000e+00
134 P st 14 cl 0 sigma 0.17627  G 1.35111809e-01 4.77433205e-02 7.79509544e-02 1.00000000e+00
134 P st 16 cl 0 sigma 0.17627  G 6.09576702e-02 1.33550167e-01 6.85036182e-02 1.00000000e+00
134 P st 18 cl 0 sigma 0.17627  G -2.16364861e-03 -1.48969889e-01 6.15537167e-02 1.00000000e+00
134 P st 19 cl 0 sigma 0.17627  G 1.57749653e-01 5.37633896e-03 3.51190567e-02 1.00000000e+00
134 P st 21 cl 0 sigma 0.17627  G 5.45859337e-02 -1.50239468e-01 2.32219696e-02 1.00000000e+00
134 P st 22 cl 0 sigma 0.17627  G 2.08139420e-02 -1.57773495e-01 2.87413597e-02 1.00000000e+00
134 P st 25 cl 0 sigma 0.17627  G 5.91397285e-02 -1.45900249e-01 3.70025635e-02 1.00000000e+00
134 P st 28 cl 0 sigma 0.17627  G 8.37028027e-02 -1.22952461e-01 6.42240047e-02 1.00000000e+00
134 P st 29 cl 0 sigma 0.17627  G -6.93559647e-02 -1.19596720e-01 8.61585140e-02 1.00000000e+00
134 P st 31 cl 0 sigma 0.17627  G 4.83632088e-02 -9.87946987e-02 1.13725662e-01 1.00000000e+00
134 P st 33 cl 0 sigma 0.17627  G 1.59943104e-01 -3.86238098e-03 2.17795372e-02 1.00000000e+00
134 P st 36 cl 0 sigma 0.17627  G 1.55949593e-01 3.47614288e-02 2.38418579e-02 1.00000000e+00
134 P st 37 cl 0 sigma 0.17627  G -4.21404839e-03 1.09034777e-01 1.17957592e-01 1.00000000e+00
134 P st 38 cl 0 sigma 0.17627  G 1.48236752e-01 5.83648682e-02 2.78949738e-02 1.00000000e+00
134 P st 39 cl 0 sigma 0.17627  G -6.73830509e-02 1.34271383e-01 6.19530678e-02 1.00000000e+00
134 P st 40 cl 0 sigma 0.17627  G 1.42729282e-01 7.24315643e-02 2.15649605e-02 1.00000000e+00
134 P st 42 cl 0 sigma 0.17627  G 8.57949257e-02 1.29461288e-01 4.76121902e-02 1.00000000e+00
134 P st 43 cl 0 sigma 0.17627  G 6.68764114e-02 1.42371655e-01 3.90291214e-02 1.00000000e+00
134 P st 45 cl 0 sigma 0.17627  G 2.99453735e-02 1.55866146e-01 3.19004059e-02 1.00000000e+00
134 P st 46 cl 0 sigma 0.17627  G 1.40452385e-01 -2.94446945e-03 7.95364380e-02 1.00000000e+00
134 P st 47 cl 0 sigma 0.17627  G -3.81886959e-02 -5.70118427e-02 1.42627954e-01 1.00000000e+00
134 S st 11 cl 1 sigma 0.13790  G 2.46119499e-01 -1.22666359e-01 5.06401062e-02 1.00000000e+00
134 S st 12 cl 0 sigma 0.10762  G 2.54356861e-01 -9.56773758e-02 6.66975975e-02 1.00000000e+00
134 S st 18 cl 1 sigma 0.13790  G -3.75509262e-03 -2.57730484e-01 1.06477737e-01 1.00000000e+00
134 S st 21 cl 1 sigma 0.13790  G 9.44137573e-02 -2.59900093e-01 4.02212143e-02 1.00000000e+00
134 S st 22 cl 1 sigma 0.13790  G 3.60012054e-02 -2.72917747e-01 4.96864319e-02 1.00000000e+00
134 S st 25 cl 1 sigma 0.13790  G 1.02329254e-01 -2.52342224e-01 6.40153885e-02 1.00000000e+00
134 S st 31 cl 1 sigma 0.13790  G 8.36730003e-02 -1.70916319e-01 1.96748972e-01 1.00000000e+00
134 S st 36 cl 1 sigma 0.13790  G 2.69818306e-01 6.01053238e-02 4.12464142e-02 1.00000000e+00
134 S st 37 cl 0 sigma 0.10762  G -7.27176666e-03 1.88624859e-01 2.04050541e-01 1.00000000e+00
134 S st 38 cl 1 sigma 0.13790  G 2.56466866e-01 1.00970268e-01 4.82797623e-02 1.00000000e+00
134 S st 40 cl 0 sigma 0.10762  G 2.46858597e-01 1.25288963e-01 3.72886658e-02 1.00000000e+00
# EVENT 135  nrows 27  ncols 4  params[x y z ot]  hypo -9.7635 -4.6459 0.6478
135 P st 10 cl 0 sigma 0.17627  G 1.78694725e-02 -1.60050392e-01 1.11222267e-02 1.00000000e+00
135 P st 11 cl 0 sigma 0.17627  G -1.26004219e-02 -1.60396099e-01 1.40309334e-02 1.00000000e+00
135 P st 12 cl 0 sigma 0.17627  G -5.87582588e-02 -1.49405003e-01 1.79588795e-02 1.00000000e+00
135 P st 14 cl 0 sigma 0.17627  G -1.55562162e-01 -3.97384167e-02 1.86741352e-02 1.00000000e+00
135 P st 16 cl 0 sigma 0.17627  G -1.57976151e-01 3.08036804e-02 1.30057335e-02 1.00000000e+00
135 P st 18 cl 0 sigma 0.17627  G -1.23584270e-01 -1.03330612e-01 8.33272934e-03 1.00000000e+00
135 P st 20 cl 0 sigma 0.17627  G -1.48832798e-01 5.88238239e-02 2.37882137e-02 1.00000000e+00
135 P st 21 cl 0 sigma 0.17627  G -5.71608543e-02 -1.50644779e-01 6.96182251e-03 1.00000000e+00
135 P st 23 cl 0 sigma 0.17627  G 4.73976135e-02 -1.53970718e-01 8.78572464e-03 1.00000000e+00
135 P st 31 cl 0 sigma 0.17627  G -1.37269497e-01 -8.42452049e-02 1.02758408e-02 1.00000000e+00
135 P st 33 cl 0 sigma 0.17627  G 1.17576122e-01 -1.08069181e-01 2.75790691e-02 1.00000000e+00
135 P st 36 cl 0 sigma 0.17627  G 1.41841173e-01 -1.10208988e-02 8.74876976e-02 1.00000000e+00
135 P st 37 cl 0 sigma 0.17627  G -1.60956383e-01 -5.76972961e-03 1.05261803e-02 1.00000000e+00
135 P st 38 cl 0 sigma 0.17627  G 1.67071819e-02 7.27444887e-02 1.39367580e-01 1.00000000e+00
135 P st 39 cl 0 sigma 0.17627  G -1.58941746e-01 2.61664391e-02 8.69035721e-03 1.00000000e+00
135 P st 40 cl 0 sigma 0.17627  G 8.99910927e-02 1.29675865e-01 3.92019749e-02 1.00000000e+00
135 P st 43 cl 0 sigma 0.17627  G -1.30665302e-01 9.39369202e-02 1.37448311e-02 1.00000000e+00
135 P st 44 cl 0 sigma 0.17627  G 6.38127327e-02 1.47426128e-01 1.71601772e-02 1.00000000e+00
135 S st 11 cl 1 sigma 0.13790  G -2.18033791e-02 -2.77483463e-01 2.42710114e-02 1.00000000e+00
135 S st 12 cl 1 sigma 0.13790  G -1.01661682e-01 -2.58457661e-01 3.10897827e-02 1.00000000e+00
135 S st 16 cl 1 sigma 0.13790  G -2.73311138e-01 5.32865524e-02 2.25067139e-02 1.00000000e+00
135 S st 18 cl 0 sigma 0.10762  G -2.13789940e-01 -1.78766251e-01 1.44004822e-02 1.00000000e+00
135 S st 21 cl 1 sigma 0.13790  G -9.88721848e-02 -2.60591507e-01 1.20401382e-02 1.00000000e+00
135 S st 23 cl 1 sigma 0.13790  G 8.19683075e-02 -2.66361237e-01 1.52111053e-02 1.00000000e+00
135 S st 38 cl 0 sigma 0.10762  G 2.89022923e-02 1.25861168e-01 2.41100788e-01 1.00000000e+00
135 S st 40 cl 0 sigma 0.10762  G 1.55687332e-01 2.24339962e-01 6.77943230e-02 1.00000000e+00
135 S st 44 cl 1 sigma 0.13790  G 1.10375881e-01 2.55060196e-01 2.96950340e-02 1.00000000e+00
# EVENT 136  nrows 19  ncols 4  params[x y z ot]  hypo -6.7326 -6.6827 0.0780
136 P st 12 cl 0 sigma 0.17627  G 1.88946724e-03 -1.68514252e-01 -6.50882721e-02 1.00000000e+00
136 P st 14 cl 0 sigma 0.17627  G -1.29193068e-01 -1.13672018e-01 2.19941139e-02 1.00000000e+00
136 P st 16 cl 0 sigma 0.17627  G -1.72996521e-01 -1.57952309e-03 -8.11815262e-03 1.00000000e+00
136 P st 18 cl 0 sigma 0.17627  G -9.81211662e-02 -1.27851963e-01 -8.41617584e-02 1.00000000e+00
136 P st 19 cl 0 sigma 0.17627  G 5.30004501e-02 -1.63209438e-01 3.47793102e-02 1.00000000e+00
136 P st 20 cl 0 sigma 0.17627  G -1.57392025e-01 2.22861767e-02 9.11116600e-02 1.00000000e+00
136 P st 31 cl 0 sigma 0.17627  G -1.09267235e-01 -1.19209290e-01 -8.28385353e-02 1.00000000e+00
136 P st 37 cl 0 sigma 0.17627  G -1.60050392e-01 -4.06980515e-02 -7.29084015e-02 1.00000000e+00
136 P st 38 cl 0 sigma 0.17627  G 1.54995918e-01 -3.00586224e-02 9.14216042e-02 1.00000000e+00
136 P st 40 cl 0 sigma 0.17627  G 1.62202120e-01 5.87105751e-02 1.72674656e-02 1.00000000e+00
136 P st 42 cl 0 sigma 0.17627  G -1.59323215e-01 5.83529472e-02 5.56766987e-02 1.00000000e+00
136 P st 43 cl 0 sigma 0.17627  G -1.37978792e-01 1.02978945e-01 1.84595585e-02 1.00000000e+00
136 P st 44 cl 0 sigma 0.17627  G 1.27488375e-01 1.13499165e-01 -4.29511070e-02 1.00000000e+00
136 S st 12 cl 1 sigma 0.13790  G 3.27825546e-03 -2.91514397e-01 -1.12593174e-01 1.00000000e+00
136 S st 18 cl 1 sigma 0.13790  G -1.69754028e-01 -2.21180916e-01 -1.45602226e-01 1.00000000e+00
136 S st 19 cl 1 sigma 0.13790  G 9.16957855e-02 -2.82359123e-01 6.01649284e-02 1.00000000e+00
136 S st 38 cl 1 sigma 0.13790  G 2.68149376e-01 -5.20110130e-02 1.58172846e-01 1.00000000e+00
136 S st 40 cl 0 sigma 0.10762  G 2.80606747e-01 1.01542473e-01 2.98976898e-02 1.00000000e+00
136 S st 44 cl 1 sigma 0.13790  G 2.20561028e-01 1.96373463e-01 -7.43269920e-02 1.00000000e+00
# EVENT 137  nrows 46  ncols 4  params[x y z ot]  hypo -4.0977 7.0417 -0.1047
137 P st 10 cl 0 sigma 0.17627  G 1.75452232e-01 -1.19090080e-02 4.02390957e-02 1.00000000e+00
137 P st 11 cl 0 sigma 0.17627  G 1.60562992e-01 6.47425652e-02 5.13315201e-02 1.00000000e+00
137 P st 12 cl 0 sigma 0.17627  G 9.40024853e-02 1.45798922e-01 5.21659851e-02 1.00000000e+00
137 P st 14 cl 0 sigma 0.17627  G -3.18884850e-02 1.66881084e-01 1.62124634e-03 1.00000000e+00
137 P st 16 cl 0 sigma 0.17627  G -5.00559807e-02 1.53696537e-01 -7.70211220e-02 1.00000000e+00
137 P st 18 cl 0 sigma 0.17627  G -1.74307823e-01 2.33948231e-02 3.82840633e-02 1.00000000e+00
137 P st 19 cl 0 sigma 0.17627  G 8.02397728e-02 1.52325630e-01 1.57833099e-02 1.00000000e+00
137 P st 20 cl 0 sigma 0.17627  G -7.66515732e-03 1.61528587e-01 -7.58886337e-02 1.00000000e+00
137 P st 21 cl 0 sigma 0.17627  G -3.62038612e-02 -1.72084570e-01 3.62217426e-02 1.00000000e+00
137 P st 22 cl 0 sigma 0.17627  G -1.20335817e-01 -1.27959251e-01 3.62455845e-02 1.00000000e+00
137 P st 23 cl 0 sigma 0.17627  G 1.58774853e-01 -5.13553619e-02 -2.09093094e-02 1.00000000e+00
137 P st 25 cl 0 sigma 0.17627  G -1.32179260e-01 -1.01172924e-01 7.03036785e-02 1.00000000e+00
137 P st 26 cl 0 sigma 0.17627  G -1.67441368e-01 -2.57492065e-02 4.58955765e-03 1.00000000e+00
137 P st 28 cl 0 sigma 0.17627  G -1.36560202e-01 9.83595848e-02 6.48140907e-02 1.00000000e+00
137 P st 29 cl 0 sigma 0.17627  G -1.59537792e-01 5.65648079e-02 1.18017197e-03 1.00000000e+00
137 P st 31 cl 0 sigma 0.17627  G -1.32626295e-01 1.15478039e-01 3.71575356e-02 1.00000000e+00
137 P st 32 cl 0 sigma 0.17627  G -1.48320198e-01 6.41107559e-02 -7.73191452e-02 1.00000000e+00
137 P st 33 cl 0 sigma 0.17627  G 1.31285191e-01 9.67979431e-02 -6.20841980e-02 1.00000000e+00
137 P st 34 cl 0 sigma 0.17627  G 4.36306000e-02 1.68073177e-01 2.28047371e-02 1.00000000e+00
137 P st 36 cl 0 sigma 0.17627  G 9.79065895e-02 1.28829479e-01 -7.58767128e-02 1.00000000e+00
137 P st 37 cl 0 sigma 0.17627  G -8.75949860e-02 1.36852264e-01 -7.02023506e-02 1.00000000e+00
137 P st 38 cl 0 sigma 0.17627  G 6.73413277e-02 1.47092342e-01 -7.61866570e-02 1.00000000e+00
137 P st 39 cl 0 sigma 0.17627  G -9.39011574e-02 1.30987167e-01 -8.00848007e-02 1.00000000e+00
137 P st 40 cl 0 sigma 0.17627  G 7.65800476e-02 1.41799450e-01 -8.01205635e-02 1.00000000e+00
137 P st 42 cl 0 sigma 0.17627  G -2.15291977e-02 1.59847736e-01 -7.90715218e-02 1.00000000e+00
137 P st 43 cl 0 sigma 0.17627  G -2.29477882e-02 1.59537792e-01 -8.00967216e-02 1.00000000e+00
137 P st 44 cl 0 sigma 0.17627  G 6.78539276e-02 1.46174431e-01 -8.01801682e-02 1.00000000e+00
137 P st 45 cl 0 sigma 0.17627  G -3.64542007e-02 1.56974792e-01 -8.01563263e-02 1.00000000e+00
137 P st 46 cl 0 sigma 0.17627  G -3.64184380e-02 1.71113014e-01 3.22580338e-02 1.00000000e+00
137 P st 47 cl 0 sigma 0.17627  G -1.32644176e-01 1.04606152e-01 -2.47955322e-03 1.00000000e+00
137 S st 11 cl 0 sigma 0.10762  G 2.77781487e-01 1.11973286e-01 8.87989998e-02 1.00000000e+00
137 S st 12 cl 0 sigma 0.10762  G 1.62625313e-01 2.52223015e-01 9.02652740e-02 1.00000000e+00
137 S st 20 cl 1 sigma 0.13790  G -1.32322311e-02 2.79450417e-01 -1.31273270e-01 1.00000000e+00
137 S st 23 cl 1 sigma 0.13790  G 2.74682045e-01 -8.88586044e-02 -3.61919403e-02 1.00000000e+00
137 S st 26 cl 0 sigma 0.10762  G -2.89678574e-01 -4.45365906e-02 7.93933868e-03 1.00000000e+00
137 S st 28 cl 1 sigma 0.13790  G -2.36254930e-01 1.70159340e-01 1.12134218e-01 1.00000000e+00
137 S st 29 cl 1 sigma 0.13790  G -2.76017189e-01 9.78708267e-02 2.02655792e-03 1.00000000e+00
137 S st 31 cl 0 sigma 0.10762  G -2.29442120e-01 1.99782848e-01 6.42895699e-02 1.00000000e+00
137 S st 37 cl 0 sigma 0.10762  G -1.51562691e-01 2.36725807e-01 -1.21450424e-01 1.00000000e+00
137 S st 39 cl 1 sigma 0.13790  G -1.62458420e-01 2.26616859e-01 -1.38545036e-01 1.00000000e+00
137 S st 40 cl 1 sigma 0.13790  G 1.32489204e-01 2.45308876e-01 -1.38592720e-01 1.00000000e+00
137 S st 42 cl 1 sigma 0.13790  G -3.72886658e-02 2.76517868e-01 -1.36780739e-01 1.00000000e+00
137 S st 43 cl 1 sigma 0.13790  G -3.97205353e-02 2.75993347e-01 -1.38545036e-01 1.00000000e+00
137 S st 44 cl 1 sigma 0.13790  G 1.17397308e-01 2.52890587e-01 -1.38688087e-01 1.00000000e+00
137 S st 45 cl 1 sigma 0.13790  G -6.30378723e-02 2.71582603e-01 -1.38664246e-01 1.00000000e+00
137 S st 47 cl 0 sigma 0.10762  G -2.29477882e-01 1.80995464e-01 -4.29153442e-03 1.00000000e+00
# EVENT 138  nrows 24  ncols 4  params[x y z ot]  hypo 1.8866 -0.6682 -0.8450
138 P st 11 cl 0 sigma 0.17627  G 1.56950951e-01 -8.26597214e-02 2.20537186e-03 1.00000000e+00
138 P st 12 cl 0 sigma 0.17627  G 1.66761875e-01 -6.60955906e-02 1.92344189e-02 1.00000000e+00
138 P st 14 cl 0 sigma 0.17627  G 1.59078836e-01 7.93278217e-02 3.38256359e-02 1.00000000e+00
138 P st 16 cl 0 sigma 0.17627  G 4.47273254e-02 1.73264742e-01 2.67982483e-02 1.00000000e+00
138 P st 18 cl 0 sigma 0.17627  G -3.07440758e-02 -1.76399946e-01 2.47657299e-02 1.00000000e+00
138 P st 20 cl 0 sigma 0.17627  G 1.13618374e-01 1.38670206e-01 2.13503838e-02 1.00000000e+00
138 P st 26 cl 0 sigma 0.17627  G -7.19547272e-02 -1.64258480e-01 1.84655190e-02 1.00000000e+00
138 P st 28 cl 0 sigma 0.17627  G 8.12411308e-02 -1.59418583e-01 2.75909901e-02 1.00000000e+00
138 P st 29 cl 0 sigma 0.17627  G -1.16539001e-01 -1.35159492e-01 3.00049782e-02 1.00000000e+00
138 P st 31 cl 0 sigma 0.17627  G 2.68876553e-02 -1.71610713e-01 5.02794981e-02 1.00000000e+00
138 P st 32 cl 0 sigma 0.17627  G -1.74319744e-01 -4.13894653e-02 2.31027603e-02 1.00000000e+00
138 P st 36 cl 0 sigma 0.17627  G 1.63555145e-01 4.16636467e-02 -5.96165657e-02 1.00000000e+00
138 P st 37 cl 0 sigma 0.17627  G -5.70714474e-02 1.66910887e-01 4.15325165e-02 1.00000000e+00
138 P st 39 cl 0 sigma 0.17627  G -9.73820686e-02 1.50424242e-01 2.27928162e-02 1.00000000e+00
138 P st 40 cl 0 sigma 0.17627  G 1.42168999e-01 7.97271729e-02 -8.02516937e-02 1.00000000e+00
138 P st 46 cl 0 sigma 0.17627  G 1.77192688e-01 4.75049019e-03 3.57627869e-02 1.00000000e+00
138 P st 47 cl 0 sigma 0.17627  G -1.42988563e-01 -8.90970230e-02 6.28650188e-02 1.00000000e+00
138 S st 11 cl 1 sigma 0.13790  G 2.71511078e-01 -1.42979622e-01 3.81469727e-03 1.00000000e+00
138 S st 12 cl 1 sigma 0.13790  G 2.88510323e-01 -1.14345551e-01 3.32832336e-02 1.00000000e+00
138 S st 20 cl 0 sigma 0.10762  G 1.96552277e-01 2.39896774e-01 3.69310379e-02 1.00000000e+00
138 S st 29 cl 1 sigma 0.13790  G -2.01606750e-01 -2.33817101e-01 5.19037247e-02 1.00000000e+00
138 S st 31 cl 0 sigma 0.10762  G 4.65214252e-02 -2.96884775e-01 8.69810581e-02 1.00000000e+00
138 S st 37 cl 0 sigma 0.10762  G -9.87410545e-02 2.88760662e-01 7.18593597e-02 1.00000000e+00
138 S st 39 cl 0 sigma 0.10762  G -1.68466568e-01 2.60210037e-01 3.94344330e-02 1.00000000e+00
# EVENT 139  nrows 32  ncols 4  params[x y z ot]  hypo -7.5420 -6.1139 -0.2950
139 P st 12 cl 0 sigma 0.17627  G -1.38521194e-02 -1.75398588e-01 2.16841698e-02 1.00000000e+00
139 P st 14 cl 0 sigma 0.17627  G -1.48850679e-01 -9.50813293e-02 4.32789326e-02 1.00000000e+00
139 P st 16 cl 0 sigma 0.17627  G -1.76566839e-01 1.12771988e-02 3.32355499e-02 1.00000000e+00
139 P st 18 cl 0 sigma 0.17627  G -1.05857849e-01 -1.21724606e-01 -7.97748566e-02 1.00000000e+00
139 P st 20 cl 0 sigma 0.17627  G -1.66606903e-01 4.19676304e-02 6.19113445e-02 1.00000000e+00
139 P st 23 cl 0 sigma 0.17627  G 6.18100166e-02 -1.48868561e-01 -8.01205635e-02 1.00000000e+00
139 P st 28 cl 0 sigma 0.17627  G -8.74400139e-02 -1.41382217e-01 -6.14047050e-02 1.00000000e+00
139 P st 29 cl 0 sigma 0.17627  G -1.29592419e-01 -9.60707664e-02 -7.97271729e-02 1.00000000e+00
139 P st 31 cl 0 sigma 0.17627  G -1.22690201e-01 -1.14011765e-01 -5.56230545e-02 1.00000000e+00
139 P st 33 cl 0 sigma 0.17627  G 1.35123730e-01 -1.12724304e-01 2.37941742e-02 1.00000000e+00
139 P st 34 cl 0 sigma 0.17627  G -4.45783138e-02 -1.67554617e-01 5.71370125e-02 1.00000000e+00
139 P st 36 cl 0 sigma 0.17627  G 1.66869164e-01 -5.40792942e-02 5.07593155e-02 1.00000000e+00
139 P st 37 cl 0 sigma 0.17627  G -1.69372559e-01 -3.07202339e-02 -1.87277794e-02 1.00000000e+00
139 P st 38 cl 0 sigma 0.17627  G 1.59856677e-01 -5.09023666e-03 9.57548618e-02 1.00000000e+00
139 P st 39 cl 0 sigma 0.17627  G -1.63197517e-01 1.37448311e-02 -7.19547272e-02 1.00000000e+00
139 P st 40 cl 0 sigma 0.17627  G 1.55299902e-01 8.23080540e-02 4.75049019e-02 1.00000000e+00
139 P st 42 cl 0 sigma 0.17627  G -1.61933899e-01 6.72876835e-02 4.75823879e-02 1.00000000e+00
139 P st 44 cl 0 sigma 0.17627  G 1.17546320e-01 1.31905079e-01 3.05235386e-02 1.00000000e+00
139 P st 47 cl 0 sigma 0.17627  G -1.42264366e-01 -8.34107399e-02 -6.92367554e-02 1.00000000e+00
139 S st 16 cl 1 sigma 0.13790  G -3.05473804e-01 1.95026398e-02 5.75184822e-02 1.00000000e+00
139 S st 18 cl 0 sigma 0.10762  G -1.83105469e-01 -2.10547447e-01 -1.37996674e-01 1.00000000e+00
139 S st 20 cl 0 sigma 0.10762  G -2.88224220e-01 7.26044178e-02 1.07109547e-01 1.00000000e+00
139 S st 23 cl 1 sigma 0.13790  G 1.06906891e-01 -2.57539749e-01 -1.38616562e-01 1.00000000e+00
139 S st 29 cl 1 sigma 0.13790  G -2.24232674e-01 -1.66225433e-01 -1.37877464e-01 1.00000000e+00
139 S st 31 cl 1 sigma 0.13790  G -2.12264061e-01 -1.97243690e-01 -9.62495804e-02 1.00000000e+00
139 S st 33 cl 0 sigma 0.10762  G 2.33781338e-01 -1.95014477e-01 4.11629677e-02 1.00000000e+00
139 S st 34 cl 0 sigma 0.10762  G -7.71045685e-02 -2.89881229e-01 9.88483429e-02 1.00000000e+00
139 S st 37 cl 1 sigma 0.13790  G -2.93004513e-01 -5.31673431e-02 -3.23891640e-02 1.00000000e+00
139 S st 38 cl 1 sigma 0.13790  G 2.76553631e-01 -8.82148743e-03 1.65659189e-01 1.00000000e+00
139 S st 40 cl 0 sigma 0.10762  G 2.68650055e-01 1.42419338e-01 8.21948051e-02 1.00000000e+00
139 S st 44 cl 0 sigma 0.10762  G 2.03335285e-01 2.28214264e-01 5.28097153e-02 1.00000000e+00
139 S st 47 cl 1 sigma 0.13790  G -2.46119499e-01 -1.44290924e-01 -1.19757652e-01 1.00000000e+00
# EVENT 140  nrows 19  ncols 4  params[x y z ot]  hypo -7.9320 -6.2130 -0.6428
140 P st 12 cl 0 sigma 0.17627  G -2.15709209e-02 -1.77705288e-01 1.98245049e-02 1.00000000e+00
140 P st 14 cl 0 sigma 0.17627  G -1.52224302e-01 -9.32276249e-02 2.50220299e-02 1.00000000e+00
140 P st 16 cl 0 sigma 0.17627  G -1.78688765e-01 8.74400139e-03 2.12907791e-02 1.00000000e+00
140 P st 18 cl 0 sigma 0.17627  G -1.08301640e-01 -1.21068954e-01 -7.97629356e-02 1.00000000e+00
140 P st 19 cl 0 sigma 0.17627  G 1.96754932e-02 -1.75219774e-01 3.26335430e-02 1.00000000e+00
140 P st 20 cl 0 sigma 0.17627  G -1.72632933e-01 3.59237194e-02 3.48269939e-02 1.00000000e+00
140 P st 31 cl 0 sigma 0.17627  G -1.27625465e-01 -1.15013123e-01 -5.65052032e-03 1.00000000e+00
140 P st 33 cl 0 sigma 0.17627  G 1.32983923e-01 -1.19793415e-01 2.07960606e-02 1.00000000e+00
140 P st 34 cl 0 sigma 0.17627  G -5.75602055e-02 -1.66696310e-01 3.31163406e-02 1.00000000e+00
140 P st 37 cl 1 sigma 0.40238  G -1.74379349e-01 -3.20911407e-02 1.31726265e-02 1.00000000e+00
140 P st 38 cl 0 sigma 0.17627  G 1.60703063e-01 -1.34557486e-02 7.42107630e-02 1.00000000e+00
140 P st 40 cl 0 sigma 0.17627  G 1.55019760e-01 8.56876373e-02 3.02493572e-02 1.00000000e+00
140 P st 42 cl 1 sigma 0.40238  G -1.66922808e-01 6.19888306e-02 2.74181366e-02 1.00000000e+00
140 P st 43 cl 1 sigma 0.40238  G -1.47801638e-01 1.00439787e-01 2.33232975e-02 1.00000000e+00
140 P st 47 cl 1 sigma 0.40238  G -1.46412849e-01 -8.42571259e-02 -2.82168388e-02 1.00000000e+00
140 S st 18 cl 1 sigma 0.13790  G -1.87397003e-01 -2.09450722e-01 -1.37996674e-01 1.00000000e+00
140 S st 20 cl 0 sigma 0.10762  G -2.98655033e-01 6.21438026e-02 6.02364540e-02 1.00000000e+00
140 S st 34 cl 0 sigma 0.10762  G -9.95755196e-02 -2.88391113e-01 5.72919846e-02 1.00000000e+00
140 S st 40 cl 0 sigma 0.10762  G 2.68173218e-01 1.48236752e-01 5.23209572e-02 1.00000000e+00
# EVENT 141  nrows 20  ncols 4  params[x y z ot]  hypo -3.3530 4.2474 -0.1178
141 P st 10 cl 0 sigma 0.17627  G 1.61373615e-01 -6.79492950e-02 3.01003456e-02 1.00000000e+00
141 P st 11 cl 0 sigma 0.17627  G 1.72734261e-01 -2.50101089e-02 4.81069088e-02 1.00000000e+00
141 P st 12 cl 0 sigma 0.17627  G 1.54671073e-01 6.46620989e-02 6.65813684e-02 1.00000000e+00
141 P st 14 cl 0 sigma 0.17627  G -2.79366970e-02 1.73705816e-01 3.88741493e-02 1.00000000e+00
141 P st 16 cl 0 sigma 0.17627  G -5.35964966e-02 1.57260895e-01 -3.76343727e-02 1.00000000e+00
141 P st 20 cl 0 sigma 0.17627  G 1.04904175e-03 1.66392326e-01 -3.24845314e-02 1.00000000e+00
141 P st 21 cl 0 sigma 0.17627  G -1.31130219e-02 -1.67942047e-01 -3.39746475e-03 1.00000000e+00
141 P st 22 cl 0 sigma 0.17627  G -8.11219215e-02 -1.50465965e-01 1.46865845e-02 1.00000000e+00
141 P st 23 cl 1 sigma 0.40238  G 1.42717361e-01 -7.92026520e-02 -6.21795654e-02 1.00000000e+00
141 P st 25 cl 0 sigma 0.17627  G -6.89089298e-02 -1.58840418e-01 5.00082970e-02 1.00000000e+00
141 P st 28 cl 0 sigma 0.17627  G -1.54542923e-01 -2.82049179e-02 9.30070877e-02 1.00000000e+00
141 P st 31 cl 0 sigma 0.17627  G -1.59984827e-01 6.75678253e-02 5.08129597e-02 1.00000000e+00
141 P st 33 cl 0 sigma 0.17627  G 1.51586533e-01 6.54697418e-02 -4.77075577e-02 1.00000000e+00
141 P st 38 cl 1 sigma 0.40238  G 9.00983810e-02 1.37650967e-01 -5.13315201e-02 1.00000000e+00
141 P st 45 cl 1 sigma 0.40238  G -3.56674194e-02 1.57177448e-01 -8.00967216e-02 1.00000000e+00
141 P st 47 cl 1 sigma 0.40238  G -1.57326460e-01 7.68721104e-02 3.23414803e-02 1.00000000e+00
141 S st 11 cl 0 sigma 0.10762  G 2.98821926e-01 -4.32729721e-02 8.32319260e-02 1.00000000e+00
141 S st 12 cl 0 sigma 0.10762  G 2.67583132e-01 1.11865997e-01 1.15191936e-01 1.00000000e+00
141 S st 20 cl 1 sigma 0.13790  G 1.81198120e-03 2.87890434e-01 -5.61714172e-02 1.00000000e+00
141 S st 47 cl 1 sigma 0.13790  G -2.72178650e-01 1.32989883e-01 5.59449196e-02 1.00000000e+00
# EVENT 142  nrows 30  ncols 4  params[x y z ot]  hypo 2.0919 -3.3332 2.4186
142 P st 11 cl 0 sigma 0.17627  G 1.26051903e-01 -9.54389572e-02 3.00407410e-02 1.00000000e+00
142 P st 12 cl 0 sigma 0.17627  G 1.28459930e-01 -8.80837440e-02 3.97920609e-02 1.00000000e+00
142 P st 14 cl 0 sigma 0.17627  G 1.19441748e-01 -1.68919563e-02 1.00678205e-01 1.00000000e+00
142 P st 16 cl 0 sigma 0.17627  G 5.24759293e-02 9.90092754e-02 1.12921000e-01 1.00000000e+00
142 P st 19 cl 0 sigma 0.17627  G 1.52778625e-01 -2.95400620e-02 4.05430794e-02 1.00000000e+00
142 P st 20 cl 0 sigma 0.17627  G 1.18672848e-01 8.21113586e-02 6.87479973e-02 1.00000000e+00
142 P st 21 cl 0 sigma 0.17627  G 4.07218933e-02 -1.54340267e-01 2.18868256e-02 1.00000000e+00
142 P st 22 cl 1 sigma 0.40238  G 9.09566879e-03 -1.58798695e-01 2.57372856e-02 1.00000000e+00
142 P st 25 cl 1 sigma 0.40238  G 3.94582748e-02 -1.52790546e-01 3.25083733e-02 1.00000000e+00
142 P st 28 cl 0 sigma 0.17627  G 5.22732735e-02 -1.42741203e-01 5.26785851e-02 1.00000000e+00
142 P st 29 cl 0 sigma 0.17627  G -6.64949417e-02 -1.32501125e-01 6.00099564e-02 1.00000000e+00
142 P st 31 cl 0 sigma 0.17627  G 1.63137913e-02 -1.37615204e-01 8.06748867e-02 1.00000000e+00
142 P st 33 cl 0 sigma 0.17627  G 1.56915188e-01 -2.73227692e-02 2.43782997e-02 1.00000000e+00
142 P st 34 cl 0 sigma 0.17627  G 1.49017572e-01 -3.01361084e-02 5.22673130e-02 1.00000000e+00
142 P st 37 cl 0 sigma 0.17627  G -3.72111797e-02 3.17871571e-02 1.50507689e-01 1.00000000e+00
142 P st 39 cl 0 sigma 0.17627  G -9.82761383e-02 9.50753689e-02 8.30113888e-02 1.00000000e+00
142 P st 40 cl 0 sigma 0.17627  G 1.48940086e-01 5.54800034e-02 2.60949135e-02 1.00000000e+00
142 P st 42 cl 0 sigma 0.17627  G 9.01818275e-02 1.11448765e-01 7.25090504e-02 1.00000000e+00
142 P st 43 cl 0 sigma 0.17627  G 6.79254532e-02 1.33752823e-01 5.75423241e-02 1.00000000e+00
142 P st 46 cl 0 sigma 0.17627  G 1.17063522e-01 -6.59883022e-02 8.64923000e-02 1.00000000e+00
142 P st 47 cl 0 sigma 0.17627  G -5.11348248e-02 -1.06817484e-01 1.02502108e-01 1.00000000e+00
142 S st 16 cl 1 sigma 0.13790  G 9.07778740e-02 1.71279907e-01 1.95348263e-01 1.00000000e+00
142 S st 20 cl 1 sigma 0.13790  G 2.05302238e-01 1.42073631e-01 1.18923187e-01 1.00000000e+00
142 S st 29 cl 1 sigma 0.13790  G -1.15013123e-01 -2.29239464e-01 1.03807449e-01 1.00000000e+00
142 S st 31 cl 0 sigma 0.10762  G 2.82168388e-02 -2.38060951e-01 1.39570236e-01 1.00000000e+00
142 S st 33 cl 1 sigma 0.13790  G 2.71463394e-01 -4.73022461e-02 4.21762466e-02 1.00000000e+00
142 S st 37 cl 1 sigma 0.13790  G -6.43730164e-02 5.49912453e-02 2.60388851e-01 1.00000000e+00
142 S st 39 cl 0 sigma 0.10762  G -1.70016289e-01 1.64484978e-01 1.43623352e-01 1.00000000e+00
142 S st 40 cl 1 sigma 0.13790  G 2.57682800e-01 9.59873199e-02 4.51564789e-02 1.00000000e+00
142 S st 47 cl 1 sigma 0.13790  G -8.84890556e-02 -1.84774399e-01 1.77335739e-01 1.00000000e+00
# EVENT 143  nrows 27  ncols 4  params[x y z ot]  hypo -8.5898 -5.4073 -1.3869
143 P st 11 cl 0 sigma 0.17627  G 7.05718994e-03 -1.79827213e-01 1.05619431e-02 1.00000000e+00
143 P st 14 cl 0 sigma 0.17627  G -1.65742636e-01 -6.99996948e-02 1.33514404e-02 1.00000000e+00
143 P st 16 cl 1 sigma 0.40238  G -1.78331137e-01 2.41518021e-02 1.14977360e-02 1.00000000e+00
143 P st 19 cl 0 sigma 0.17627  G -4.55379486e-03 -1.79576874e-01 1.91926956e-02 1.00000000e+00
143 P st 20 cl 0 sigma 0.17627  G -1.70332193e-01 5.75125217e-02 1.54137611e-02 1.00000000e+00
143 P st 25 cl 0 sigma 0.17627  G -7.94529915e-02 -1.57260895e-01 -3.66926193e-02 1.00000000e+00
143 P st 28 cl 0 sigma 0.17627  G -1.09362602e-01 -1.42884254e-01 9.13143158e-03 1.00000000e+00
143 P st 31 cl 0 sigma 0.17627  G -1.43110752e-01 -1.08993053e-01 9.11951065e-03 1.00000000e+00
143 P st 33 cl 0 sigma 0.17627  G 1.36190653e-01 -1.17599964e-01 1.27792358e-02 1.00000000e+00
143 P st 36 cl 0 sigma 0.17627  G 1.74772739e-01 -4.14013863e-02 1.90734863e-02 1.00000000e+00
143 P st 37 cl 0 sigma 0.17627  G -1.79004669e-01 -1.87158585e-02 9.77516174e-03 1.00000000e+00
143 P st 38 cl 0 sigma 0.17627  G 1.62887573e-01 6.83039427e-02 4.90039587e-02 1.00000000e+00
143 P st 39 cl 0 sigma 0.17627  G -1.77383423e-01 2.23994255e-02 -5.96046448e-04 1.00000000e+00
143 P st 40 cl 0 sigma 0.17627  G 1.37692690e-01 1.15603209e-01 1.57177448e-02 1.00000000e+00
143 P st 42 cl 1 sigma 0.40238  G -1.63656473e-01 7.47501850e-02 1.33991241e-02 1.00000000e+00
143 P st 43 cl 1 sigma 0.40238  G -1.45304203e-01 1.06143951e-01 1.20282173e-02 1.00000000e+00
143 P st 44 cl 0 sigma 0.17627  G 9.79959965e-02 1.50913000e-01 1.22368336e-02 1.00000000e+00
143 S st 11 cl 0 sigma 0.10762  G 1.22070312e-02 -3.11100483e-01 1.82747841e-02 1.00000000e+00
143 S st 20 cl 0 sigma 0.10762  G -2.94697285e-01 9.95039940e-02 2.66790390e-02 1.00000000e+00
143 S st 25 cl 0 sigma 0.10762  G -1.37448311e-01 -2.72083282e-01 -6.34431839e-02 1.00000000e+00
143 S st 31 cl 1 sigma 0.13790  G -2.47621536e-01 -1.88589096e-01 1.58071518e-02 1.00000000e+00
143 S st 33 cl 0 sigma 0.10762  G 2.35593319e-01 -2.03430653e-01 2.21014023e-02 1.00000000e+00
143 S st 36 cl 1 sigma 0.13790  G 3.02374363e-01 -7.16209412e-02 3.29971313e-02 1.00000000e+00
143 S st 37 cl 1 sigma 0.13790  G -3.09681892e-01 -3.24010849e-02 1.69038773e-02 1.00000000e+00
143 S st 38 cl 1 sigma 0.13790  G 2.81798840e-01 1.18166208e-01 8.47816467e-02 1.00000000e+00
143 S st 39 cl 1 sigma 0.13790  G -3.06868553e-01 3.86953354e-02 -1.02519989e-03 1.00000000e+00
143 S st 40 cl 0 sigma 0.10762  G 2.38239765e-01 1.99973583e-01 2.71797180e-02 1.00000000e+00
# EVENT 144  nrows 15  ncols 4  params[x y z ot]  hypo -8.3388 -6.3211 -0.6052
144 P st 18 cl 0 sigma 0.17627  G -1.09481812e-01 -1.19078159e-01 -8.13722610e-02 1.00000000e+00
144 P st 19 cl 0 sigma 0.17627  G 5.14388084e-03 -1.76846981e-01 3.21805477e-02 1.00000000e+00
144 P st 20 cl 0 sigma 0.17627  G -1.73628330e-01 2.93195248e-02 3.24010849e-02 1.00000000e+00
144 P st 25 cl 1 sigma 0.40238  G -6.74724579e-02 -1.46806240e-01 -8.21352005e-02 1.00000000e+00
144 P st 36 cl 0 sigma 0.17627  G 1.61582232e-01 -6.92188740e-02 3.43680382e-02 1.00000000e+00
144 P st 37 cl 1 sigma 0.40238  G -1.72519684e-01 -3.22461128e-02 9.81092453e-03 1.00000000e+00
144 P st 38 cl 0 sigma 0.17627  G 1.44207478e-01 -2.38299370e-02 9.02861357e-02 1.00000000e+00
144 P st 40 cl 0 sigma 0.17627  G 1.52868032e-01 8.87036324e-02 3.23176384e-02 1.00000000e+00
144 P st 43 cl 0 sigma 0.17627  G -1.51622295e-01 9.44197178e-02 2.26497650e-02 1.00000000e+00
144 P st 44 cl 0 sigma 0.17627  G 1.10709667e-01 1.40231848e-01 2.29418278e-02 1.00000000e+00
144 S st 18 cl 1 sigma 0.13790  G -1.89375877e-01 -2.06041336e-01 -1.40762329e-01 1.00000000e+00
144 S st 20 cl 0 sigma 0.10762  G -3.00371647e-01 5.07235527e-02 5.60402870e-02 1.00000000e+00
144 S st 36 cl 1 sigma 0.13790  G 2.79545784e-01 -1.19733810e-01 5.94496727e-02 1.00000000e+00
144 S st 38 cl 1 sigma 0.13790  G 2.49469280e-01 -4.12225723e-02 1.56199932e-01 1.00000000e+00
144 S st 44 cl 0 sigma 0.10762  G 1.91533566e-01 2.42590904e-01 3.96966934e-02 1.00000000e+00
# EVENT 145  nrows 16  ncols 4  params[x y z ot]  hypo -10.6996 -5.2545 2.7022
145 P st 16 cl 1 sigma 0.40238  G -1.53934956e-01 1.89900398e-02 4.64677811e-02 1.00000000e+00
145 P st 18 cl 0 sigma 0.17627  G -1.22749805e-01 -1.01113319e-01 2.76327133e-02 1.00000000e+00
145 P st 19 cl 0 sigma 0.17627  G -5.93423843e-02 -1.06328726e-01 1.09720230e-01 1.00000000e+00
145 P st 20 cl 0 sigma 0.17627  G -1.41662359e-01 3.69310379e-02 7.09354877e-02 1.00000000e+00
145 P st 31 cl 1 sigma 0.40238  G -1.34217739e-01 -8.27550888e-02 3.52382660e-02 1.00000000e+00
145 P st 34 cl 0 sigma 0.17627  G -1.02823973e-01 -8.57353210e-02 9.19818878e-02 1.00000000e+00
145 P st 36 cl 0 sigma 0.17627  G 6.71088696e-02 -2.69830227e-02 1.43361092e-01 1.00000000e+00
145 P st 38 cl 0 sigma 0.17627  G -1.81317329e-02 2.41100788e-02 1.56354904e-01 1.00000000e+00
145 P st 40 cl 0 sigma 0.17627  G 5.51998615e-02 1.00314617e-01 1.16658211e-01 1.00000000e+00
145 P st 42 cl 1 sigma 0.40238  G -1.41823292e-01 5.15341759e-02 5.86986542e-02 1.00000000e+00
145 P st 44 cl 0 sigma 0.17627  G 4.60743904e-02 1.36321783e-01 7.14480877e-02 1.00000000e+00
145 S st 18 cl 1 sigma 0.13790  G -2.12383270e-01 -1.74903870e-01 4.78029251e-02 1.00000000e+00
145 S st 19 cl 1 sigma 0.13790  G -1.02663040e-01 -1.83963776e-01 1.89805031e-01 1.00000000e+00
145 S st 31 cl 1 sigma 0.13790  G -2.32219696e-01 -1.43146515e-01 6.09397888e-02 1.00000000e+00
145 S st 40 cl 1 sigma 0.13790  G 9.55104828e-02 1.73532963e-01 2.01845169e-01 1.00000000e+00
145 S st 44 cl 0 sigma 0.10762  G 7.97033310e-02 2.35831738e-01 1.23596191e-01 1.00000000e+00
# EVENT 146  nrows 31  ncols 4  params[x y z ot]  hypo -8.4033 -5.6072 -1.3069
146 P st 11 cl 0 sigma 0.17627  G 1.00731850e-02 -1.79636478e-01 1.04427338e-02 1.00000000e+00
146 P st 14 cl 0 sigma 0.17627  G -1.62899494e-01 -7.61568546e-02 1.34468079e-02 1.00000000e+00
146 P st 16 cl 0 sigma 0.17627  G -1.78694725e-01 2.06351280e-02 1.16705894e-02 1.00000000e+00
146 P st 19 cl 0 sigma 0.17627  G 3.38554382e-03 -1.79326534e-01 1.84893608e-02 1.00000000e+00
146 P st 20 cl 0 sigma 0.17627  G -1.71554089e-01 5.31971455e-02 1.59382820e-02 1.00000000e+00
146 P st 21 cl 1 sigma 0.40238  G -4.53710556e-02 -1.54864788e-01 -9.06229019e-02 1.00000000e+00
146 P st 28 cl 1 sigma 0.40238  G -1.06275082e-01 -1.45089626e-01 9.08374786e-03 1.00000000e+00
146 P st 31 cl 0 sigma 0.17627  G -1.40678883e-01 -1.12020969e-01 9.15527344e-03 1.00000000e+00
146 P st 33 cl 0 sigma 0.17627  G 1.35695934e-01 -1.18058920e-01 1.25288963e-02 1.00000000e+00
146 P st 34 cl 0 sigma 0.17627  G -8.22722912e-02 -1.59388781e-01 1.78337097e-02 1.00000000e+00
146 P st 36 cl 0 sigma 0.17627  G 1.73133612e-01 -4.71532345e-02 1.82390213e-02 1.00000000e+00
146 P st 37 cl 0 sigma 0.17627  G -1.78551674e-01 -2.21014023e-02 9.85860825e-03 1.00000000e+00
146 P st 38 cl 0 sigma 0.17627  G 1.68883801e-01 4.28289175e-02 4.55796719e-02 1.00000000e+00
146 P st 40 cl 0 sigma 0.17627  G 1.43283606e-01 1.08301640e-01 1.56641006e-02 1.00000000e+00
146 P st 42 cl 0 sigma 0.17627  G -1.64669752e-01 7.22467899e-02 1.36673450e-02 1.00000000e+00
146 P st 43 cl 0 sigma 0.17627  G -1.45870447e-01 1.05214119e-01 1.22487545e-02 1.00000000e+00
146 P st 44 cl 0 sigma 0.17627  G 1.02776289e-01 1.47598982e-01 1.22904778e-02 1.00000000e+00
146 P st 45 cl 0 sigma 0.17627  G -1.37674809e-01 1.15835667e-01 9.87052917e-03 1.00000000e+00
146 P st 46 cl 0 sigma 0.17627  G -1.39939785e-01 -1.12992525e-01 1.25944614e-02 1.00000000e+00
146 P st 47 cl 0 sigma 0.17627  G -1.60109997e-01 -8.08119774e-02 6.67572021e-03 1.00000000e+00
146 S st 11 cl 0 sigma 0.10762  G 1.74045563e-02 -3.10766697e-01 1.80602074e-02 1.00000000e+00
146 S st 16 cl 1 sigma 0.13790  G -3.09133530e-01 3.57151031e-02 2.01940536e-02 1.00000000e+00
146 S st 19 cl 1 sigma 0.13790  G 5.85317612e-03 -3.10230255e-01 3.19957733e-02 1.00000000e+00
146 S st 20 cl 0 sigma 0.10762  G -2.96795368e-01 9.20414925e-02 2.75731087e-02 1.00000000e+00
146 S st 21 cl 1 sigma 0.13790  G -7.84873962e-02 -2.67934799e-01 -1.56760216e-01 1.00000000e+00
146 S st 33 cl 1 sigma 0.13790  G 2.34735012e-01 -2.04229355e-01 2.16603279e-02 1.00000000e+00
146 S st 37 cl 1 sigma 0.13790  G -3.08918953e-01 -3.82423401e-02 1.70707703e-02 1.00000000e+00
146 S st 40 cl 1 sigma 0.13790  G 2.47883797e-01 1.87361240e-01 2.70962715e-02 1.00000000e+00
146 S st 42 cl 0 sigma 0.10762  G -2.84862518e-01 1.25002861e-01 2.36272812e-02 1.00000000e+00
146 S st 43 cl 1 sigma 0.13790  G -2.52366066e-01 1.82008743e-01 2.12073326e-02 1.00000000e+00
146 S st 44 cl 0 sigma 0.10762  G 1.77800655e-01 2.55370140e-01 2.12550163e-02 1.00000000e+00
# EVENT 147  nrows 26  ncols 4  params[x y z ot]  hypo -8.5280 -6.2906 2.3738
147 P st 10 cl 1 sigma 0.40238  G 2.92420387e-02 -1.55699253e-01 2.98500061e-02 1.00000000e+00
147 P st 16 cl 0 sigma 0.17627  G -1.52450800e-01 5.60879707e-03 4.98950481e-02 1.00000000e+00
147 P st 18 cl 0 sigma 0.17627  G -1.08933449e-01 -1.16252899e-01 2.38895416e-02 1.00000000e+00
147 P st 19 cl 0 sigma 0.17627  G -1.14440918e-03 -1.31744146e-01 9.12308693e-02 1.00000000e+00
147 P st 20 cl 0 sigma 0.17627  G -1.32060051e-01 2.22682953e-02 8.85069370e-02 1.00000000e+00
147 P st 25 cl 0 sigma 0.17627  G -6.81161880e-02 -1.44124031e-01 2.36511230e-02 1.00000000e+00
147 P st 31 cl 0 sigma 0.17627  G -1.20115280e-01 -1.02710724e-01 3.18169594e-02 1.00000000e+00
147 P st 33 cl 0 sigma 0.17627  G 1.06489658e-01 -1.07282400e-01 5.47885895e-02 1.00000000e+00
147 P st 34 cl 0 sigma 0.17627  G -5.67615032e-02 -1.21456385e-01 8.86797905e-02 1.00000000e+00
147 P st 36 cl 0 sigma 0.17627  G 1.14977360e-01 -5.06162643e-02 9.94622707e-02 1.00000000e+00
147 P st 38 cl 0 sigma 0.17627  G 6.26087189e-02 -1.03831291e-02 1.48111582e-01 1.00000000e+00
147 P st 39 cl 0 sigma 0.17627  G -1.58262253e-01 1.05261803e-02 2.84433365e-02 1.00000000e+00
147 P st 40 cl 0 sigma 0.17627  G 1.08385086e-01 6.65068626e-02 9.38177109e-02 1.00000000e+00
147 P st 42 cl 0 sigma 0.17627  G -1.36804581e-01 4.45306301e-02 6.90340996e-02 1.00000000e+00
147 P st 43 cl 0 sigma 0.17627  G -1.28352642e-01 7.83324242e-02 5.69820404e-02 1.00000000e+00
147 P st 44 cl 0 sigma 0.17627  G 8.98003578e-02 1.19048357e-01 6.04867935e-02 1.00000000e+00
147 S st 16 cl 1 sigma 0.13790  G -2.63738632e-01 9.71555710e-03 8.63075256e-02 1.00000000e+00
147 S st 18 cl 0 sigma 0.10762  G -1.88446045e-01 -2.01153755e-01 4.13417816e-02 1.00000000e+00
147 S st 20 cl 0 sigma 0.10762  G -2.28452682e-01 3.85046005e-02 1.53112411e-01 1.00000000e+00
147 S st 25 cl 1 sigma 0.13790  G -1.17850304e-01 -2.49338150e-01 4.09126282e-02 1.00000000e+00
147 S st 31 cl 1 sigma 0.13790  G -2.07781792e-01 -1.77669525e-01 5.50270081e-02 1.00000000e+00
147 S st 33 cl 1 sigma 0.13790  G 1.84237957e-01 -1.85596943e-01 9.47833061e-02 1.00000000e+00
147 S st 36 cl 0 sigma 0.10762  G 1.98912621e-01 -8.75592232e-02 1.72066689e-01 1.00000000e+00
147 S st 38 cl 1 sigma 0.13790  G 1.08313560e-01 -1.79529190e-02 2.56240368e-01 1.00000000e+00
147 S st 39 cl 1 sigma 0.13790  G -2.73823738e-01 1.82151794e-02 4.91857529e-02 1.00000000e+00
147 S st 40 cl 1 sigma 0.13790  G 1.87492371e-01 1.15048885e-01 1.62327290e-01 1.00000000e+00
# EVENT 148  nrows 31  ncols 4  params[x y z ot]  hypo -6.3014 -6.2643 0.8770
148 P st 11 cl 0 sigma 0.17627  G 3.72767448e-02 -1.56426430e-01 1.16229057e-02 1.00000000e+00
148 P st 14 cl 0 sigma 0.17627  G -1.17379427e-01 -1.02180243e-01 3.39984894e-02 1.00000000e+00
148 P st 16 cl 0 sigma 0.17627  G -1.58542395e-01 8.42809677e-03 2.40385532e-02 1.00000000e+00
148 P st 18 cl 0 sigma 0.17627  G -9.72747803e-02 -1.28245354e-01 8.90493393e-03 1.00000000e+00
148 P st 20 cl 0 sigma 0.17627  G -1.31553411e-01 4.05609608e-02 8.37624073e-02 1.00000000e+00
148 P st 21 cl 0 sigma 0.17627  G -2.87532806e-02 -1.58441067e-01 6.77108765e-03 1.00000000e+00
148 P st 25 cl 0 sigma 0.17627  G -5.04612923e-02 -1.52873993e-01 8.52346420e-03 1.00000000e+00
148 P st 28 cl 0 sigma 0.17627  G -7.15732574e-02 -1.44040585e-01 1.10626221e-02 1.00000000e+00
148 P st 29 cl 0 sigma 0.17627  G -1.23775005e-01 -1.02913380e-01 9.05990601e-03 1.00000000e+00
148 P st 31 cl 0 sigma 0.17627  G -1.08265877e-01 -1.18851662e-01 1.16229057e-02 1.00000000e+00
148 P st 33 cl 0 sigma 0.17627  G 1.30069256e-01 -9.41038132e-02 1.36733055e-02 1.00000000e+00
148 P st 34 cl 0 sigma 0.17627  G 1.53779984e-03 -1.52587891e-01 4.55141068e-02 1.00000000e+00
148 P st 36 cl 0 sigma 0.17627  G 1.52325630e-01 -4.34696674e-02 2.51531601e-02 1.00000000e+00
148 P st 37 cl 0 sigma 0.17627  G -1.56748295e-01 -3.47137451e-02 1.41143799e-02 1.00000000e+00
148 P st 38 cl 0 sigma 0.17627  G 1.43408775e-01 -8.77380371e-03 6.43253326e-02 1.00000000e+00
148 P st 40 cl 0 sigma 0.17627  G 1.47116184e-01 5.93245029e-02 2.35378742e-02 1.00000000e+00
148 P st 42 cl 0 sigma 0.17627  G -1.35433674e-01 6.78122044e-02 4.62055206e-02 1.00000000e+00
148 P st 44 cl 0 sigma 0.17627  G 1.19471550e-01 1.06954575e-01 1.52945518e-02 1.00000000e+00
148 P st 47 cl 0 sigma 0.17627  G -1.33514404e-01 -8.96692276e-02 1.09791756e-02 1.00000000e+00
148 S st 11 cl 0 sigma 0.10762  G 6.44922256e-02 -2.70628929e-01 2.00986862e-02 1.00000000e+00
148 S st 14 cl 0 sigma 0.10762  G -2.03061104e-01 -1.76763535e-01 5.88178635e-02 1.00000000e+00
148 S st 18 cl 0 sigma 0.10762  G -1.68299675e-01 -2.21872330e-01 1.54256821e-02 1.00000000e+00
148 S st 25 cl 1 sigma 0.13790  G -8.73088837e-02 -2.64453888e-01 1.47819519e-02 1.00000000e+00
148 S st 28 cl 1 sigma 0.13790  G -1.23834610e-01 -2.49195099e-01 1.91450119e-02 1.00000000e+00
148 S st 29 cl 1 sigma 0.13790  G -2.14123726e-01 -1.78027153e-01 1.56879425e-02 1.00000000e+00
148 S st 33 cl 1 sigma 0.13790  G 2.25007534e-01 -1.62780285e-01 2.36511230e-02 1.00000000e+00
148 S st 34 cl 0 sigma 0.10762  G 2.67028809e-03 -2.63988972e-01 7.87496567e-02 1.00000000e+00
148 S st 36 cl 1 sigma 0.13790  G 2.63535976e-01 -7.51972198e-02 4.35113907e-02 1.00000000e+00
148 S st 37 cl 1 sigma 0.13790  G -2.71165371e-01 -6.00457191e-02 2.44140625e-02 1.00000000e+00
148 S st 40 cl 0 sigma 0.10762  G 2.54511833e-01 1.02603436e-01 4.07218933e-02 1.00000000e+00
148 S st 44 cl 0 sigma 0.10762  G 2.06685066e-01 1.85048580e-01 2.64644623e-02 1.00000000e+00
# EVENT 149  nrows 23  ncols 4  params[x y z ot]  hypo -6.7512 -5.9559 1.4496
149 P st 14 cl 0 sigma 0.17627  G -1.22749805e-01 -8.78453255e-02 5.17070293e-02 1.00000000e+00
149 P st 16 cl 0 sigma 0.17627  G -1.54948235e-01 1.44422054e-02 3.72231007e-02 1.00000000e+00
149 P st 18 cl 0 sigma 0.17627  G -1.01411343e-01 -1.24394894e-01 1.44243240e-02 1.00000000e+00
149 P st 20 cl 0 sigma 0.17627  G -1.23089552e-01 4.42266464e-02 8.99612904e-02 1.00000000e+00
149 P st 21 cl 1 sigma 0.40238  G -3.24845314e-02 -1.57487392e-01 1.07884407e-02 1.00000000e+00
149 P st 22 cl 0 sigma 0.17627  G -6.30140305e-02 -1.47914886e-01 1.11579895e-02 1.00000000e+00
149 P st 26 cl 1 sigma 0.40238  G -1.05679035e-01 -1.21092796e-01 1.17540359e-02 1.00000000e+00
149 P st 28 cl 0 sigma 0.17627  G -7.74502754e-02 -1.39939785e-01 1.88827515e-02 1.00000000e+00
149 P st 29 cl 0 sigma 0.17627  G -1.26779079e-01 -9.83715057e-02 1.45792961e-02 1.00000000e+00
149 P st 31 cl 0 sigma 0.17627  G -1.13046169e-01 -1.13010406e-01 1.97768211e-02 1.00000000e+00
149 P st 34 cl 0 sigma 0.17627  G -1.28269196e-02 -1.37728453e-01 7.15553761e-02 1.00000000e+00
149 P st 36 cl 0 sigma 0.17627  G 1.47140026e-01 -3.76045704e-02 4.72724438e-02 1.00000000e+00
149 P st 37 cl 0 sigma 0.17627  G -1.56497955e-01 -2.81572342e-02 2.38060951e-02 1.00000000e+00
149 P st 38 cl 0 sigma 0.17627  G 1.18529797e-01 2.75373459e-03 9.79661942e-02 1.00000000e+00
149 P st 40 cl 0 sigma 0.17627  G 1.38598680e-01 6.73592091e-02 4.25755978e-02 1.00000000e+00
149 P st 43 cl 0 sigma 0.17627  G -1.15066767e-01 1.01703405e-01 4.11033630e-02 1.00000000e+00
149 P st 47 cl 0 sigma 0.17627  G -1.36351585e-01 -8.38160515e-02 1.82509422e-02 1.00000000e+00
149 S st 14 cl 0 sigma 0.10762  G -2.12359428e-01 -1.51979923e-01 8.94546509e-02 1.00000000e+00
149 S st 18 cl 0 sigma 0.10762  G -1.75452232e-01 -2.15172768e-01 2.49385834e-02 1.00000000e+00
149 S st 20 cl 1 sigma 0.13790  G -2.12943554e-01 7.65085220e-02 1.55627728e-01 1.00000000e+00
149 S st 31 cl 1 sigma 0.13790  G -1.95550919e-01 -1.95515156e-01 3.42369080e-02 1.00000000e+00
149 S st 34 cl 0 sigma 0.10762  G -2.21967697e-02 -2.38263607e-01 1.23786926e-01 1.00000000e+00
149 S st 40 cl 0 sigma 0.10762  G 2.39777565e-01 1.16515160e-01 7.36713409e-02 1.00000000e+00
# EVENT 150  nrows 20  ncols 4  params[x y z ot]  hypo -7.1910 -5.6781 -0.0427
150 P st 11 cl 0 sigma 0.17627  G 2.75135040e-02 -1.63304806e-01 -1.90615654e-02 1.00000000e+00
150 P st 12 cl 0 sigma 0.17627  G -7.23600388e-03 -1.73890591e-01 2.77817249e-02 1.00000000e+00
150 P st 13 cl 0 sigma 0.17627  G -5.52892685e-02 -1.66553259e-01 4.09603119e-02 1.00000000e+00
150 P st 14 cl 0 sigma 0.17627  G -1.49786472e-01 -8.92937183e-02 4.65929508e-02 1.00000000e+00
150 P st 15 cl 0 sigma 0.17627  G -1.73062086e-01 -2.15709209e-02 4.51028347e-02 1.00000000e+00
150 P st 16 cl 0 sigma 0.17627  G -1.73681974e-01 2.16484070e-02 3.55660915e-02 1.00000000e+00
150 P st 19 cl 0 sigma 0.17627  G 4.82678413e-02 -1.63787603e-01 5.81204891e-02 1.00000000e+00
150 P st 31 cl 0 sigma 0.17627  G -1.20341778e-01 -1.10304356e-01 -4.36425209e-02 1.00000000e+00
150 P st 36 cl 1 sigma 0.40238  G 1.69271231e-01 -3.82661819e-02 4.90963459e-02 1.00000000e+00
150 P st 37 cl 0 sigma 0.17627  G -1.65212154e-01 -2.39968300e-02 -7.79628754e-03 1.00000000e+00
150 P st 38 cl 0 sigma 0.17627  G 1.52379274e-01 1.87098980e-02 8.63015652e-02 1.00000000e+00
150 P st 40 cl 0 sigma 0.17627  G 1.51610374e-01 8.72731209e-02 4.41312790e-02 1.00000000e+00
150 P st 44 cl 0 sigma 0.17627  G 1.14679337e-01 1.29520893e-01 2.40564346e-02 1.00000000e+00
150 S st 11 cl 1 sigma 0.13790  G 4.76121902e-02 -2.82526016e-01 -3.29852104e-02 1.00000000e+00
150 S st 15 cl 1 sigma 0.13790  G -2.99382210e-01 -3.73125076e-02 7.80344009e-02 1.00000000e+00
150 S st 16 cl 1 sigma 0.13790  G -3.00467014e-01 3.74436378e-02 6.15239143e-02 1.00000000e+00
150 S st 19 cl 1 sigma 0.13790  G 8.35061073e-02 -2.83336639e-01 1.00529194e-01 1.00000000e+00
150 S st 36 cl 1 sigma 0.13790  G 2.92837620e-01 -6.62088394e-02 8.49366188e-02 1.00000000e+00
150 S st 40 cl 1 sigma 0.13790  G 2.62272358e-01 1.50990486e-01 7.63654709e-02 1.00000000e+00
150 S st 44 cl 0 sigma 0.10762  G 1.98400021e-01 2.24089622e-01 4.16040421e-02 1.00000000e+00
# EVENT 151  nrows 27  ncols 4  params[x y z ot]  hypo -7.8348 -5.6161 -0.9264
151 P st 10 cl 0 sigma 0.17627  G 4.27961349e-02 -1.71065331e-01 -2.23398209e-02 1.00000000e+00
151 P st 11 cl 0 sigma 0.17627  G 1.94787979e-02 -1.78372860e-01 1.59978867e-02 1.00000000e+00
151 P st 12 cl 0 sigma 0.17627  G -2.11119652e-02 -1.78217888e-01 2.09450722e-02 1.00000000e+00
151 P st 13 cl 0 sigma 0.17627  G -7.18712807e-02 -1.64270401e-01 2.45034695e-02 1.00000000e+00
151 P st 15 cl 0 sigma 0.17627  G -1.78354979e-01 -1.83820724e-02 2.51948833e-02 1.00000000e+00
151 P st 16 cl 0 sigma 0.17627  G -1.78140402e-01 2.18033791e-02 2.13861465e-02 1.00000000e+00
151 P st 18 cl 0 sigma 0.17627  G -1.13570690e-01 -1.21867657e-01 -7.59124756e-02 1.00000000e+00
151 P st 19 cl 0 sigma 0.17627  G 2.63929367e-02 -1.75726414e-01 3.65436077e-02 1.00000000e+00
151 P st 20 cl 0 sigma 0.17627  G -1.68240070e-01 5.85615635e-02 3.44038010e-02 1.00000000e+00
151 P st 21 cl 0 sigma 0.17627  G -4.11629677e-02 -1.55830383e-01 -8.48770142e-02 1.00000000e+00
151 P st 31 cl 0 sigma 0.17627  G -1.36256218e-01 -1.15287304e-01 2.56299973e-03 1.00000000e+00
151 P st 33 cl 0 sigma 0.17627  G 1.40476227e-01 -1.11675262e-01 2.14159489e-02 1.00000000e+00
151 P st 34 cl 0 sigma 0.17627  G -6.20543957e-02 -1.66541338e-01 3.72529030e-02 1.00000000e+00
151 P st 36 cl 0 sigma 0.17627  G 1.73389912e-01 -4.21047211e-02 3.27646732e-02 1.00000000e+00
151 P st 37 cl 0 sigma 0.17627  G -1.77717209e-01 -2.32815742e-02 1.44720078e-02 1.00000000e+00
151 P st 38 cl 0 sigma 0.17627  G 1.67331100e-01 3.10450792e-02 7.01844692e-02 1.00000000e+00
151 P st 40 cl 0 sigma 0.17627  G 1.49005651e-01 9.91225243e-02 2.85565853e-02 1.00000000e+00
151 P st 43 cl 1 sigma 0.40238  G -1.41078234e-01 1.10793114e-01 2.26616859e-02 1.00000000e+00
151 S st 10 cl 1 sigma 0.13790  G 7.40289688e-02 -2.95925140e-01 -3.86476517e-02 1.00000000e+00
151 S st 11 cl 1 sigma 0.13790  G 3.37123871e-02 -3.08573246e-01 2.76565552e-02 1.00000000e+00
151 S st 12 cl 1 sigma 0.13790  G -3.65257263e-02 -3.08310986e-01 3.62515450e-02 1.00000000e+00
151 S st 16 cl 1 sigma 0.13790  G -3.08167934e-01 3.77178192e-02 3.69906425e-02 1.00000000e+00
151 S st 18 cl 0 sigma 0.10762  G -1.96409225e-01 -2.10857391e-01 -1.31273270e-01 1.00000000e+00
151 S st 20 cl 0 sigma 0.10762  G -2.91061401e-01 1.01315975e-01 5.95092773e-02 1.00000000e+00
151 S st 33 cl 1 sigma 0.13790  G 2.43043900e-01 -1.93190575e-01 3.70264053e-02 1.00000000e+00
151 S st 36 cl 0 sigma 0.10762  G 2.99978256e-01 -7.28607178e-02 5.66720963e-02 1.00000000e+00
151 S st 40 cl 0 sigma 0.10762  G 2.57790089e-01 1.71482563e-01 4.94003296e-02 1.00000000e+00
# EVENT 152  nrows 38  ncols 4  params[x y z ot]  hypo -8.8305 -5.8166 -0.6287
152 P st 11 cl 0 sigma 0.17627  G 2.78949738e-03 -1.78241730e-01 1.54495239e-02 1.00000000e+00
152 P st 12 cl 0 sigma 0.17627  G -4.03463840e-02 -1.74355507e-01 2.02536583e-02 1.00000000e+00
152 P st 13 cl 0 sigma 0.17627  G -8.93414021e-02 -1.54757500e-01 2.29001045e-02 1.00000000e+00
152 P st 14 cl 0 sigma 0.17627  G -1.61731243e-01 -7.58528709e-02 2.34305859e-02 1.00000000e+00
152 P st 15 cl 0 sigma 0.17627  G -1.77586079e-01 -2.05993652e-02 2.25961208e-02 1.00000000e+00
152 P st 16 cl 0 sigma 0.17627  G -1.78307295e-01 1.55627728e-02 1.95503235e-02 1.00000000e+00
152 P st 18 cl 0 sigma 0.17627  G -1.14428997e-01 -1.14476681e-01 -8.12649727e-02 1.00000000e+00
152 P st 19 cl 0 sigma 0.17627  G -1.33991241e-02 -1.75714493e-01 3.52859497e-02 1.00000000e+00
152 P st 20 cl 0 sigma 0.17627  G -1.72585249e-01 4.26054001e-02 2.94864178e-02 1.00000000e+00
152 P st 21 cl 0 sigma 0.17627  G -4.78625298e-02 -1.53863430e-01 -8.48770142e-02 1.00000000e+00
152 P st 23 cl 1 sigma 0.40238  G 5.24282455e-02 -1.52766705e-01 -8.25762749e-02 1.00000000e+00
152 P st 29 cl 0 sigma 0.17627  G -1.35302544e-01 -8.85605812e-02 -8.17775726e-02 1.00000000e+00
152 P st 31 cl 0 sigma 0.17627  G -1.33454800e-01 -1.04594231e-01 -1.50918961e-02 1.00000000e+00
152 P st 33 cl 0 sigma 0.17627  G 1.27893686e-01 -1.24883652e-01 2.27153301e-02 1.00000000e+00
152 P st 34 cl 0 sigma 0.17627  G -8.98361206e-02 -1.51652098e-01 3.30030918e-02 1.00000000e+00
152 P st 36 cl 0 sigma 0.17627  G 1.64884329e-01 -5.84244728e-02 3.92973423e-02 1.00000000e+00
152 P st 37 cl 0 sigma 0.17627  G -1.72257423e-01 -2.35795975e-02 5.29289246e-03 1.00000000e+00
152 P st 38 cl 0 sigma 0.17627  G 1.22037530e-01 2.11000443e-02 1.16723776e-01 1.00000000e+00
152 P st 39 cl 0 sigma 0.17627  G -1.63757801e-01 1.58548355e-02 -5.83529472e-02 1.00000000e+00
152 P st 40 cl 0 sigma 0.17627  G 1.38586760e-01 1.08850002e-01 3.31103802e-02 1.00000000e+00
152 P st 42 cl 0 sigma 0.17627  G -1.66833401e-01 6.34968281e-02 2.43663788e-02 1.00000000e+00
152 P st 43 cl 0 sigma 0.17627  G -1.49989128e-01 9.75131989e-02 2.12073326e-02 1.00000000e+00
152 P st 44 cl 0 sigma 0.17627  G 9.77456570e-02 1.49619579e-01 2.26676464e-02 1.00000000e+00
152 P st 46 cl 0 sigma 0.17627  G -1.40625238e-01 -1.10566616e-01 2.15172768e-02 1.00000000e+00
152 P st 47 cl 0 sigma 0.17627  G -1.49106979e-01 -7.51733780e-02 -4.38928604e-02 1.00000000e+00
152 S st 11 cl 0 sigma 0.10762  G 4.83989716e-03 -3.08358669e-01 2.67267227e-02 1.00000000e+00
152 S st 12 cl 0 sigma 0.10762  G -6.97970390e-02 -3.01635265e-01 3.50594521e-02 1.00000000e+00
152 S st 15 cl 1 sigma 0.13790  G -3.07226181e-01 -3.56197357e-02 3.91006470e-02 1.00000000e+00
152 S st 16 cl 1 sigma 0.13790  G -3.08477879e-01 2.69412994e-02 3.38315964e-02 1.00000000e+00
152 S st 18 cl 0 sigma 0.10762  G -1.97958946e-01 -1.98006630e-01 -1.40595436e-01 1.00000000e+00
152 S st 19 cl 1 sigma 0.13790  G -2.31862068e-02 -3.03983688e-01 6.10470772e-02 1.00000000e+00
152 S st 20 cl 0 sigma 0.10762  G -2.98547745e-01 7.37190247e-02 5.09977341e-02 1.00000000e+00
152 S st 21 cl 0 sigma 0.10762  G -8.28027725e-02 -2.66218185e-01 -1.46889687e-01 1.00000000e+00
152 S st 23 cl 1 sigma 0.13790  G 9.06944275e-02 -2.64310837e-01 -1.42860413e-01 1.00000000e+00
152 S st 33 cl 0 sigma 0.10762  G 2.21276283e-01 -2.16054916e-01 3.92913818e-02 1.00000000e+00
152 S st 34 cl 0 sigma 0.10762  G -1.55413151e-01 -2.62367725e-01 5.70893288e-02 1.00000000e+00
152 S st 40 cl 0 sigma 0.10762  G 2.39765644e-01 1.88314915e-01 5.72919846e-02 1.00000000e+00
152 S st 44 cl 0 sigma 0.10762  G 1.69086456e-01 2.58839130e-01 3.92198563e-02 1.00000000e+00
# EVENT 153  nrows 26  ncols 4  params[x y z ot]  hypo -8.9610 -5.2162 0.6743
153 P st 11 cl 0 sigma 0.17627  G 6.19888306e-04 -1.60896778e-01 1.31964684e-02 1.00000000e+00
153 P st 12 cl 0 sigma 0.17627  G -4.11450863e-02 -1.55234337e-01 1.70826912e-02 1.00000000e+00
153 P st 14 cl 0 sigma 0.17627  G -1.50245428e-01 -5.56945801e-02 2.11536884e-02 1.00000000e+00
153 P st 15 cl 0 sigma 0.17627  G -1.60348415e-01 -5.79357147e-03 1.88589096e-02 1.00000000e+00
153 P st 16 cl 0 sigma 0.17627  G -1.59001350e-01 2.39431858e-02 1.44064426e-02 1.00000000e+00
153 P st 18 cl 0 sigma 0.17627  G -1.17385387e-01 -1.10292435e-01 8.41617584e-03 1.00000000e+00
153 P st 19 cl 0 sigma 0.17627  G -1.79529190e-02 -1.48195028e-01 5.85913658e-02 1.00000000e+00
153 P st 20 cl 0 sigma 0.17627  G -1.49792433e-01 5.23626804e-02 3.07559967e-02 1.00000000e+00
153 P st 31 cl 0 sigma 0.17627  G -1.30927563e-01 -9.37581062e-02 1.05381012e-02 1.00000000e+00
153 P st 33 cl 0 sigma 0.17627  G 1.19817257e-01 -1.06376410e-01 2.15709209e-02 1.00000000e+00
153 P st 34 cl 0 sigma 0.17627  G -9.01281834e-02 -1.23840570e-01 4.87565994e-02 1.00000000e+00
153 P st 36 cl 0 sigma 0.17627  G 1.44809484e-01 -3.04162502e-02 6.24358654e-02 1.00000000e+00
153 P st 37 cl 0 sigma 0.17627  G -1.60419941e-01 -1.37209892e-02 1.11341476e-02 1.00000000e+00
153 P st 38 cl 0 sigma 0.17627  G 5.98758459e-02 4.36246395e-02 1.40130520e-01 1.00000000e+00
153 P st 40 cl 0 sigma 0.17627  G 1.12783909e-01 1.09982491e-01 3.81886959e-02 1.00000000e+00
153 P st 42 cl 0 sigma 0.17627  G -1.45661831e-01 6.69896603e-02 2.05278397e-02 1.00000000e+00
153 P st 44 cl 0 sigma 0.17627  G 8.05616379e-02 1.38890743e-01 1.76489353e-02 1.00000000e+00
153 P st 47 cl 0 sigma 0.17627  G -1.46710873e-01 -6.64472580e-02 9.69171524e-03 1.00000000e+00
153 S st 11 cl 1 sigma 0.13790  G 1.08480453e-03 -2.78353691e-01 2.28285789e-02 1.00000000e+00
153 S st 12 cl 1 sigma 0.13790  G -7.11798668e-02 -2.68566608e-01 2.95519829e-02 1.00000000e+00
153 S st 18 cl 0 sigma 0.10762  G -2.03084946e-01 -1.90830231e-01 1.45673752e-02 1.00000000e+00
153 S st 19 cl 1 sigma 0.13790  G -3.10659409e-02 -2.56395340e-01 1.01363659e-01 1.00000000e+00
153 S st 33 cl 1 sigma 0.13790  G 2.07269192e-01 -1.84035301e-01 3.73244286e-02 1.00000000e+00
153 S st 37 cl 1 sigma 0.13790  G -2.77543068e-01 -2.37464905e-02 1.92403793e-02 1.00000000e+00
153 S st 44 cl 0 sigma 0.10762  G 1.39355659e-01 2.40266323e-01 3.05294991e-02 1.00000000e+00
153 S st 47 cl 1 sigma 0.13790  G -2.53796577e-01 -1.14917755e-01 1.67608261e-02 1.00000000e+00
# EVENT 154  nrows 52  ncols 4  params[x y z ot]  hypo -8.6865 -5.1533 -0.2518
154 P st 10 cl 0 sigma 0.17627  G 3.12924385e-02 -1.62792206e-01 -6.31928444e-02 1.00000000e+00
154 P st 11 cl 0 sigma 0.17627  G 5.30481339e-03 -1.72233582e-01 -1.82390213e-03 1.00000000e+00
154 P st 12 cl 0 sigma 0.17627  G -3.99053097e-02 -1.71554089e-01 3.09884548e-02 1.00000000e+00
154 P st 13 cl 0 sigma 0.17627  G -9.29236412e-02 -1.50287151e-01 4.00662422e-02 1.00000000e+00
154 P st 14 cl 0 sigma 0.17627  G -1.65343285e-01 -6.22808933e-02 3.98278236e-02 1.00000000e+00
154 P st 15 cl 0 sigma 0.17627  G -1.76697969e-01 -5.11407852e-03 3.64661217e-02 1.00000000e+00
154 P st 16 cl 0 sigma 0.17627  G -1.72096491e-01 2.78890133e-02 1.80065632e-02 1.00000000e+00
154 P st 18 cl 0 sigma 0.17627  G -1.16550922e-01 -1.11460686e-01 -7.98106194e-02 1.00000000e+00
154 P st 19 cl 0 sigma 0.17627  G -8.79168510e-03 -1.68693066e-01 6.70254230e-02 1.00000000e+00
154 P st 20 cl 0 sigma 0.17627  G -1.64055824e-01 6.22808933e-02 4.86612320e-02 1.00000000e+00
154 P st 21 cl 0 sigma 0.17627  G -4.83274460e-02 -1.53756142e-01 -8.01444054e-02 1.00000000e+00
154 P st 22 cl 0 sigma 0.17627  G -7.80820847e-02 -1.41000748e-01 -8.01801682e-02 1.00000000e+00
154 P st 25 cl 0 sigma 0.17627  G -7.44938850e-02 -1.43063068e-01 -7.97867775e-02 1.00000000e+00
154 P st 26 cl 0 sigma 0.17627  G -1.17468834e-01 -1.10340118e-01 -8.01563263e-02 1.00000000e+00
154 P st 28 cl 0 sigma 0.17627  G -1.03020668e-01 -1.29604340e-01 -5.93900681e-02 1.00000000e+00
154 P st 29 cl 0 sigma 0.17627  G -1.37388706e-01 -8.44359398e-02 -7.99059868e-02 1.00000000e+00
154 P st 31 cl 0 sigma 0.17627  G -1.33466721e-01 -9.73224640e-02 -6.07728958e-02 1.00000000e+00
154 P st 32 cl 0 sigma 0.17627  G -1.52349472e-01 -5.26428223e-02 -8.01563263e-02 1.00000000e+00
154 P st 33 cl 0 sigma 0.17627  G 1.35809183e-01 -1.13159418e-01 3.76760960e-02 1.00000000e+00
154 P st 34 cl 0 sigma 0.17627  G -9.46819782e-02 -1.42812729e-01 6.18457794e-02 1.00000000e+00
154 P st 36 cl 0 sigma 0.17627  G 1.67852640e-01 -3.03268433e-02 6.49511814e-02 1.00000000e+00
154 P st 37 cl 0 sigma 0.17627  G -1.67822838e-01 -1.37925148e-02 -4.47511673e-02 1.00000000e+00
154 P st 38 cl 0 sigma 0.17627  G 1.09452009e-01 6.89923763e-02 1.30566955e-01 1.00000000e+00
154 P st 39 cl 0 sigma 0.17627  G -1.60288811e-01 2.28524208e-02 -7.81536102e-02 1.00000000e+00
154 P st 40 cl 0 sigma 0.17627  G 1.28054619e-01 1.18285418e-01 5.03003597e-02 1.00000000e+00
154 P st 41 cl 0 sigma 0.17627  G -9.94205475e-03 1.71959400e-01 5.65707684e-02 1.00000000e+00
154 P st 42 cl 0 sigma 0.17627  G -1.58780813e-01 7.75277615e-02 3.87787819e-02 1.00000000e+00
154 P st 43 cl 0 sigma 0.17627  G -1.40237808e-01 1.06072426e-01 2.58326530e-02 1.00000000e+00
154 P st 44 cl 0 sigma 0.17627  G 9.21368599e-02 1.50299072e-01 2.97009945e-02 1.00000000e+00
154 P st 45 cl 0 sigma 0.17627  G -1.26647949e-01 1.09481812e-01 -5.10096550e-02 1.00000000e+00
154 P st 46 cl 0 sigma 0.17627  G -1.44773722e-01 -1.01101398e-01 3.51071358e-02 1.00000000e+00
154 P st 47 cl 0 sigma 0.17627  G -1.48463249e-01 -6.79492950e-02 -7.41362572e-02 1.00000000e+00
154 S st 11 cl 0 sigma 0.10762  G 9.16719437e-03 -2.97975540e-01 -3.13520432e-03 1.00000000e+00
154 S st 12 cl 0 sigma 0.10762  G -6.90221786e-02 -2.96795368e-01 5.36084175e-02 1.00000000e+00
154 S st 13 cl 1 sigma 0.13790  G -1.60765648e-01 -2.59983540e-01 6.92963600e-02 1.00000000e+00
154 S st 16 cl 0 sigma 0.10762  G -2.97737122e-01 4.82559204e-02 3.11493874e-02 1.00000000e+00
154 S st 18 cl 0 sigma 0.10762  G -2.01654434e-01 -1.92809105e-01 -1.38115883e-01 1.00000000e+00
154 S st 21 cl 0 sigma 0.10762  G -8.35895538e-02 -2.66003609e-01 -1.38711929e-01 1.00000000e+00
154 S st 25 cl 0 sigma 0.10762  G -1.28865242e-01 -2.47478485e-01 -1.38020515e-01 1.00000000e+00
154 S st 26 cl 1 sigma 0.13790  G -2.03227997e-01 -1.90877914e-01 -1.38688087e-01 1.00000000e+00
154 S st 28 cl 0 sigma 0.10762  G -1.78241730e-01 -2.24232674e-01 -1.02734566e-01 1.00000000e+00
154 S st 29 cl 0 sigma 0.10762  G -2.37679482e-01 -1.46055222e-01 -1.38211250e-01 1.00000000e+00
154 S st 31 cl 1 sigma 0.13790  G -2.30860710e-01 -1.68347359e-01 -1.05142593e-01 1.00000000e+00
154 S st 32 cl 1 sigma 0.13790  G -2.63500214e-01 -9.11474228e-02 -1.38711929e-01 1.00000000e+00
154 S st 33 cl 0 sigma 0.10762  G 2.34949589e-01 -1.95741653e-01 6.51955605e-02 1.00000000e+00
154 S st 34 cl 1 sigma 0.13790  G -1.63793564e-01 -2.47073174e-01 1.06990337e-01 1.00000000e+00
154 S st 37 cl 1 sigma 0.13790  G -2.90346146e-01 -2.38418579e-02 -7.74145126e-02 1.00000000e+00
154 S st 40 cl 1 sigma 0.13790  G 2.21526623e-01 2.04622746e-01 8.70108604e-02 1.00000000e+00
154 S st 41 cl 1 sigma 0.13790  G -1.72019005e-02 2.97498703e-01 9.78708267e-02 1.00000000e+00
154 S st 44 cl 0 sigma 0.10762  G 1.59394741e-01 2.60031223e-01 5.13792038e-02 1.00000000e+00
154 S st 46 cl 0 sigma 0.10762  G -2.50458717e-01 -1.74915791e-01 6.07371330e-02 1.00000000e+00
154 S st 47 cl 0 sigma 0.10762  G -2.56872177e-01 -1.17540359e-01 -1.28269196e-01 1.00000000e+00
# EVENT 155  nrows 21  ncols 4  params[x y z ot]  hypo 7.5203 2.0754 -0.8144
155 P st 13 cl 0 sigma 0.17627  G 1.74427032e-01 1.93476677e-02 -7.18832016e-03 1.00000000e+00
155 P st 15 cl 0 sigma 0.17627  G 1.39331818e-01 1.11377239e-01 1.24931335e-02 1.00000000e+00
155 P st 18 cl 0 sigma 0.17627  G 1.32834911e-01 -1.19358301e-01 2.74598598e-02 1.00000000e+00
155 P st 26 cl 0 sigma 0.17627  G 4.22000885e-02 -1.73830986e-01 2.61604786e-02 1.00000000e+00
155 P st 29 cl 0 sigma 0.17627  G 1.29795074e-01 -1.02630258e-01 6.62535429e-02 1.00000000e+00
155 P st 31 cl 0 sigma 0.17627  G 1.78807974e-01 -4.42862511e-03 2.68697739e-02 1.00000000e+00
155 P st 32 cl 0 sigma 0.17627  G -1.49071217e-01 6.83665276e-02 7.78794289e-02 1.00000000e+00
155 P st 36 cl 0 sigma 0.17627  G 1.53517723e-01 4.90188599e-02 -8.49008560e-02 1.00000000e+00
155 P st 37 cl 0 sigma 0.17627  G 1.03503466e-01 1.46228075e-01 2.27034092e-02 1.00000000e+00
155 P st 39 cl 0 sigma 0.17627  G 2.58445740e-02 1.77431107e-01 1.96337700e-02 1.00000000e+00
155 P st 40 cl 0 sigma 0.17627  G 1.41835213e-01 7.66277313e-02 -8.49008560e-02 1.00000000e+00
155 P st 41 cl 0 sigma 0.17627  G 1.28161907e-01 9.77873802e-02 -8.48054886e-02 1.00000000e+00
155 P st 42 cl 1 sigma 0.40238  G 1.15895271e-01 1.27398968e-01 -3.53932381e-02 1.00000000e+00
155 P st 46 cl 0 sigma 0.17627  G 1.72209740e-01 4.94837761e-02 1.69038773e-02 1.00000000e+00
155 P st 47 cl 0 sigma 0.17627  G 1.62976980e-01 6.58273697e-02 4.22954559e-02 1.00000000e+00
155 S st 13 cl 1 sigma 0.13790  G 3.01766396e-01 3.34501266e-02 -1.24216080e-02 1.00000000e+00
155 S st 15 cl 1 sigma 0.13790  G 2.41041183e-01 1.92689896e-01 2.16245651e-02 1.00000000e+00
155 S st 18 cl 0 sigma 0.10762  G 2.29787827e-01 -2.06482410e-01 4.75049019e-02 1.00000000e+00
155 S st 31 cl 0 sigma 0.10762  G 3.09336185e-01 -7.66515732e-03 4.64797020e-02 1.00000000e+00
155 S st 37 cl 0 sigma 0.10762  G 1.79076195e-01 2.52985954e-01 3.92675400e-02 1.00000000e+00
155 S st 47 cl 0 sigma 0.10762  G 2.81947851e-01 1.13874674e-01 7.31647015e-02 1.00000000e+00
# EVENT 156  nrows 30  ncols 4  params[x y z ot]  hypo -7.3884 -6.2681 0.2570
156 P st 11 cl 0 sigma 0.17627  G 2.28524208e-02 -1.60562992e-01 -8.09669495e-02 1.00000000e+00
156 P st 12 cl 0 sigma 0.17627  G -1.00135803e-02 -1.65092945e-01 -5.81264496e-02 1.00000000e+00
156 P st 13 cl 0 sigma 0.17627  G -5.29408455e-02 -1.59358978e-01 -1.56402588e-02 1.00000000e+00
156 P st 14 cl 0 sigma 0.17627  G -1.38115883e-01 -9.49859619e-02 1.45912170e-02 1.00000000e+00
156 P st 15 cl 0 sigma 0.17627  G -1.63829327e-01 -3.55184078e-02 1.37746334e-02 1.00000000e+00
156 P st 16 cl 0 sigma 0.17627  G -1.67530775e-01 7.57575035e-03 -2.66492367e-02 1.00000000e+00
156 P st 18 cl 0 sigma 0.17627  G -1.04129314e-01 -1.23012066e-01 -8.41736794e-02 1.00000000e+00
156 P st 19 cl 0 sigma 0.17627  G 3.56316566e-02 -1.61874294e-01 4.94599342e-02 1.00000000e+00
156 P st 20 cl 0 sigma 0.17627  G -1.58232450e-01 3.52442265e-02 7.41660595e-02 1.00000000e+00
156 P st 28 cl 1 sigma 0.40238  G -8.25881958e-02 -1.38616562e-01 -8.34465027e-02 1.00000000e+00
156 P st 31 cl 0 sigma 0.17627  G -1.16300583e-01 -1.11997128e-01 -8.30292702e-02 1.00000000e+00
156 P st 34 cl 0 sigma 0.17627  G -3.59177589e-02 -1.60247087e-01 5.71608543e-02 1.00000000e+00
156 P st 36 cl 0 sigma 0.17627  G 1.57469511e-01 -5.40673733e-02 3.73184681e-02 1.00000000e+00
156 P st 37 cl 0 sigma 0.17627  G -1.59537792e-01 -3.17096710e-02 -7.74979591e-02 1.00000000e+00
156 P st 38 cl 0 sigma 0.17627  G 1.44654512e-01 -1.26242638e-02 1.09529495e-01 1.00000000e+00
156 P st 39 cl 0 sigma 0.17627  G -1.60813332e-01 1.18851662e-02 -8.38279724e-02 1.00000000e+00
156 P st 40 cl 0 sigma 0.17627  G 1.50072575e-01 7.28428364e-02 2.94923782e-02 1.00000000e+00
156 P st 41 cl 0 sigma 0.17627  G 4.05371189e-02 1.52271986e-01 8.14795494e-02 1.00000000e+00
156 P st 42 cl 0 sigma 0.17627  G -1.54596567e-01 6.16312027e-02 3.64780426e-02 1.00000000e+00
156 P st 43 cl 0 sigma 0.17627  G -1.35374069e-01 9.93013382e-02 -3.40938568e-03 1.00000000e+00
156 P st 44 cl 0 sigma 0.17627  G 1.14560127e-01 1.22010708e-01 -3.83734703e-02 1.00000000e+00
156 P st 47 cl 0 sigma 0.17627  G -1.37817860e-01 -8.37683678e-02 -8.37564468e-02 1.00000000e+00
156 S st 11 cl 1 sigma 0.13790  G 3.95298004e-02 -2.77781487e-01 -1.40070915e-01 1.00000000e+00
156 S st 15 cl 1 sigma 0.13790  G -2.83432007e-01 -6.14643097e-02 2.38180161e-02 1.00000000e+00
156 S st 16 cl 1 sigma 0.13790  G -2.89845467e-01 1.30891800e-02 -4.61101532e-02 1.00000000e+00
156 S st 28 cl 1 sigma 0.13790  G -1.42884254e-01 -2.39801407e-01 -1.44338608e-01 1.00000000e+00
156 S st 36 cl 0 sigma 0.10762  G 2.72417068e-01 -9.35316086e-02 6.45756721e-02 1.00000000e+00
156 S st 40 cl 0 sigma 0.10762  G 2.59625912e-01 1.26016140e-01 5.10215759e-02 1.00000000e+00
156 S st 41 cl 0 sigma 0.10762  G 7.01189041e-02 2.63428688e-01 1.40964985e-01 1.00000000e+00
156 S st 44 cl 0 sigma 0.10762  G 1.98197365e-01 2.11083889e-01 -6.63876534e-02 1.00000000e+00
# EVENT 157  nrows 43  ncols 4  params[x y z ot]  hypo -7.4741 -5.5973 0.5926
157 P st 11 cl 0 sigma 0.17627  G 2.28285789e-02 -1.59418583e-01 1.25646591e-02 1.00000000e+00
157 P st 12 cl 0 sigma 0.17627  G -1.21593475e-02 -1.60384178e-01 1.67012215e-02 1.00000000e+00
157 P st 13 cl 0 sigma 0.17627  G -5.71608543e-02 -1.49881840e-01 2.35497952e-02 1.00000000e+00
157 P st 14 cl 0 sigma 0.17627  G -1.39975548e-01 -7.67767429e-02 2.85208225e-02 1.00000000e+00
157 P st 15 cl 0 sigma 0.17627  G -1.59233809e-01 -1.68800354e-02 2.64525414e-02 1.00000000e+00
157 P st 16 cl 0 sigma 0.17627  G -1.59394741e-01 2.07901001e-02 1.83403492e-02 1.00000000e+00
157 P st 18 cl 0 sigma 0.17627  G -1.07944012e-01 -1.19626522e-01 8.78572464e-03 1.00000000e+00
157 P st 19 cl 0 sigma 0.17627  G 3.52919102e-02 -1.50471926e-01 4.94599342e-02 1.00000000e+00
157 P st 20 cl 0 sigma 0.17627  G -1.44350529e-01 5.53965569e-02 5.10096550e-02 1.00000000e+00
157 P st 21 cl 0 sigma 0.17627  G -3.85284424e-02 -1.56462193e-01 6.89029694e-03 1.00000000e+00
157 P st 25 cl 0 sigma 0.17627  G -6.28829002e-02 -1.48332119e-01 8.63075256e-03 1.00000000e+00
157 P st 28 cl 0 sigma 0.17627  G -8.71181488e-02 -1.35505199e-01 1.10507011e-02 1.00000000e+00
157 P st 29 cl 0 sigma 0.17627  G -1.31654739e-01 -9.28878784e-02 8.77380371e-03 1.00000000e+00
157 P st 33 cl 0 sigma 0.17627  G 1.28710270e-01 -9.65595245e-02 1.64151192e-02 1.00000000e+00
157 P st 34 cl 0 sigma 0.17627  G -4.22060490e-02 -1.48832798e-01 5.46574593e-02 1.00000000e+00
157 P st 36 cl 0 sigma 0.17627  G 1.54322386e-01 -3.44038010e-02 3.65495682e-02 1.00000000e+00
157 P st 37 cl 0 sigma 0.17627  G -1.59621239e-01 -2.13384628e-02 1.26004219e-02 1.00000000e+00
157 P st 38 cl 0 sigma 0.17627  G 1.32644176e-01 2.21610069e-02 1.01786852e-01 1.00000000e+00
157 P st 39 cl 0 sigma 0.17627  G -1.59895420e-01 1.95980072e-02 1.00612640e-02 1.00000000e+00
157 P st 40 cl 0 sigma 0.17627  G 1.35838985e-01 8.45611095e-02 2.86400318e-02 1.00000000e+00
157 P st 41 cl 0 sigma 0.17627  G 3.16679478e-02 1.52850151e-01 5.00202179e-02 1.00000000e+00
157 P st 42 cl 0 sigma 0.17627  G -1.42061710e-01 7.32064247e-02 2.99930573e-02 1.00000000e+00
157 P st 43 cl 0 sigma 0.17627  G -1.23244524e-01 1.03074312e-01 2.02655792e-02 1.00000000e+00
157 P st 44 cl 0 sigma 0.17627  G 1.02972984e-01 1.23637915e-01 1.61051750e-02 1.00000000e+00
157 P st 47 cl 0 sigma 0.17627  G -1.41489506e-01 -7.70807266e-02 1.04546547e-02 1.00000000e+00
157 S st 11 cl 0 sigma 0.10762  G 3.94940376e-02 -2.75802612e-01 2.17080116e-02 1.00000000e+00
157 S st 12 cl 0 sigma 0.10762  G -2.10165977e-02 -2.77471542e-01 2.88963318e-02 1.00000000e+00
157 S st 13 cl 1 sigma 0.13790  G -9.88841057e-02 -2.59304047e-01 4.07457352e-02 1.00000000e+00
157 S st 15 cl 1 sigma 0.13790  G -2.75492668e-01 -2.92062759e-02 4.57763672e-02 1.00000000e+00
157 S st 18 cl 0 sigma 0.10762  G -1.86705589e-01 -2.06923485e-01 1.52111053e-02 1.00000000e+00
157 S st 19 cl 1 sigma 0.13790  G 6.10470772e-02 -2.60317326e-01 8.55565071e-02 1.00000000e+00
157 S st 21 cl 1 sigma 0.13790  G -6.66618347e-02 -2.70700455e-01 1.19209290e-02 1.00000000e+00
157 S st 25 cl 0 sigma 0.10762  G -1.08766556e-01 -2.56586075e-01 1.49011612e-02 1.00000000e+00
157 S st 29 cl 1 sigma 0.13790  G -2.27737427e-01 -1.60694122e-01 1.52111053e-02 1.00000000e+00
157 S st 33 cl 1 sigma 0.13790  G 2.22694874e-01 -1.67059898e-01 2.83956528e-02 1.00000000e+00
157 S st 34 cl 0 sigma 0.10762  G -7.30037689e-02 -2.57480145e-01 9.45687294e-02 1.00000000e+00
157 S st 36 cl 0 sigma 0.10762  G 2.66993046e-01 -5.95092773e-02 6.32405281e-02 1.00000000e+00
157 S st 39 cl 1 sigma 0.13790  G -2.76613235e-01 3.39031219e-02 1.74045563e-02 1.00000000e+00
157 S st 40 cl 0 sigma 0.10762  G 2.34985352e-01 1.46317482e-01 4.95433807e-02 1.00000000e+00
157 S st 41 cl 1 sigma 0.13790  G 5.47766685e-02 2.64430046e-01 8.65221024e-02 1.00000000e+00
157 S st 43 cl 1 sigma 0.13790  G -2.13205814e-01 1.78325176e-01 3.50356102e-02 1.00000000e+00
157 S st 44 cl 0 sigma 0.10762  G 1.78122520e-01 2.13873386e-01 2.78234482e-02 1.00000000e+00
157 S st 47 cl 1 sigma 0.13790  G -2.44736671e-01 -1.33323669e-01 1.81436539e-02 1.00000000e+00
# EVENT 158  nrows 22  ncols 4  params[x y z ot]  hypo -8.3717 -5.1483 2.0980
158 P st 12 cl 0 sigma 0.17627  G -2.90393829e-02 -1.50430202e-01 5.53965569e-02 1.00000000e+00
158 P st 13 cl 0 sigma 0.17627  G -7.29262829e-02 -1.29121542e-01 6.76095486e-02 1.00000000e+00
158 P st 16 cl 0 sigma 0.17627  G -1.52194500e-01 2.56478786e-02 5.01513481e-02 1.00000000e+00
158 P st 19 cl 0 sigma 0.17627  G 3.40342522e-03 -1.16139650e-01 1.11812353e-01 1.00000000e+00
158 P st 20 cl 0 sigma 0.17627  G -1.28000975e-01 5.18202782e-02 8.60810280e-02 1.00000000e+00
158 P st 31 cl 1 sigma 0.40238  G -1.26504898e-01 -9.51409340e-02 3.43322754e-02 1.00000000e+00
158 P st 33 cl 0 sigma 0.17627  G 1.19209290e-01 -9.39428806e-02 5.98907471e-02 1.00000000e+00
158 P st 34 cl 0 sigma 0.17627  G -6.23881817e-02 -1.08599663e-01 1.07944012e-01 1.00000000e+00
158 P st 37 cl 1 sigma 0.40238  G -1.57225132e-01 -1.32322311e-02 3.72052193e-02 1.00000000e+00
158 P st 38 cl 0 sigma 0.17627  G 5.95688820e-02 3.08215618e-02 1.43527985e-01 1.00000000e+00
158 P st 40 cl 0 sigma 0.17627  G 1.07729435e-01 9.23514366e-02 8.15808773e-02 1.00000000e+00
158 P st 41 cl 0 sigma 0.17627  G 7.92741776e-04 1.30146742e-01 9.54270363e-02 1.00000000e+00
158 P st 43 cl 0 sigma 0.17627  G -1.20520592e-01 9.54508781e-02 5.30958176e-02 1.00000000e+00
158 P st 44 cl 0 sigma 0.17627  G 8.45372677e-02 1.28793716e-01 5.25534153e-02 1.00000000e+00
158 P st 45 cl 0 sigma 0.17627  G -1.17814541e-01 1.05512142e-01 3.58462334e-02 1.00000000e+00
158 P st 46 cl 0 sigma 0.17627  G -1.21128559e-01 -8.89599323e-02 6.10053539e-02 1.00000000e+00
158 S st 13 cl 1 sigma 0.13790  G -1.26159191e-01 -2.23398209e-01 1.16956234e-01 1.00000000e+00
158 S st 16 cl 1 sigma 0.13790  G -2.63285637e-01 4.43458557e-02 8.67605209e-02 1.00000000e+00
158 S st 34 cl 1 sigma 0.13790  G -1.07932091e-01 -1.87849998e-01 1.86729431e-01 1.00000000e+00
158 S st 38 cl 1 sigma 0.13790  G 1.03056431e-01 5.33103943e-02 2.48306990e-01 1.00000000e+00
158 S st 41 cl 1 sigma 0.13790  G 1.39474869e-03 2.25126743e-01 1.65081024e-01 1.00000000e+00
158 S st 44 cl 0 sigma 0.10762  G 1.46234035e-01 2.22814083e-01 9.09328461e-02 1.00000000e+00
# EVENT 159  nrows 51  ncols 4  params[x y z ot]  hypo 7.2727 1.5992 -0.7638
159 P st 10 cl 0 sigma 0.17627  G 1.53493881e-01 -4.93645668e-02 -8.46982002e-02 1.00000000e+00
159 P st 11 cl 0 sigma 0.17627  G 1.59025192e-01 -3.38673592e-02 -8.00490379e-02 1.00000000e+00
159 P st 12 cl 0 sigma 0.17627  G 1.69265270e-01 -1.42693520e-02 -4.32491302e-02 1.00000000e+00
159 P st 13 cl 0 sigma 0.17627  G 1.75321102e-01 1.30653381e-02 -1.50203705e-03 1.00000000e+00
159 P st 14 cl 0 sigma 0.17627  G 1.62971020e-01 7.41004944e-02 1.66416168e-02 1.00000000e+00
159 P st 15 cl 0 sigma 0.17627  G 1.41799450e-01 1.08718872e-01 1.53541565e-02 1.00000000e+00
159 P st 16 cl 0 sigma 0.17627  G 1.15120411e-01 1.36661530e-01 1.55091286e-02 1.00000000e+00
159 P st 18 cl 0 sigma 0.17627  G 1.22326612e-01 -1.30224228e-01 2.69353390e-02 1.00000000e+00
159 P st 19 cl 0 sigma 0.17627  G 1.60884857e-01 2.94566154e-02 -7.53641129e-02 1.00000000e+00
159 P st 20 cl 0 sigma 0.17627  G 1.33049488e-01 1.08826160e-01 -3.13043594e-02 1.00000000e+00
159 P st 21 cl 0 sigma 0.17627  G 9.98020172e-02 -1.28996372e-01 -7.77125359e-02 1.00000000e+00
159 P st 22 cl 0 sigma 0.17627  G 8.45670700e-02 -1.53255463e-01 -1.69277191e-03 1.00000000e+00
159 P st 23 cl 0 sigma 0.17627  G 1.49369240e-01 -6.04867935e-02 -8.49485397e-02 1.00000000e+00
159 P st 25 cl 0 sigma 0.17627  G 1.31833553e-01 -1.20043755e-01 1.26242638e-02 1.00000000e+00
159 P st 26 cl 0 sigma 0.17627  G 3.35156918e-02 -1.75696611e-01 2.49087811e-02 1.00000000e+00
159 P st 28 cl 0 sigma 0.17627  G 1.67381763e-01 -6.39736652e-02 2.07364559e-02 1.00000000e+00
159 P st 29 cl 0 sigma 0.17627  G 1.09511614e-01 -1.29985809e-01 6.25967979e-02 1.00000000e+00
159 P st 31 cl 0 sigma 0.17627  G 1.77448988e-01 -1.90436840e-02 2.76446342e-02 1.00000000e+00
159 P st 32 cl 0 sigma 0.17627  G -1.59102678e-01 3.15904617e-02 7.46965408e-02 1.00000000e+00
159 P st 33 cl 0 sigma 0.17627  G 1.60384178e-01 1.54733658e-02 -8.49008560e-02 1.00000000e+00
159 P st 34 cl 0 sigma 0.17627  G 1.66630745e-01 3.95894051e-02 -3.64899635e-02 1.00000000e+00
159 P st 37 cl 0 sigma 0.17627  G 1.04880333e-01 1.45000219e-01 2.39908695e-02 1.00000000e+00
159 P st 38 cl 0 sigma 0.17627  G 1.47664547e-01 6.49452209e-02 -8.45789909e-02 1.00000000e+00
159 P st 39 cl 0 sigma 0.17627  G 2.23398209e-02 1.77764893e-01 2.05636024e-02 1.00000000e+00
159 P st 40 cl 0 sigma 0.17627  G 1.42788887e-01 7.46965408e-02 -8.49246979e-02 1.00000000e+00
159 P st 42 cl 0 sigma 0.17627  G 1.17313862e-01 1.26421452e-01 -2.20298767e-02 1.00000000e+00
159 P st 44 cl 0 sigma 0.17627  G 1.32966042e-01 9.10282135e-02 -8.49008560e-02 1.00000000e+00
159 P st 45 cl 0 sigma 0.17627  G 6.73890114e-02 1.49250031e-01 -7.61032104e-02 1.00000000e+00
159 P st 46 cl 0 sigma 0.17627  G 1.74009800e-01 4.27365303e-02 1.79290771e-02 1.00000000e+00
159 P st 47 cl 0 sigma 0.17627  G 1.66797638e-01 4.81903553e-02 4.67717648e-02 1.00000000e+00
159 S st 10 cl 0 sigma 0.10762  G 2.65526772e-01 -8.54253769e-02 -1.46532059e-01 1.00000000e+00
159 S st 11 cl 0 sigma 0.10762  G 2.75063515e-01 -5.85794449e-02 -1.38497353e-01 1.00000000e+00
159 S st 12 cl 0 sigma 0.10762  G 2.92825699e-01 -2.47001648e-02 -7.48157501e-02 1.00000000e+00
159 S st 13 cl 1 sigma 0.13790  G 3.03292274e-01 2.26020813e-02 -2.59876251e-03 1.00000000e+00
159 S st 14 cl 1 sigma 0.13790  G 2.81929970e-01 1.28197670e-01 2.88009644e-02 1.00000000e+00
159 S st 18 cl 0 sigma 0.10762  G 2.11620331e-01 -2.25293636e-01 4.65989113e-02 1.00000000e+00
159 S st 19 cl 1 sigma 0.13790  G 2.78329849e-01 5.09500504e-02 -1.30414963e-01 1.00000000e+00
159 S st 20 cl 0 sigma 0.10762  G 2.30169296e-01 1.88279152e-01 -5.41448593e-02 1.00000000e+00
159 S st 21 cl 0 sigma 0.10762  G 1.72638893e-01 -2.23135948e-01 -1.34444237e-01 1.00000000e+00
159 S st 22 cl 1 sigma 0.13790  G 1.46293640e-01 -2.65145302e-01 -2.93254852e-03 1.00000000e+00
159 S st 23 cl 1 sigma 0.13790  G 2.58398056e-01 -1.04665756e-01 -1.46865845e-01 1.00000000e+00
159 S st 28 cl 0 sigma 0.10762  G 2.89571285e-01 -1.10673904e-01 3.58581543e-02 1.00000000e+00
159 S st 31 cl 0 sigma 0.10762  G 3.06963921e-01 -3.29494476e-02 4.78267670e-02 1.00000000e+00
159 S st 33 cl 0 sigma 0.10762  G 2.77519226e-01 2.67744064e-02 -1.46865845e-01 1.00000000e+00
159 S st 38 cl 0 sigma 0.10762  G 2.55441666e-01 1.12366676e-01 -1.46341324e-01 1.00000000e+00
159 S st 39 cl 0 sigma 0.10762  G 3.86238098e-02 3.07559967e-01 3.55720520e-02 1.00000000e+00
159 S st 40 cl 0 sigma 0.10762  G 2.47049332e-01 1.29222870e-01 -1.46913528e-01 1.00000000e+00
159 S st 42 cl 0 sigma 0.10762  G 2.02989578e-01 2.18701363e-01 -3.81231308e-02 1.00000000e+00
159 S st 44 cl 0 sigma 0.10762  G 2.30026245e-01 1.57475471e-01 -1.46889687e-01 1.00000000e+00
159 S st 45 cl 0 sigma 0.10762  G 1.16586685e-01 2.58231163e-01 -1.31630898e-01 1.00000000e+00
159 S st 47 cl 1 sigma 0.13790  G 2.88558006e-01 8.33630562e-02 8.09192657e-02 1.00000000e+00
# EVENT 160  nrows 43  ncols 4  params[x y z ot]  hypo 7.8578 1.6835 0.1089
160 P st 11 cl 0 sigma 0.17627  G 1.58011913e-01 -3.16977501e-02 -8.41856003e-02 1.00000000e+00
160 P st 12 cl 0 sigma 0.17627  G 1.60753727e-01 -1.20997429e-02 -8.41140747e-02 1.00000000e+00
160 P st 13 cl 0 sigma 0.17627  G 1.60944462e-01 1.25169754e-02 -8.36968422e-02 1.00000000e+00
160 P st 14 cl 0 sigma 0.17627  G 1.48987770e-01 6.50286674e-02 -7.98463821e-02 1.00000000e+00
160 P st 15 cl 0 sigma 0.17627  G 1.31499767e-01 9.55700874e-02 -8.07881355e-02 1.00000000e+00
160 P st 16 cl 0 sigma 0.17627  G 1.09064579e-01 1.20615959e-01 -8.04066658e-02 1.00000000e+00
160 P st 18 cl 0 sigma 0.17627  G 1.26808882e-01 -1.16306543e-01 9.53078270e-03 1.00000000e+00
160 P st 20 cl 0 sigma 0.17627  G 1.26957893e-01 9.93728638e-02 -8.40663910e-02 1.00000000e+00
160 P st 21 cl 0 sigma 0.17627  G 1.02555752e-01 -1.24299526e-01 -8.41736794e-02 1.00000000e+00
160 P st 22 cl 0 sigma 0.17627  G 8.40663910e-02 -1.37948990e-01 -8.34107399e-02 1.00000000e+00
160 P st 25 cl 0 sigma 0.17627  G 1.24061108e-01 -1.04498863e-01 -8.18371773e-02 1.00000000e+00
160 P st 26 cl 0 sigma 0.17627  G 4.60863113e-02 -1.65820122e-01 -1.23977661e-03 1.00000000e+00
160 P st 28 cl 0 sigma 0.17627  G 1.59049034e-01 -5.51700592e-02 -5.86390495e-02 1.00000000e+00
160 P st 29 cl 0 sigma 0.17627  G 1.12897158e-01 -9.54627991e-02 1.03247166e-01 1.00000000e+00
160 P st 31 cl 0 sigma 0.17627  G 1.71196461e-01 -1.44481659e-02 9.17911530e-03 1.00000000e+00
160 P st 32 cl 0 sigma 0.17627  G -1.02996826e-01 3.27289104e-02 1.49691105e-01 1.00000000e+00
160 P st 34 cl 0 sigma 0.17627  G 1.57010555e-01 3.65734100e-02 -8.40783119e-02 1.00000000e+00
160 P st 36 cl 0 sigma 0.17627  G 1.54566765e-01 4.56094742e-02 -8.41856003e-02 1.00000000e+00
160 P st 37 cl 0 sigma 0.17627  G 1.08325481e-01 1.33311749e-01 -2.05159187e-02 1.00000000e+00
160 P st 39 cl 0 sigma 0.17627  G 3.14593315e-02 1.65843964e-01 -5.36918640e-02 1.00000000e+00
160 P st 40 cl 0 sigma 0.17627  G 1.43408775e-01 7.34806061e-02 -8.41617584e-02 1.00000000e+00
160 P st 41 cl 0 sigma 0.17627  G 1.30569935e-01 9.44495201e-02 -8.41736794e-02 1.00000000e+00
160 P st 42 cl 0 sigma 0.17627  G 1.12760067e-01 1.15251541e-01 -8.39829445e-02 1.00000000e+00
160 P st 45 cl 0 sigma 0.17627  G 7.07149506e-02 1.44827366e-01 -8.41736794e-02 1.00000000e+00
160 P st 47 cl 0 sigma 0.17627  G 1.56855583e-01 4.18126583e-02 7.72178173e-02 1.00000000e+00
160 S st 11 cl 0 sigma 0.10762  G 2.73394585e-01 -5.48601151e-02 -1.45626068e-01 1.00000000e+00
160 S st 13 cl 0 sigma 0.10762  G 2.78472900e-01 2.16484070e-02 -1.44791603e-01 1.00000000e+00
160 S st 15 cl 0 sigma 0.10762  G 2.27475166e-01 1.65343285e-01 -1.39784813e-01 1.00000000e+00
160 S st 16 cl 0 sigma 0.10762  G 1.88696384e-01 2.08663940e-01 -1.39069557e-01 1.00000000e+00
160 S st 18 cl 1 sigma 0.13790  G 2.19368935e-01 -2.01213360e-01 1.64866447e-02 1.00000000e+00
160 S st 20 cl 0 sigma 0.10762  G 2.19607353e-01 1.71947479e-01 -1.45411491e-01 1.00000000e+00
160 S st 21 cl 0 sigma 0.10762  G 1.77431107e-01 -2.15029716e-01 -1.45626068e-01 1.00000000e+00
160 S st 22 cl 1 sigma 0.13790  G 1.45411491e-01 -2.38633156e-01 -1.44314766e-01 1.00000000e+00
160 S st 25 cl 1 sigma 0.13790  G 2.14624405e-01 -1.80768967e-01 -1.41525269e-01 1.00000000e+00
160 S st 28 cl 1 sigma 0.13790  G 2.75158882e-01 -9.54031944e-02 -1.01459026e-01 1.00000000e+00
160 S st 31 cl 0 sigma 0.10762  G 2.96175480e-01 -2.49981880e-02 1.58905983e-02 1.00000000e+00
160 S st 34 cl 0 sigma 0.10762  G 2.71582603e-01 6.32524490e-02 -1.45483017e-01 1.00000000e+00
160 S st 36 cl 1 sigma 0.13790  G 2.67434120e-01 7.88927078e-02 -1.45626068e-01 1.00000000e+00
160 S st 37 cl 0 sigma 0.10762  G 1.87397003e-01 2.30622292e-01 -3.55005264e-02 1.00000000e+00
160 S st 41 cl 1 sigma 0.13790  G 2.25901604e-01 1.63316727e-01 -1.45626068e-01 1.00000000e+00
160 S st 42 cl 1 sigma 0.13790  G 1.95074081e-01 1.99389458e-01 -1.45292282e-01 1.00000000e+00
160 S st 45 cl 1 sigma 0.13790  G 1.22356415e-01 2.50530243e-01 -1.45649910e-01 1.00000000e+00
160 S st 47 cl 0 sigma 0.10762  G 2.71356106e-01 7.23242760e-02 1.33574009e-01 1.00000000e+00
# EVENT 161  nrows 25  ncols 4  params[x y z ot]  hypo -6.9274 -6.0004 1.5615
161 P st 12 cl 0 sigma 0.17627  G -1.59144402e-03 -1.57439709e-01 3.99947166e-02 1.00000000e+00
161 P st 13 cl 0 sigma 0.17627  G -4.09007072e-02 -1.47944689e-01 5.31196594e-02 1.00000000e+00
161 P st 14 cl 0 sigma 0.17627  G -1.22660398e-01 -8.56518745e-02 6.62028790e-02 1.00000000e+00
161 P st 15 cl 0 sigma 0.17627  G -1.47092342e-01 -2.75373459e-02 6.55114651e-02 1.00000000e+00
161 P st 18 cl 0 sigma 0.17627  G -1.02198124e-01 -1.23584270e-01 2.01702118e-02 1.00000000e+00
161 P st 19 cl 0 sigma 0.17627  G 4.43518162e-02 -1.34193897e-01 7.87675381e-02 1.00000000e+00
161 P st 20 cl 0 sigma 0.17627  G -1.21736526e-01 4.00006771e-02 1.04129314e-01 1.00000000e+00
161 P st 31 cl 0 sigma 0.17627  G -1.13749504e-01 -1.11925602e-01 2.80618668e-02 1.00000000e+00
161 P st 33 cl 0 sigma 0.17627  G 1.26445293e-01 -9.47415829e-02 3.78787518e-02 1.00000000e+00
161 P st 34 cl 0 sigma 0.17627  G -1.78635120e-02 -1.34903193e-01 8.80599022e-02 1.00000000e+00
161 P st 38 cl 0 sigma 0.17627  G 1.15793943e-01 1.20401382e-03 1.16610527e-01 1.00000000e+00
161 P st 40 cl 0 sigma 0.17627  G 1.35642290e-01 6.68883324e-02 5.97774982e-02 1.00000000e+00
161 P st 42 cl 0 sigma 0.17627  G -1.29944086e-01 6.37590885e-02 7.34686852e-02 1.00000000e+00
161 P st 43 cl 0 sigma 0.17627  G -1.17564201e-01 9.95159149e-02 5.50448895e-02 1.00000000e+00
161 P st 44 cl 0 sigma 0.17627  G 1.09606981e-01 1.12766027e-01 4.04059887e-02 1.00000000e+00
161 P st 47 cl 0 sigma 0.17627  G -1.36506557e-01 -8.31127167e-02 2.57968903e-02 1.00000000e+00
161 S st 12 cl 1 sigma 0.13790  G -2.74181366e-03 -2.72369385e-01 6.91890717e-02 1.00000000e+00
161 S st 13 cl 1 sigma 0.13790  G -7.07507133e-02 -2.55954266e-01 9.18984413e-02 1.00000000e+00
161 S st 18 cl 1 sigma 0.13790  G -1.76811218e-01 -2.13789940e-01 3.48806381e-02 1.00000000e+00
161 S st 31 cl 1 sigma 0.13790  G -1.96766853e-01 -1.93619728e-01 4.85181808e-02 1.00000000e+00
161 S st 34 cl 1 sigma 0.13790  G -3.08990479e-02 -2.33376026e-01 1.52349472e-01 1.00000000e+00
161 S st 38 cl 1 sigma 0.13790  G 2.00319290e-01 2.07424164e-03 2.01725960e-01 1.00000000e+00
161 S st 40 cl 0 sigma 0.10762  G 2.34675407e-01 1.15716457e-01 1.03437901e-01 1.00000000e+00
161 S st 42 cl 1 sigma 0.13790  G -2.24804878e-01 1.10292435e-01 1.27100945e-01 1.00000000e+00
161 S st 44 cl 0 sigma 0.10762  G 1.89638138e-01 1.95074081e-01 6.99043274e-02 1.00000000e+00
# EVENT 162  nrows 32  ncols 4  params[x y z ot]  hypo -7.3017 -5.4799 -0.4622
162 P st 10 cl 0 sigma 0.17627  G 4.64797020e-02 -1.58202648e-01 -7.10248947e-02 1.00000000e+00
162 P st 12 cl 0 sigma 0.17627  G -9.95397568e-03 -1.77961588e-01 2.97069550e-02 1.00000000e+00
162 P st 13 cl 0 sigma 0.17627  G -6.03437424e-02 -1.67340040e-01 4.18186188e-02 1.00000000e+00
162 P st 14 cl 0 sigma 0.17627  G -1.55651569e-01 -8.46803188e-02 4.66048717e-02 1.00000000e+00
162 P st 16 cl 0 sigma 0.17627  G -1.76250935e-01 2.62081623e-02 3.45349312e-02 1.00000000e+00
162 P st 18 cl 0 sigma 0.17627  G -1.07812881e-01 -1.20270252e-01 -7.93337822e-02 1.00000000e+00
162 P st 19 cl 0 sigma 0.17627  G 4.72068787e-02 -1.67298317e-01 6.06715679e-02 1.00000000e+00
162 P st 20 cl 0 sigma 0.17627  G -1.59651041e-01 6.88314438e-02 6.22093678e-02 1.00000000e+00
162 P st 25 cl 0 sigma 0.17627  G -6.20007515e-02 -1.49214268e-01 -7.96198845e-02 1.00000000e+00
162 P st 29 cl 0 sigma 0.17627  G -1.32071972e-01 -9.32335854e-02 -7.92741776e-02 1.00000000e+00
162 P st 31 cl 0 sigma 0.17627  G -1.29830837e-01 -1.14548206e-01 -4.24623489e-02 1.00000000e+00
162 P st 33 cl 0 sigma 0.17627  G 1.44970417e-01 -1.03646517e-01 2.64406204e-02 1.00000000e+00
162 P st 34 cl 0 sigma 0.17627  G -4.13775444e-02 -1.67196989e-01 6.51240349e-02 1.00000000e+00
162 P st 36 cl 0 sigma 0.17627  G 1.73419714e-01 -3.37541103e-02 5.02109528e-02 1.00000000e+00
162 P st 37 cl 0 sigma 0.17627  G -1.76036358e-01 -2.19464302e-02 -9.85860825e-03 1.00000000e+00
162 P st 38 cl 0 sigma 0.17627  G 1.61033869e-01 3.20315361e-02 8.82834196e-02 1.00000000e+00
162 P st 40 cl 0 sigma 0.17627  G 1.50567293e-01 9.40203667e-02 4.40895557e-02 1.00000000e+00
162 P st 41 cl 0 sigma 0.17627  G 4.06324863e-02 1.69754028e-01 5.88297844e-02 1.00000000e+00
162 P st 42 cl 0 sigma 0.17627  G -1.55055523e-01 8.59618187e-02 4.71770763e-02 1.00000000e+00
162 P st 43 cl 0 sigma 0.17627  G -1.33579969e-01 1.17820501e-01 3.72946262e-02 1.00000000e+00
162 P st 44 cl 0 sigma 0.17627  G 1.14935637e-01 1.36208534e-01 2.30967999e-02 1.00000000e+00
162 P st 45 cl 0 sigma 0.17627  G -1.25908852e-01 1.22714043e-01 -2.01582909e-02 1.00000000e+00
162 P st 47 cl 0 sigma 0.17627  G -1.48773193e-01 -8.07523727e-02 -6.24299049e-02 1.00000000e+00
162 S st 12 cl 0 sigma 0.10762  G -1.72257423e-02 -3.07857990e-01 5.14030457e-02 1.00000000e+00
162 S st 16 cl 1 sigma 0.13790  G -3.04925442e-01 4.53591347e-02 5.97476959e-02 1.00000000e+00
162 S st 18 cl 0 sigma 0.10762  G -1.86538696e-01 -2.08067894e-01 -1.37257576e-01 1.00000000e+00
162 S st 20 cl 1 sigma 0.13790  G -2.76196003e-01 1.19060278e-01 1.07616186e-01 1.00000000e+00
162 S st 34 cl 0 sigma 0.10762  G -7.15792179e-02 -2.89237499e-01 1.12658739e-01 1.00000000e+00
162 S st 37 cl 1 sigma 0.13790  G -3.04532051e-01 -3.79681587e-02 -1.70826912e-02 1.00000000e+00
162 S st 38 cl 1 sigma 0.13790  G 2.78604031e-01 5.54203987e-02 1.52742863e-01 1.00000000e+00
162 S st 42 cl 1 sigma 0.13790  G -2.68244743e-01 1.48725510e-01 8.16345215e-02 1.00000000e+00
162 S st 44 cl 0 sigma 0.10762  G 1.98829174e-01 2.35652924e-01 3.99351120e-02 1.00000000e+00
# EVENT 163  nrows 24  ncols 4  params[x y z ot]  hypo -10.1100 -5.4263 -0.2514
163 P st 12 cl 0 sigma 0.17627  G -6.48617744e-02 -1.62917376e-01 2.28822231e-02 1.00000000e+00
163 P st 13 cl 0 sigma 0.17627  G -1.12277269e-01 -1.36286020e-01 3.29971313e-02 1.00000000e+00
163 P st 14 cl 0 sigma 0.17627  G -1.66553259e-01 -5.71727753e-02 2.89618969e-02 1.00000000e+00
163 P st 15 cl 0 sigma 0.17627  G -1.75035000e-01 -9.63807106e-03 2.20000744e-02 1.00000000e+00
163 P st 16 cl 0 sigma 0.17627  G -1.69789791e-01 1.93238258e-02 -1.23858452e-02 1.00000000e+00
163 P st 18 cl 0 sigma 0.17627  G -1.21390820e-01 -1.06060505e-01 -8.00967216e-02 1.00000000e+00
163 P st 19 cl 0 sigma 0.17627  G -6.25669956e-02 -1.59388781e-01 5.95629215e-02 1.00000000e+00
163 P st 20 cl 0 sigma 0.17627  G -1.70999765e-01 4.41193581e-02 4.06622887e-02 1.00000000e+00
163 P st 23 cl 1 sigma 0.40238  G 4.21285629e-02 -1.55639648e-01 -7.98821449e-02 1.00000000e+00
163 P st 31 cl 0 sigma 0.17627  G -1.35743618e-01 -8.99910927e-02 -7.47919083e-02 1.00000000e+00
163 P st 33 cl 0 sigma 0.17627  G 1.13904476e-01 -1.34587288e-01 4.25040722e-02 1.00000000e+00
163 P st 34 cl 0 sigma 0.17627  G -1.22684240e-01 -1.23935938e-01 5.06758690e-02 1.00000000e+00
163 P st 36 cl 0 sigma 0.17627  G 1.47581100e-01 -5.57541847e-02 8.88526440e-02 1.00000000e+00
163 P st 38 cl 0 sigma 0.17627  G -3.32295895e-03 7.21901655e-02 1.75505877e-01 1.00000000e+00
163 P st 39 cl 0 sigma 0.17627  G -1.60276890e-01 1.81555748e-02 -7.97748566e-02 1.00000000e+00
163 P st 40 cl 0 sigma 0.17627  G 1.02859735e-01 1.36899948e-01 6.18577003e-02 1.00000000e+00
163 P st 42 cl 1 sigma 0.40238  G -1.64973736e-01 6.08205795e-02 2.93016434e-02 1.00000000e+00
163 P st 43 cl 0 sigma 0.17627  G -1.49214268e-01 8.92877579e-02 8.58306885e-03 1.00000000e+00
163 P st 47 cl 0 sigma 0.17627  G -1.48379803e-01 -6.39319420e-02 -7.89284706e-02 1.00000000e+00
163 S st 12 cl 1 sigma 0.13790  G -1.12211704e-01 -2.81834602e-01 3.95894051e-02 1.00000000e+00
163 S st 18 cl 0 sigma 0.10762  G -2.09999084e-01 -1.83486938e-01 -1.38545036e-01 1.00000000e+00
163 S st 19 cl 1 sigma 0.13790  G -1.08242035e-01 -2.75754929e-01 1.03056431e-01 1.00000000e+00
163 S st 23 cl 1 sigma 0.13790  G 7.28607178e-02 -2.69269943e-01 -1.38187408e-01 1.00000000e+00
163 S st 47 cl 1 sigma 0.13790  G -2.56776810e-01 -1.10626221e-01 -1.36542320e-01 1.00000000e+00
# EVENT 164  nrows 19  ncols 4  params[x y z ot]  hypo -6.9849 -5.8497 1.4074
164 P st 12 cl 0 sigma 0.17627  G -2.67028809e-03 -1.58172846e-01 2.86579132e-02 1.00000000e+00
164 P st 13 cl 0 sigma 0.17627  G -4.33564186e-02 -1.48636103e-01 3.95417213e-02 1.00000000e+00
164 P st 14 cl 0 sigma 0.17627  G -1.26492977e-01 -8.32319260e-02 5.02228737e-02 1.00000000e+00
164 P st 16 cl 1 sigma 0.40238  G -1.55067444e-01 1.62482262e-02 3.55482101e-02 1.00000000e+00
164 P st 19 cl 0 sigma 0.17627  G 4.49419022e-02 -1.36691332e-01 6.41107559e-02 1.00000000e+00
164 P st 33 cl 0 sigma 0.17627  G 1.27863884e-01 -9.39190388e-02 2.69293785e-02 1.00000000e+00
164 P st 34 cl 0 sigma 0.17627  G -2.07424164e-02 -1.37585402e-01 7.30454922e-02 1.00000000e+00
164 P st 36 cl 0 sigma 0.17627  G 1.45715475e-01 -3.60548496e-02 4.99069691e-02 1.00000000e+00
164 P st 38 cl 0 sigma 0.17627  G 1.19632483e-01 7.08103180e-03 1.04916096e-01 1.00000000e+00
164 P st 40 cl 0 sigma 0.17627  G 1.35380030e-01 7.10129738e-02 4.40537930e-02 1.00000000e+00
164 P st 41 cl 0 sigma 0.17627  G 4.35113907e-02 1.29765272e-01 7.29382038e-02 1.00000000e+00
164 P st 44 cl 0 sigma 0.17627  G 1.08283758e-01 1.15096569e-01 2.80320644e-02 1.00000000e+00
164 P st 47 cl 1 sigma 0.40238  G -1.37782097e-01 -8.15629959e-02 1.80244446e-02 1.00000000e+00
164 S st 12 cl 0 sigma 0.10762  G -4.62532043e-03 -2.73633003e-01 4.95791435e-02 1.00000000e+00
164 S st 16 cl 1 sigma 0.13790  G -2.68256664e-01 2.80976295e-02 6.15119934e-02 1.00000000e+00
164 S st 34 cl 0 sigma 0.10762  G -3.58939171e-02 -2.38013268e-01 1.26373768e-01 1.00000000e+00
164 S st 38 cl 1 sigma 0.13790  G 2.06959248e-01 1.22547150e-02 1.81508064e-01 1.00000000e+00
164 S st 40 cl 1 sigma 0.13790  G 2.34210491e-01 1.22857094e-01 7.62104988e-02 1.00000000e+00
164 S st 44 cl 0 sigma 0.10762  G 1.87313557e-01 1.99127197e-01 4.84943390e-02 1.00000000e+00
# EVENT 165  nrows 34  ncols 4  params[x y z ot]  hypo -7.4816 -5.6463 0.2464
165 P st 10 cl 0 sigma 0.17627  G 4.29511070e-02 -1.55413151e-01 -8.38875771e-02 1.00000000e+00
165 P st 11 cl 0 sigma 0.17627  G 2.28643417e-02 -1.61242485e-01 -7.78913498e-02 1.00000000e+00
165 P st 12 cl 0 sigma 0.17627  G -1.27136707e-02 -1.66970491e-01 -4.50313091e-02 1.00000000e+00
165 P st 13 cl 0 sigma 0.17627  G -5.96880913e-02 -1.57254934e-01 1.49011612e-04 1.00000000e+00
165 P st 15 cl 0 sigma 0.17627  G -1.66863203e-01 -1.89781189e-02 1.40249729e-02 1.00000000e+00
165 P st 16 cl 0 sigma 0.17627  G -1.66708231e-01 2.06828117e-02 -3.06069851e-02 1.00000000e+00
165 P st 18 cl 0 sigma 0.17627  G -1.07741356e-01 -1.19841099e-01 -8.41498375e-02 1.00000000e+00
165 P st 19 cl 0 sigma 0.17627  G 3.64065170e-02 -1.58172846e-01 6.46531582e-02 1.00000000e+00
165 P st 20 cl 0 sigma 0.17627  G -1.52230263e-01 5.64634800e-02 6.78896904e-02 1.00000000e+00
165 P st 25 cl 0 sigma 0.17627  G -6.27517700e-02 -1.48439407e-01 -8.41617584e-02 1.00000000e+00
165 P st 31 cl 0 sigma 0.17627  G -1.21212006e-01 -1.07038021e-01 -8.24928284e-02 1.00000000e+00
165 P st 33 cl 0 sigma 0.17627  G 1.32805109e-01 -1.00696087e-01 -4.66704369e-02 1.00000000e+00
165 P st 34 cl 0 sigma 0.17627  G -4.40895557e-02 -1.56354904e-01 7.10010529e-02 1.00000000e+00
165 P st 37 cl 0 sigma 0.17627  G -1.61206722e-01 -2.22921371e-02 -7.74383545e-02 1.00000000e+00
165 P st 38 cl 0 sigma 0.17627  G 1.43918395e-01 2.13980675e-02 1.11642480e-01 1.00000000e+00
165 P st 40 cl 0 sigma 0.17627  G 1.42979622e-01 8.77976418e-02 2.35855579e-02 1.00000000e+00
165 P st 41 cl 0 sigma 0.17627  G 3.32951546e-02 1.60223246e-01 6.78479671e-02 1.00000000e+00
165 P st 42 cl 1 sigma 0.40238  G -1.49512291e-01 7.56025314e-02 2.74121761e-02 1.00000000e+00
165 P st 43 cl 1 sigma 0.40238  G -1.29556656e-01 1.07151270e-01 -1.62959099e-02 1.00000000e+00
165 P st 44 cl 0 sigma 0.17627  G 1.07181072e-01 1.27923489e-01 -4.79936600e-02 1.00000000e+00
165 P st 47 cl 0 sigma 0.17627  G -1.41406059e-01 -7.75933266e-02 -8.36133957e-02 1.00000000e+00
165 S st 11 cl 1 sigma 0.13790  G 3.95774841e-02 -2.78937817e-01 -1.34730339e-01 1.00000000e+00
165 S st 12 cl 0 sigma 0.10762  G -2.19941139e-02 -2.88867950e-01 -7.79032707e-02 1.00000000e+00
165 S st 13 cl 1 sigma 0.13790  G -1.03271008e-01 -2.72047520e-01 2.50339508e-04 1.00000000e+00
165 S st 18 cl 0 sigma 0.10762  G -1.86443329e-01 -2.07328796e-01 -1.45578384e-01 1.00000000e+00
165 S st 20 cl 0 sigma 0.10762  G -2.63345242e-01 9.76800919e-02 1.17444992e-01 1.00000000e+00
165 S st 25 cl 1 sigma 0.13790  G -1.08575821e-01 -2.56800652e-01 -1.45602226e-01 1.00000000e+00
165 S st 31 cl 1 sigma 0.13790  G -2.09689140e-01 -1.85203552e-01 -1.42693520e-01 1.00000000e+00
165 S st 37 cl 1 sigma 0.13790  G -2.78890133e-01 -3.85522842e-02 -1.33943558e-01 1.00000000e+00
165 S st 40 cl 1 sigma 0.13790  G 2.47371197e-01 1.51884556e-01 4.07814980e-02 1.00000000e+00
165 S st 41 cl 0 sigma 0.10762  G 5.75900078e-02 2.77185440e-01 1.17373466e-01 1.00000000e+00
165 S st 42 cl 0 sigma 0.10762  G -2.58636475e-01 1.30796432e-01 4.74214554e-02 1.00000000e+00
165 S st 44 cl 0 sigma 0.10762  G 1.85418129e-01 2.21288204e-01 -8.30411911e-02 1.00000000e+00
165 S st 47 cl 1 sigma 0.13790  G -2.44641304e-01 -1.34253502e-01 -1.44672394e-01 1.00000000e+00
# EVENT 166  nrows 39  ncols 4  params[x y z ot]  hypo -7.2741 -5.8002 -0.6008
166 P st 10 cl 0 sigma 0.17627  G 4.65631485e-02 -1.61230564e-01 -3.07917595e-02 1.00000000e+00
166 P st 11 cl 0 sigma 0.17627  G 2.78115273e-02 -1.75416470e-01 1.49726868e-02 1.00000000e+00
166 P st 12 cl 0 sigma 0.17627  G -9.05394554e-03 -1.78664923e-01 2.06947327e-02 1.00000000e+00
166 P st 13 cl 0 sigma 0.17627  G -5.71966171e-02 -1.68967247e-01 2.45869160e-02 1.00000000e+00
166 P st 14 cl 0 sigma 0.17627  G -1.51783228e-01 -9.26673412e-02 2.75194645e-02 1.00000000e+00
166 P st 15 cl 0 sigma 0.17627  G -1.76370144e-01 -2.52544880e-02 2.68638134e-02 1.00000000e+00
166 P st 16 cl 0 sigma 0.17627  G -1.77687407e-01 1.90556049e-02 2.26020813e-02 1.00000000e+00
166 P st 18 cl 0 sigma 0.17627  G -1.06811523e-01 -1.22785568e-01 -7.30991364e-02 1.00000000e+00
166 P st 19 cl 0 sigma 0.17627  G 4.56154346e-02 -1.70016289e-01 3.44514847e-02 1.00000000e+00
166 P st 20 cl 0 sigma 0.17627  G -1.65247917e-01 5.79893589e-02 3.88324261e-02 1.00000000e+00
166 P st 21 cl 0 sigma 0.17627  G -3.67045403e-02 -1.56927109e-01 -8.48770142e-02 1.00000000e+00
166 P st 28 cl 0 sigma 0.17627  G -9.06348228e-02 -1.48212910e-01 1.99079514e-03 1.00000000e+00
166 P st 29 cl 0 sigma 0.17627  G -1.31618977e-01 -9.63926315e-02 -7.22527504e-02 1.00000000e+00
166 P st 31 cl 0 sigma 0.17627  G -1.28817558e-01 -1.18744373e-01 6.67572021e-03 1.00000000e+00
166 P st 33 cl 0 sigma 0.17627  G 1.42598152e-01 -1.08039379e-01 2.03430653e-02 1.00000000e+00
166 P st 34 cl 0 sigma 0.17627  G -3.79443169e-02 -1.71005726e-01 3.71217728e-02 1.00000000e+00
166 P st 37 cl 0 sigma 0.17627  G -1.76477432e-01 -2.75015831e-02 1.67369843e-02 1.00000000e+00
166 P st 38 cl 0 sigma 0.17627  G 1.66669488e-01 1.38163567e-02 5.68598509e-02 1.00000000e+00
166 P st 39 cl 0 sigma 0.17627  G -1.67083740e-01 1.82390213e-02 -1.98245049e-02 1.00000000e+00
166 P st 40 cl 0 sigma 0.17627  G 1.55252218e-01 8.72313976e-02 2.71201134e-02 1.00000000e+00
166 P st 42 cl 0 sigma 0.17627  G -1.58858299e-01 7.88450241e-02 2.91466713e-02 1.00000000e+00
166 P st 43 cl 0 sigma 0.17627  G -1.37293339e-01 1.13970041e-01 2.40147114e-02 1.00000000e+00
166 P st 44 cl 0 sigma 0.17627  G 1.18881464e-01 1.33675337e-01 2.06828117e-02 1.00000000e+00
166 P st 45 cl 0 sigma 0.17627  G -1.30057335e-01 1.21903419e-01 1.61528587e-02 1.00000000e+00
166 P st 46 cl 0 sigma 0.17627  G -1.23924017e-01 -1.28316879e-01 2.42054462e-02 1.00000000e+00
166 P st 47 cl 0 sigma 0.17627  G -1.49095058e-01 -8.53657722e-02 -9.19103622e-03 1.00000000e+00
166 S st 11 cl 1 sigma 0.13790  G 4.81367111e-02 -3.03459167e-01 2.59160995e-02 1.00000000e+00
166 S st 12 cl 0 sigma 0.10762  G -1.56760216e-02 -3.09097767e-01 3.57985497e-02 1.00000000e+00
166 S st 16 cl 0 sigma 0.10762  G -3.07393074e-01 3.29613686e-02 3.91125679e-02 1.00000000e+00
166 S st 18 cl 0 sigma 0.10762  G -1.84822083e-01 -2.12407112e-01 -1.26433372e-01 1.00000000e+00
166 S st 21 cl 0 sigma 0.10762  G -6.35147095e-02 -2.71487236e-01 -1.46818161e-01 1.00000000e+00
166 S st 29 cl 1 sigma 0.13790  G -2.27689743e-01 -1.66773796e-01 -1.25002861e-01 1.00000000e+00
166 S st 34 cl 0 sigma 0.10762  G -6.56366348e-02 -2.95829773e-01 6.42061234e-02 1.00000000e+00
166 S st 37 cl 1 sigma 0.13790  G -3.05306911e-01 -4.75883484e-02 2.89440155e-02 1.00000000e+00
166 S st 38 cl 1 sigma 0.13790  G 2.88343430e-01 2.39014626e-02 9.83715057e-02 1.00000000e+00
166 S st 39 cl 1 sigma 0.13790  G -2.89058685e-01 3.15904617e-02 -3.42845917e-02 1.00000000e+00
166 S st 42 cl 0 sigma 0.10762  G -2.74848938e-01 1.36399269e-01 5.04255295e-02 1.00000000e+00
166 S st 43 cl 1 sigma 0.13790  G -2.37524509e-01 1.97184086e-01 4.15325165e-02 1.00000000e+00
166 S st 44 cl 0 sigma 0.10762  G 2.05647945e-01 2.31266022e-01 3.57985497e-02 1.00000000e+00
# EVENT 167  nrows 15  ncols 4  params[x y z ot]  hypo -8.5361 -5.3561 1.7486
167 P st 13 cl 1 sigma 0.40238  G -7.53819942e-02 -1.31660700e-01 5.28931618e-02 1.00000000e+00
167 P st 16 cl 0 sigma 0.17627  G -1.54829025e-01 2.19821930e-02 3.89575958e-02 1.00000000e+00
167 P st 33 cl 0 sigma 0.17627  G 1.17862225e-01 -9.97841358e-02 4.82797623e-02 1.00000000e+00
167 P st 34 cl 0 sigma 0.17627  G -6.69062138e-02 -1.14053488e-01 8.98778439e-02 1.00000000e+00
167 P st 36 cl 0 sigma 0.17627  G 1.27100945e-01 -2.82049179e-02 9.17553902e-02 1.00000000e+00
167 P st 37 cl 1 sigma 0.40238  G -1.58202648e-01 -1.59263611e-02 2.83718109e-02 1.00000000e+00
167 P st 40 cl 0 sigma 0.17627  G 1.09577179e-01 9.21487808e-02 7.23123550e-02 1.00000000e+00
167 P st 41 cl 0 sigma 0.17627  G -3.86834145e-03 1.36309862e-01 8.56697559e-02 1.00000000e+00
167 P st 42 cl 1 sigma 0.40238  G -1.37948990e-01 6.46114349e-02 5.34951687e-02 1.00000000e+00
167 P st 47 cl 0 sigma 0.17627  G -1.43980980e-01 -6.90460205e-02 2.33769417e-02 1.00000000e+00
167 S st 13 cl 1 sigma 0.13790  G -1.30414963e-01 -2.27761269e-01 9.15050507e-02 1.00000000e+00
167 S st 16 cl 1 sigma 0.13790  G -2.67863274e-01 3.80516052e-02 6.73770905e-02 1.00000000e+00
167 S st 33 cl 1 sigma 0.13790  G 2.03907490e-01 -1.72626972e-01 8.35299492e-02 1.00000000e+00
167 S st 40 cl 0 sigma 0.10762  G 1.89566612e-01 1.59430504e-01 1.25098228e-01 1.00000000e+00
167 S st 41 cl 1 sigma 0.13790  G -6.69956207e-03 2.35831738e-01 1.48200989e-01 1.00000000e+00
# EVENT 168  nrows 20  ncols 4  params[x y z ot]  hypo -10.2905 -4.3310 0.3473
168 P st 11 cl 0 sigma 0.17627  G -2.22921371e-02 -1.62446499e-01 -6.34431839e-02 1.00000000e+00
168 P st 12 cl 0 sigma 0.17627  G -7.20739365e-02 -1.48695707e-01 -3.11732292e-02 1.00000000e+00
168 P st 13 cl 0 sigma 0.17627  G -1.19197369e-01 -1.14613771e-01 -1.30236149e-02 1.00000000e+00
168 P st 15 cl 0 sigma 0.17627  G -1.63394213e-01 1.09791756e-02 -5.85615635e-02 1.00000000e+00
168 P st 19 cl 0 sigma 0.17627  G -8.00669193e-02 -1.34980679e-01 8.66413116e-02 1.00000000e+00
168 P st 31 cl 1 sigma 0.40238  G -1.40702724e-01 -7.86900520e-02 -8.38994980e-02 1.00000000e+00
168 P st 34 cl 0 sigma 0.17627  G -1.33609772e-01 -9.16779041e-02 5.65767288e-02 1.00000000e+00
168 P st 36 cl 0 sigma 0.17627  G 1.40959024e-01 4.43458557e-03 1.16997957e-01 1.00000000e+00
168 P st 37 cl 1 sigma 0.40238  G -1.61230564e-01 -1.75237656e-03 -8.38398933e-02 1.00000000e+00
168 P st 38 cl 0 sigma 0.17627  G -1.25557184e-02 1.02472305e-01 1.48060918e-01 1.00000000e+00
168 P st 40 cl 0 sigma 0.17627  G 7.63595104e-02 1.44541264e-01 4.96804714e-02 1.00000000e+00
168 P st 43 cl 1 sigma 0.40238  G -1.32286549e-01 9.41157341e-02 -7.56025314e-02 1.00000000e+00
168 P st 46 cl 0 sigma 0.17627  G -1.49852037e-01 -6.76214695e-02 -4.94182110e-02 1.00000000e+00
168 P st 47 cl 1 sigma 0.40238  G -1.52182579e-01 -5.30838966e-02 -8.41259956e-02 1.00000000e+00
168 S st 11 cl 1 sigma 0.13790  G -3.85642052e-02 -2.81023979e-01 -1.09744072e-01 1.00000000e+00
168 S st 12 cl 1 sigma 0.13790  G -1.24692917e-01 -2.57253647e-01 -5.39302826e-02 1.00000000e+00
168 S st 13 cl 1 sigma 0.13790  G -2.06220150e-01 -1.98280811e-01 -2.25305557e-02 1.00000000e+00
168 S st 19 cl 1 sigma 0.13790  G -1.38509274e-01 -2.33525038e-01 1.49881840e-01 1.00000000e+00
168 S st 38 cl 1 sigma 0.13790  G -2.17199326e-02 1.77282095e-01 2.56145000e-01 1.00000000e+00
168 S st 40 cl 0 sigma 0.10762  G 1.32095814e-01 2.50053406e-01 8.59737396e-02 1.00000000e+00
# EVENT 169  nrows 39  ncols 4  params[x y z ot]  hypo -7.9325 -5.4934 0.0542
169 P st 10 cl 0 sigma 0.17627  G 3.84211540e-02 -1.56760216e-01 -8.37922096e-02 1.00000000e+00
169 P st 11 cl 0 sigma 0.17627  G 1.65343285e-02 -1.63280964e-01 -7.65204430e-02 1.00000000e+00
169 P st 12 cl 0 sigma 0.17627  G -2.25484371e-02 -1.70767307e-01 -4.23967838e-02 1.00000000e+00
169 P st 13 cl 0 sigma 0.17627  G -7.28487968e-02 -1.57678127e-01 -8.22544098e-04 1.00000000e+00
169 P st 16 cl 0 sigma 0.17627  G -1.70677900e-01 2.31623650e-02 -4.25040722e-02 1.00000000e+00
169 P st 18 cl 0 sigma 0.17627  G -1.10995770e-01 -1.16860867e-01 -8.41617584e-02 1.00000000e+00
169 P st 19 cl 0 sigma 0.17627  G 2.17318535e-02 -1.65438652e-01 7.01069832e-02 1.00000000e+00
169 P st 20 cl 0 sigma 0.17627  G -1.58661604e-01 5.83529472e-02 5.65052032e-02 1.00000000e+00
169 P st 21 cl 0 sigma 0.17627  G -4.21404839e-02 -1.55544281e-01 -8.41975212e-02 1.00000000e+00
169 P st 23 cl 0 sigma 0.17627  G 6.07371330e-02 -1.49285793e-01 -8.41736794e-02 1.00000000e+00
169 P st 25 cl 0 sigma 0.17627  G -6.70909882e-02 -1.46555901e-01 -8.41617584e-02 1.00000000e+00
169 P st 31 cl 0 sigma 0.17627  G -1.24800205e-01 -1.02853775e-01 -8.28862190e-02 1.00000000e+00
169 P st 33 cl 0 sigma 0.17627  G 1.35344267e-01 -1.06638670e-01 -3.55541706e-02 1.00000000e+00
169 P st 34 cl 0 sigma 0.17627  G -6.33060932e-02 -1.54525042e-01 7.09414482e-02 1.00000000e+00
169 P st 36 cl 0 sigma 0.17627  G 1.64371729e-01 -3.65793705e-02 5.58555126e-02 1.00000000e+00
169 P st 37 cl 0 sigma 0.17627  G -1.61778927e-01 -1.92165375e-02 -7.98463821e-02 1.00000000e+00
169 P st 38 cl 0 sigma 0.17627  G 1.33189559e-01 3.34382057e-02 1.27258897e-01 1.00000000e+00
169 P st 39 cl 0 sigma 0.17627  G -1.60002708e-01 2.01582909e-02 -8.40187073e-02 1.00000000e+00
169 P st 40 cl 0 sigma 0.17627  G 1.40786171e-01 9.92298126e-02 3.15010548e-02 1.00000000e+00
169 P st 41 cl 0 sigma 0.17627  G 1.71422958e-02 1.67328119e-01 6.58869743e-02 1.00000000e+00
169 P st 42 cl 0 sigma 0.17627  G -1.55556202e-01 7.66873360e-02 1.43945217e-02 1.00000000e+00
169 P st 43 cl 1 sigma 0.40238  G -1.35469437e-01 1.07342005e-01 -2.85744667e-02 1.00000000e+00
169 P st 44 cl 0 sigma 0.17627  G 1.03038549e-01 1.36768818e-01 -4.43577766e-02 1.00000000e+00
169 P st 45 cl 0 sigma 0.17627  G -1.21259689e-01 1.09267235e-01 -8.07285309e-02 1.00000000e+00
169 P st 47 cl 0 sigma 0.17627  G -1.43480301e-01 -7.38978386e-02 -8.38041306e-02 1.00000000e+00
169 S st 11 cl 1 sigma 0.13790  G 2.85863876e-02 -2.82478333e-01 -1.32381916e-01 1.00000000e+00
169 S st 12 cl 1 sigma 0.13790  G -3.90172005e-02 -2.95436382e-01 -7.33375549e-02 1.00000000e+00
169 S st 13 cl 1 sigma 0.13790  G -1.26028061e-01 -2.72810459e-01 -1.43051147e-03 1.00000000e+00
169 S st 16 cl 0 sigma 0.10762  G -2.95293331e-01 4.00781631e-02 -7.35402107e-02 1.00000000e+00
169 S st 18 cl 0 sigma 0.10762  G -1.92022324e-01 -2.02155113e-01 -1.45602226e-01 1.00000000e+00
169 S st 20 cl 0 sigma 0.10762  G -2.74467468e-01 1.00922585e-01 9.77516174e-02 1.00000000e+00
169 S st 21 cl 0 sigma 0.10762  G -7.28607178e-02 -2.69103050e-01 -1.45626068e-01 1.00000000e+00
169 S st 23 cl 1 sigma 0.13790  G 1.05047226e-01 -2.58255005e-01 -1.45626068e-01 1.00000000e+00
169 S st 25 cl 1 sigma 0.13790  G -1.16086006e-01 -2.53510475e-01 -1.45626068e-01 1.00000000e+00
169 S st 31 cl 1 sigma 0.13790  G -2.15888023e-01 -1.77955627e-01 -1.43408775e-01 1.00000000e+00
169 S st 37 cl 0 sigma 0.10762  G -2.79843807e-01 -3.32236290e-02 -1.38163567e-01 1.00000000e+00
169 S st 38 cl 1 sigma 0.13790  G 2.30419636e-01 5.78463078e-02 2.20155716e-01 1.00000000e+00
169 S st 44 cl 0 sigma 0.10762  G 1.78253651e-01 2.36618519e-01 -7.67230988e-02 1.00000000e+00
169 S st 47 cl 1 sigma 0.13790  G -2.48241425e-01 -1.27911568e-01 -1.44982338e-01 1.00000000e+00
# EVENT 170  nrows 28  ncols 4  params[x y z ot]  hypo -9.1505 -5.1583 0.5434
170 P st 10 cl 0 sigma 0.17627  G 2.47597694e-02 -1.59215927e-01 1.06573105e-02 1.00000000e+00
170 P st 13 cl 0 sigma 0.17627  G -9.19997692e-02 -1.31934881e-01 2.14159489e-02 1.00000000e+00
170 P st 14 cl 0 sigma 0.17627  G -1.51711702e-01 -5.34296036e-02 2.04265118e-02 1.00000000e+00
170 P st 16 cl 0 sigma 0.17627  G -1.59215927e-01 2.44677067e-02 1.40428543e-02 1.00000000e+00
170 P st 18 cl 0 sigma 0.17627  G -1.18565559e-01 -1.09124184e-01 8.38041306e-03 1.00000000e+00
170 P st 19 cl 0 sigma 0.17627  G -2.58088112e-02 -1.50132179e-01 5.92947006e-02 1.00000000e+00
170 P st 20 cl 0 sigma 0.17627  G -1.51479244e-01 5.27262688e-02 2.89976597e-02 1.00000000e+00
170 P st 23 cl 0 sigma 0.17627  G 5.14984131e-02 -1.52695179e-01 8.44001770e-03 1.00000000e+00
170 P st 28 cl 1 sigma 0.40238  G -1.03771687e-01 -1.23274326e-01 1.05619431e-02 1.00000000e+00
170 P st 33 cl 0 sigma 0.17627  G 1.18887424e-01 -1.08081102e-01 2.24590302e-02 1.00000000e+00
170 P st 36 cl 0 sigma 0.17627  G 1.48093700e-01 -3.03745270e-02 6.72757626e-02 1.00000000e+00
170 P st 37 cl 0 sigma 0.17627  G -1.60622597e-01 -1.27792358e-02 1.09910965e-02 1.00000000e+00
170 P st 39 cl 0 sigma 0.17627  G -1.59633160e-01 2.20060349e-02 9.04798508e-03 1.00000000e+00
170 P st 40 cl 0 sigma 0.17627  G 1.10048056e-01 1.14899874e-01 3.93092632e-02 1.00000000e+00
170 P st 41 cl 0 sigma 0.17627  G -2.36093998e-02 1.55115128e-01 4.33981419e-02 1.00000000e+00
170 P st 44 cl 0 sigma 0.17627  G 7.74502754e-02 1.41113997e-01 1.77860260e-02 1.00000000e+00
170 P st 45 cl 0 sigma 0.17627  G -1.24418736e-01 1.02365017e-01 1.08242035e-02 1.00000000e+00
170 S st 10 cl 1 sigma 0.13790  G 4.28199768e-02 -2.75444984e-01 1.84297562e-02 1.00000000e+00
170 S st 13 cl 1 sigma 0.13790  G -1.59144402e-01 -2.28250027e-01 3.70621681e-02 1.00000000e+00
170 S st 18 cl 0 sigma 0.10762  G -2.05135345e-01 -1.88779831e-01 1.45196915e-02 1.00000000e+00
170 S st 19 cl 1 sigma 0.13790  G -4.46617603e-02 -2.59745121e-01 1.02573633e-01 1.00000000e+00
170 S st 23 cl 1 sigma 0.13790  G 8.90731812e-02 -2.64167786e-01 1.46389008e-02 1.00000000e+00
170 S st 28 cl 1 sigma 0.13790  G -1.79505348e-01 -2.13265419e-01 1.82867050e-02 1.00000000e+00
170 S st 33 cl 0 sigma 0.10762  G 2.05683708e-01 -1.86991692e-01 3.88383865e-02 1.00000000e+00
170 S st 37 cl 1 sigma 0.13790  G -2.77876854e-01 -2.21014023e-02 1.90019608e-02 1.00000000e+00
170 S st 40 cl 1 sigma 0.13790  G 1.90377235e-01 1.98781490e-01 6.79850578e-02 1.00000000e+00
170 S st 41 cl 1 sigma 0.13790  G -4.08530235e-02 2.68352032e-01 7.50780106e-02 1.00000000e+00
170 S st 44 cl 0 sigma 0.10762  G 1.33991241e-01 2.44104862e-01 3.07559967e-02 1.00000000e+00
# EVENT 171  nrows 41  ncols 4  params[x y z ot]  hypo 7.0237 1.5966 -0.1733
171 P st 11 cl 0 sigma 0.17627  G 1.57594681e-01 -3.41296196e-02 -7.98344612e-02 1.00000000e+00
171 P st 12 cl 0 sigma 0.17627  G 1.61826611e-01 -1.39474869e-02 -7.50064850e-02 1.00000000e+00
171 P st 13 cl 0 sigma 0.17627  G 1.64675713e-01 1.24812126e-02 -5.34534454e-02 1.00000000e+00
171 P st 15 cl 0 sigma 0.17627  G 1.32417679e-01 1.04534626e-01 -1.38163567e-02 1.00000000e+00
171 P st 16 cl 0 sigma 0.17627  G 1.06430054e-01 1.31022930e-01 -1.38401985e-02 1.00000000e+00
171 P st 18 cl 0 sigma 0.17627  G 1.15901232e-01 -1.31237507e-01 4.56452370e-02 1.00000000e+00
171 P st 19 cl 0 sigma 0.17627  G 1.58619881e-01 2.94923782e-02 -7.94649124e-02 1.00000000e+00
171 P st 20 cl 0 sigma 0.17627  G 1.24621391e-01 1.04331970e-01 -7.22408295e-02 1.00000000e+00
171 P st 21 cl 0 sigma 0.17627  G 9.70840454e-02 -1.28793716e-01 -7.97152519e-02 1.00000000e+00
171 P st 22 cl 0 sigma 0.17627  G 7.69734383e-02 -1.45709515e-01 -5.61833382e-02 1.00000000e+00
171 P st 23 cl 0 sigma 0.17627  G 1.49154663e-01 -6.10828400e-02 -8.02040100e-02 1.00000000e+00
171 P st 26 cl 0 sigma 0.17627  G 2.69889832e-02 -1.74146891e-01 4.09364700e-02 1.00000000e+00
171 P st 28 cl 0 sigma 0.17627  G 1.63257122e-01 -6.44147396e-02 2.90751457e-02 1.00000000e+00
171 P st 29 cl 0 sigma 0.17627  G 8.36372375e-02 -1.16509199e-01 9.95755196e-02 1.00000000e+00
171 P st 31 cl 0 sigma 0.17627  G 1.74152851e-01 -1.96099281e-02 4.75585461e-02 1.00000000e+00
171 P st 32 cl 0 sigma 0.17627  G -1.51687860e-01 2.69770622e-02 9.98854637e-02 1.00000000e+00
171 P st 33 cl 0 sigma 0.17627  G 1.60396099e-01 1.56164169e-02 -8.01682472e-02 1.00000000e+00
171 P st 36 cl 0 sigma 0.17627  G 1.54209137e-01 4.67538834e-02 -8.01563263e-02 1.00000000e+00
171 P st 37 cl 0 sigma 0.17627  G 9.91344452e-02 1.45673752e-01 3.96847725e-02 1.00000000e+00
171 P st 39 cl 0 sigma 0.17627  G 1.69754028e-02 1.74009800e-01 2.54034996e-02 1.00000000e+00
171 P st 40 cl 0 sigma 0.17627  G 1.42431259e-01 7.54594803e-02 -8.01563263e-02 1.00000000e+00
171 P st 41 cl 0 sigma 0.17627  G 1.28507614e-01 9.72509384e-02 -8.01563263e-02 1.00000000e+00
171 P st 42 cl 0 sigma 0.17627  G 1.09744072e-01 1.21486187e-01 -6.90579414e-02 1.00000000e+00
171 P st 47 cl 0 sigma 0.17627  G 1.56050920e-01 4.86612320e-02 8.01980495e-02 1.00000000e+00
171 S st 11 cl 1 sigma 0.13790  G 2.72631645e-01 -5.90562820e-02 -1.38115883e-01 1.00000000e+00
171 S st 13 cl 0 sigma 0.10762  G 2.84886360e-01 2.16007233e-02 -9.24825668e-02 1.00000000e+00
171 S st 16 cl 1 sigma 0.13790  G 1.84106827e-01 2.26664543e-01 -2.39491463e-02 1.00000000e+00
171 S st 18 cl 0 sigma 0.10762  G 2.00521946e-01 -2.27034092e-01 7.89761543e-02 1.00000000e+00
171 S st 19 cl 0 sigma 0.10762  G 2.74419785e-01 5.09977341e-02 -1.37472153e-01 1.00000000e+00
171 S st 21 cl 1 sigma 0.13790  G 1.67942047e-01 -2.22802162e-01 -1.37925148e-01 1.00000000e+00
171 S st 22 cl 1 sigma 0.13790  G 1.33180618e-01 -2.52056122e-01 -9.72032547e-02 1.00000000e+00
171 S st 23 cl 1 sigma 0.13790  G 2.58016586e-01 -1.05667114e-01 -1.38664246e-01 1.00000000e+00
171 S st 26 cl 1 sigma 0.13790  G 4.67061996e-02 -3.01265717e-01 7.08341599e-02 1.00000000e+00
171 S st 28 cl 1 sigma 0.13790  G 2.82454491e-01 -1.11436844e-01 5.02943993e-02 1.00000000e+00
171 S st 33 cl 0 sigma 0.10762  G 2.77447701e-01 2.69889832e-02 -1.38711929e-01 1.00000000e+00
171 S st 36 cl 1 sigma 0.13790  G 2.66838074e-01 8.08715820e-02 -1.38664246e-01 1.00000000e+00
171 S st 37 cl 0 sigma 0.10762  G 1.71506405e-01 2.52020359e-01 6.86526299e-02 1.00000000e+00
171 S st 40 cl 1 sigma 0.13790  G 2.46405602e-01 1.30486488e-01 -1.38711929e-01 1.00000000e+00
171 S st 41 cl 1 sigma 0.13790  G 2.22325325e-01 1.68228149e-01 -1.38664246e-01 1.00000000e+00
171 S st 42 cl 1 sigma 0.13790  G 1.89852715e-01 2.10165977e-01 -1.19471550e-01 1.00000000e+00
171 S st 47 cl 0 sigma 0.10762  G 2.69967318e-01 8.41796398e-02 1.38735771e-01 1.00000000e+00
# EVENT 172  nrows 35  ncols 4  params[x y z ot]  hypo -8.3037 -4.5986 -0.1662
172 P st 10 cl 0 sigma 0.17627  G 3.74555588e-02 -1.61194801e-01 -5.52773476e-02 1.00000000e+00
172 P st 11 cl 0 sigma 0.17627  G 1.23620033e-02 -1.71232224e-01 1.01685524e-02 1.00000000e+00
172 P st 12 cl 0 sigma 0.17627  G -3.42190266e-02 -1.72591209e-01 3.60727310e-02 1.00000000e+00
172 P st 13 cl 0 sigma 0.17627  G -9.16659832e-02 -1.50090456e-01 4.39703465e-02 1.00000000e+00
172 P st 14 cl 0 sigma 0.17627  G -1.68019533e-01 -5.19335270e-02 4.29570675e-02 1.00000000e+00
172 P st 15 cl 0 sigma 0.17627  G -1.76036358e-01 8.46982002e-03 3.88205051e-02 1.00000000e+00
172 P st 16 cl 0 sigma 0.17627  G -1.69646740e-01 3.95894051e-02 2.22921371e-02 1.00000000e+00
172 P st 18 cl 0 sigma 0.17627  G -1.17564201e-01 -1.10447407e-01 -7.93933868e-02 1.00000000e+00
172 P st 19 cl 0 sigma 0.17627  G 8.95261765e-03 -1.63629651e-01 7.61806965e-02 1.00000000e+00
172 P st 20 cl 0 sigma 0.17627  G -1.54793262e-01 8.10623169e-02 4.95195389e-02 1.00000000e+00
172 P st 21 cl 0 sigma 0.17627  G -4.67896461e-02 -1.54244900e-01 -8.01682472e-02 1.00000000e+00
172 P st 23 cl 0 sigma 0.17627  G 6.07013702e-02 -1.49345398e-01 -7.98106194e-02 1.00000000e+00
172 P st 25 cl 0 sigma 0.17627  G -7.37428665e-02 -1.43456459e-01 -7.92860985e-02 1.00000000e+00
172 P st 26 cl 0 sigma 0.17627  G -1.18279457e-01 -1.09505653e-01 -8.01563263e-02 1.00000000e+00
172 P st 28 cl 0 sigma 0.17627  G -1.04069710e-01 -1.29938126e-01 -4.56571579e-02 1.00000000e+00
172 P st 31 cl 0 sigma 0.17627  G -1.36077404e-01 -9.53793526e-02 -4.81724739e-02 1.00000000e+00
172 P st 33 cl 0 sigma 0.17627  G 1.45238638e-01 -9.98258591e-02 3.78549099e-02 1.00000000e+00
172 P st 34 cl 0 sigma 0.17627  G -9.22322273e-02 -1.40184164e-01 7.13109970e-02 1.00000000e+00
172 P st 36 cl 0 sigma 0.17627  G 1.70332193e-01 -7.17043877e-03 6.07609749e-02 1.00000000e+00
172 P st 37 cl 0 sigma 0.17627  G -1.67393684e-01 -6.07967377e-03 -3.45230103e-02 1.00000000e+00
172 P st 38 cl 0 sigma 0.17627  G 1.13108754e-01 9.12398100e-02 1.04188919e-01 1.00000000e+00
172 P st 39 cl 0 sigma 0.17627  G -1.59025192e-01 2.93374062e-02 -7.72595406e-02 1.00000000e+00
172 P st 40 cl 0 sigma 0.17627  G 1.26129389e-01 1.22314692e-01 4.56154346e-02 1.00000000e+00
172 P st 41 cl 0 sigma 0.17627  G 3.10540199e-03 1.73014402e-01 5.15341759e-02 1.00000000e+00
172 P st 44 cl 0 sigma 0.17627  G 9.11355019e-02 1.47342682e-01 2.10762024e-02 1.00000000e+00
172 P st 46 cl 0 sigma 0.17627  G -1.47795677e-01 -9.59813595e-02 3.92019749e-02 1.00000000e+00
172 S st 11 cl 0 sigma 0.10762  G 2.13742256e-02 -2.96211243e-01 1.76072121e-02 1.00000000e+00
172 S st 12 cl 1 sigma 0.13790  G -5.91874123e-02 -2.98583508e-01 6.24179840e-02 1.00000000e+00
172 S st 16 cl 1 sigma 0.13790  G -2.93469429e-01 6.84976578e-02 3.85761261e-02 1.00000000e+00
172 S st 18 cl 0 sigma 0.10762  G -2.03371048e-01 -1.91044807e-01 -1.37352943e-01 1.00000000e+00
172 S st 19 cl 0 sigma 0.10762  G 1.54912472e-02 -2.83092260e-01 1.31791830e-01 1.00000000e+00
172 S st 23 cl 1 sigma 0.13790  G 1.05047226e-01 -2.58398056e-01 -1.38092041e-01 1.00000000e+00
172 S st 31 cl 1 sigma 0.13790  G -2.35414505e-01 -1.65009499e-01 -8.33511353e-02 1.00000000e+00
172 S st 38 cl 0 sigma 0.10762  G 1.95670128e-01 1.57845020e-01 1.80256367e-01 1.00000000e+00
172 S st 40 cl 0 sigma 0.10762  G 2.18188763e-01 2.11608410e-01 7.89284706e-02 1.00000000e+00
# EVENT 173  nrows 39  ncols 4  params[x y z ot]  hypo -8.6775 -5.3472 1.5343
173 P st 10 cl 0 sigma 0.17627  G 2.98619270e-02 -1.57213211e-01 2.50577927e-02 1.00000000e+00
173 P st 11 cl 0 sigma 0.17627  G 4.93526459e-03 -1.58786774e-01 3.28779221e-02 1.00000000e+00
173 P st 12 cl 0 sigma 0.17627  G -3.45706940e-02 -1.53052807e-01 4.26411629e-02 1.00000000e+00
173 P st 13 cl 0 sigma 0.17627  G -7.94708729e-02 -1.33144855e-01 5.23030758e-02 1.00000000e+00
173 P st 14 cl 0 sigma 0.17627  G -1.42401457e-01 -5.79893589e-02 5.28454781e-02 1.00000000e+00
173 P st 15 cl 0 sigma 0.17627  G -1.54840946e-01 -8.52942467e-03 4.87565994e-02 1.00000000e+00
173 P st 16 cl 0 sigma 0.17627  G -1.56617165e-01 2.20298767e-02 3.82244587e-02 1.00000000e+00
173 P st 18 cl 0 sigma 0.17627  G -1.14977360e-01 -1.11913681e-01 1.92165375e-02 1.00000000e+00
173 P st 19 cl 0 sigma 0.17627  G -6.44326210e-03 -1.36202574e-01 9.57071781e-02 1.00000000e+00
173 P st 20 cl 0 sigma 0.17627  G -1.41191483e-01 4.84883785e-02 7.00354576e-02 1.00000000e+00
173 P st 31 cl 0 sigma 0.17627  G -1.27995014e-01 -9.58919525e-02 2.57015228e-02 1.00000000e+00
173 P st 33 cl 0 sigma 0.17627  G 1.17111206e-01 -1.01453066e-01 4.91797924e-02 1.00000000e+00
173 P st 34 cl 0 sigma 0.17627  G -7.25090504e-02 -1.15823746e-01 8.85248184e-02 1.00000000e+00
173 P st 36 cl 0 sigma 0.17627  G 1.31368637e-01 -2.98619270e-02 9.47117805e-02 1.00000000e+00
173 P st 38 cl 0 sigma 0.17627  G 6.78956509e-02 3.31580639e-02 1.44189596e-01 1.00000000e+00
173 P st 39 cl 0 sigma 0.17627  G -1.58917904e-01 2.05755234e-02 2.15888023e-02 1.00000000e+00
173 P st 40 cl 0 sigma 0.17627  G 1.10214949e-01 9.62138176e-02 7.37905502e-02 1.00000000e+00
173 P st 41 cl 0 sigma 0.17627  G -8.15391541e-03 1.39957666e-01 8.54074955e-02 1.00000000e+00
173 P st 42 cl 0 sigma 0.17627  G -1.40148401e-01 6.44326210e-02 5.23090363e-02 1.00000000e+00
173 P st 44 cl 0 sigma 0.17627  G 8.36431980e-02 1.32483244e-01 4.39226627e-02 1.00000000e+00
173 P st 45 cl 0 sigma 0.17627  G -1.22046471e-01 1.03068352e-01 2.75373459e-02 1.00000000e+00
173 P st 47 cl 0 sigma 0.17627  G -1.44791603e-01 -6.85334206e-02 2.31027603e-02 1.00000000e+00
173 S st 10 cl 1 sigma 0.13790  G 5.16414642e-02 -2.71940231e-01 4.33683395e-02 1.00000000e+00
173 S st 11 cl 0 sigma 0.10762  G 8.53538513e-03 -2.74693966e-01 5.68747520e-02 1.00000000e+00
173 S st 12 cl 0 sigma 0.10762  G -5.98311424e-02 -2.64787674e-01 7.37667084e-02 1.00000000e+00
173 S st 13 cl 1 sigma 0.13790  G -1.37484074e-01 -2.30336189e-01 9.04798508e-02 1.00000000e+00
173 S st 14 cl 1 sigma 0.13790  G -2.46345997e-01 -1.00350380e-01 9.13977623e-02 1.00000000e+00
173 S st 15 cl 1 sigma 0.13790  G -2.67863274e-01 -1.47581100e-02 8.43286514e-02 1.00000000e+00
173 S st 16 cl 0 sigma 0.10762  G -2.70926952e-01 3.81588936e-02 6.61373138e-02 1.00000000e+00
173 S st 18 cl 0 sigma 0.10762  G -1.98936462e-01 -1.93595886e-01 3.32355499e-02 1.00000000e+00
173 S st 19 cl 1 sigma 0.13790  G -1.11699104e-02 -2.35629082e-01 1.65581703e-01 1.00000000e+00
173 S st 20 cl 0 sigma 0.10762  G -2.44283676e-01 8.38756561e-02 1.21188164e-01 1.00000000e+00
173 S st 31 cl 0 sigma 0.10762  G -2.21443176e-01 -1.65867805e-01 4.44412231e-02 1.00000000e+00
173 S st 33 cl 0 sigma 0.10762  G 2.02596188e-01 -1.75523758e-01 8.50796700e-02 1.00000000e+00
173 S st 34 cl 1 sigma 0.13790  G -1.25432014e-01 -2.00366974e-01 1.53148174e-01 1.00000000e+00
173 S st 36 cl 1 sigma 0.13790  G 2.27272511e-01 -5.16653061e-02 1.63829327e-01 1.00000000e+00
173 S st 40 cl 0 sigma 0.10762  G 1.90663338e-01 1.66475773e-01 1.27673149e-01 1.00000000e+00
173 S st 44 cl 0 sigma 0.10762  G 1.44696236e-01 2.29203701e-01 7.59959221e-02 1.00000000e+00
173 S st 47 cl 0 sigma 0.10762  G -2.50530243e-01 -1.18541718e-01 4.00304794e-02 1.00000000e+00
# EVENT 174  nrows 33  ncols 4  params[x y z ot]  hypo -8.3465 -5.2343 0.7449
174 P st 11 cl 0 sigma 0.17627  G 1.01923943e-02 -1.60479546e-01 1.31249428e-02 1.00000000e+00
174 P st 12 cl 0 sigma 0.17627  G -2.96175480e-02 -1.57636404e-01 1.74403191e-02 1.00000000e+00
174 P st 13 cl 0 sigma 0.17627  G -7.71462917e-02 -1.39671564e-01 2.33352184e-02 1.00000000e+00
174 P st 14 cl 0 sigma 0.17627  G -1.47581100e-01 -6.06417656e-02 2.41518021e-02 1.00000000e+00
174 P st 16 cl 0 sigma 0.17627  G -1.58560276e-01 2.52246857e-02 1.56939030e-02 1.00000000e+00
174 P st 18 cl 0 sigma 0.17627  G -1.14345551e-01 -1.13403797e-01 8.61883163e-03 1.00000000e+00
174 P st 19 cl 0 sigma 0.17627  G 5.17368317e-03 -1.47545338e-01 5.87880611e-02 1.00000000e+00
174 P st 20 cl 0 sigma 0.17627  G -1.46019459e-01 5.68687916e-02 3.68535519e-02 1.00000000e+00
174 P st 31 cl 0 sigma 0.17627  G -1.27983093e-01 -9.76324081e-02 1.09076500e-02 1.00000000e+00
174 P st 33 cl 0 sigma 0.17627  G 1.25116110e-01 -9.99867916e-02 1.94370747e-02 1.00000000e+00
174 P st 34 cl 0 sigma 0.17627  G -7.35640526e-02 -1.32822990e-01 5.47111034e-02 1.00000000e+00
174 P st 36 cl 0 sigma 0.17627  G 1.51211023e-01 -2.79903412e-02 5.00559807e-02 1.00000000e+00
174 P st 38 cl 0 sigma 0.17627  G 8.26627016e-02 3.80456448e-02 1.27694011e-01 1.00000000e+00
174 P st 39 cl 0 sigma 0.17627  G -1.59454346e-01 2.23517418e-02 9.47713852e-03 1.00000000e+00
174 P st 40 cl 0 sigma 0.17627  G 1.21426582e-01 1.01059675e-01 3.31461430e-02 1.00000000e+00
174 P st 41 cl 0 sigma 0.17627  G 1.75833702e-03 1.53565407e-01 4.55796719e-02 1.00000000e+00
174 P st 42 cl 1 sigma 0.40238  G -1.42741203e-01 7.16030598e-02 2.33173370e-02 1.00000000e+00
174 P st 44 cl 0 sigma 0.17627  G 8.91327858e-02 1.33472681e-01 1.66952610e-02 1.00000000e+00
174 P st 47 cl 0 sigma 0.17627  G -1.45339966e-01 -6.92963600e-02 1.00374222e-02 1.00000000e+00
174 S st 11 cl 0 sigma 0.10762  G 1.76429749e-02 -2.77626514e-01 2.27332115e-02 1.00000000e+00
174 S st 12 cl 0 sigma 0.10762  G -5.12242317e-02 -2.72703171e-01 3.01599503e-02 1.00000000e+00
174 S st 13 cl 1 sigma 0.13790  G -1.33454800e-01 -2.41625309e-01 4.03642654e-02 1.00000000e+00
174 S st 16 cl 0 sigma 0.10762  G -2.74312496e-01 4.36425209e-02 2.71439552e-02 1.00000000e+00
174 S st 18 cl 0 sigma 0.10762  G -1.97839737e-01 -1.96194649e-01 1.49011612e-02 1.00000000e+00
174 S st 19 cl 1 sigma 0.13790  G 8.95261765e-03 -2.55250931e-01 1.01697445e-01 1.00000000e+00
174 S st 20 cl 0 sigma 0.10762  G -2.52628326e-01 9.83953476e-02 6.37531281e-02 1.00000000e+00
174 S st 31 cl 1 sigma 0.13790  G -2.21395493e-01 -1.68895721e-01 1.88827515e-02 1.00000000e+00
174 S st 33 cl 1 sigma 0.13790  G 2.16460228e-01 -1.72984600e-01 3.36050987e-02 1.00000000e+00
174 S st 34 cl 1 sigma 0.13790  G -1.27267838e-01 -2.29775906e-01 9.46640968e-02 1.00000000e+00
174 S st 36 cl 1 sigma 0.13790  G 2.61592865e-01 -4.84228134e-02 8.66055489e-02 1.00000000e+00
174 S st 40 cl 1 sigma 0.13790  G 2.10082531e-01 1.74856186e-01 5.73515892e-02 1.00000000e+00
174 S st 44 cl 0 sigma 0.10762  G 1.54221058e-01 2.30932236e-01 2.88724899e-02 1.00000000e+00
174 S st 47 cl 1 sigma 0.13790  G -2.51412392e-01 -1.19876862e-01 1.73807144e-02 1.00000000e+00
# EVENT 175  nrows 44  ncols 4  params[x y z ot]  hypo -8.6026 -5.4409 1.6288
175 P st 10 cl 0 sigma 0.17627  G 3.04698944e-02 -1.56867504e-01 2.48193741e-02 1.00000000e+00
175 P st 11 cl 0 sigma 0.17627  G 6.02006912e-03 -1.58715248e-01 3.25202942e-02 1.00000000e+00
175 P st 12 cl 0 sigma 0.17627  G -3.27467918e-02 -1.52832270e-01 4.21583652e-02 1.00000000e+00
175 P st 13 cl 0 sigma 0.17627  G -7.69555569e-02 -1.33699179e-01 5.19394875e-02 1.00000000e+00
175 P st 14 cl 0 sigma 0.17627  G -1.40583515e-01 -5.99980354e-02 5.31554222e-02 1.00000000e+00
175 P st 15 cl 0 sigma 0.17627  G -1.53923035e-01 -1.05321407e-02 4.93228436e-02 1.00000000e+00
175 P st 16 cl 0 sigma 0.17627  G -1.56337023e-01 2.05576420e-02 3.86655331e-02 1.00000000e+00
175 P st 18 cl 0 sigma 0.17627  G -1.14071369e-01 -1.12640858e-01 1.92046165e-02 1.00000000e+00
175 P st 19 cl 0 sigma 0.17627  G -3.79681587e-03 -1.34336948e-01 9.38177109e-02 1.00000000e+00
175 P st 20 cl 0 sigma 0.17627  G -1.37656927e-01 4.54783440e-02 7.14123249e-02 1.00000000e+00
175 P st 22 cl 0 sigma 0.17627  G -7.64012337e-02 -1.41334534e-01 1.51991844e-02 1.00000000e+00
175 P st 23 cl 0 sigma 0.17627  G 5.51104546e-02 -1.50620937e-01 1.85608864e-02 1.00000000e+00
175 P st 28 cl 0 sigma 0.17627  G -9.69171524e-02 -1.26886368e-01 2.56776810e-02 1.00000000e+00
175 P st 31 cl 0 sigma 0.17627  G -1.26922131e-01 -9.69648361e-02 2.56896019e-02 1.00000000e+00
175 P st 33 cl 0 sigma 0.17627  G 1.17093325e-01 -1.02031231e-01 4.82439995e-02 1.00000000e+00
175 P st 34 cl 0 sigma 0.17627  G -6.85334206e-02 -1.15966797e-01 8.76784325e-02 1.00000000e+00
175 P st 36 cl 0 sigma 0.17627  G 1.28889084e-01 -3.16560268e-02 9.27031040e-02 1.00000000e+00
175 P st 37 cl 0 sigma 0.17627  G -1.58464909e-01 -1.70350075e-02 2.81453133e-02 1.00000000e+00
175 P st 38 cl 0 sigma 0.17627  G 6.87956810e-02 2.75373459e-02 1.43712759e-01 1.00000000e+00
175 P st 39 cl 0 sigma 0.17627  G -1.58882141e-01 1.96576118e-02 2.17318535e-02 1.00000000e+00
175 P st 40 cl 0 sigma 0.17627  G 1.11305714e-01 9.28044319e-02 7.38382339e-02 1.00000000e+00
175 P st 41 cl 0 sigma 0.17627  G -5.99026680e-03 1.38372183e-01 8.71300697e-02 1.00000000e+00
175 P st 42 cl 1 sigma 0.40238  G -1.39856339e-01 6.30497932e-02 5.32686710e-02 1.00000000e+00
175 P st 44 cl 0 sigma 0.17627  G 8.51154327e-02 1.30802393e-01 4.41670418e-02 1.00000000e+00
175 P st 47 cl 0 sigma 0.17627  G -1.43992901e-01 -6.96301460e-02 2.31862068e-02 1.00000000e+00
175 S st 10 cl 1 sigma 0.13790  G 5.27143478e-02 -2.71344185e-01 4.29630280e-02 1.00000000e+00
175 S st 11 cl 0 sigma 0.10762  G 1.04069710e-02 -2.74562836e-01 5.62310219e-02 1.00000000e+00
175 S st 12 cl 0 sigma 0.10762  G -5.66482544e-02 -2.64406204e-01 7.29322433e-02 1.00000000e+00
175 S st 13 cl 1 sigma 0.13790  G -1.33121014e-01 -2.31301785e-01 8.98599625e-02 1.00000000e+00
175 S st 15 cl 0 sigma 0.10762  G -2.66289711e-01 -1.82151794e-02 8.53300095e-02 1.00000000e+00
175 S st 16 cl 0 sigma 0.10762  G -2.70462036e-01 3.55601311e-02 6.68883324e-02 1.00000000e+00
175 S st 18 cl 0 sigma 0.10762  G -1.97315216e-01 -1.94907188e-01 3.32355499e-02 1.00000000e+00
175 S st 20 cl 0 sigma 0.10762  G -2.38180161e-01 7.86542892e-02 1.23548508e-01 1.00000000e+00
175 S st 22 cl 1 sigma 0.13790  G -1.32179260e-01 -2.44498253e-01 2.63214111e-02 1.00000000e+00
175 S st 23 cl 1 sigma 0.13790  G 9.53197479e-02 -2.60591507e-01 3.21388245e-02 1.00000000e+00
175 S st 28 cl 0 sigma 0.10762  G -1.67679787e-01 -2.19488144e-01 4.44173813e-02 1.00000000e+00
175 S st 31 cl 1 sigma 0.13790  G -2.19559669e-01 -1.67775154e-01 4.44412231e-02 1.00000000e+00
175 S st 33 cl 0 sigma 0.10762  G 2.02584267e-01 -1.76513195e-01 8.34703445e-02 1.00000000e+00
175 S st 36 cl 0 sigma 0.10762  G 2.22980976e-01 -5.47647476e-02 1.60384178e-01 1.00000000e+00
175 S st 37 cl 1 sigma 0.13790  G -2.74109840e-01 -2.94446945e-02 4.87089157e-02 1.00000000e+00
175 S st 39 cl 1 sigma 0.13790  G -2.74825096e-01 3.39746475e-02 3.75986099e-02 1.00000000e+00
175 S st 40 cl 1 sigma 0.13790  G 1.92546844e-01 1.60551071e-01 1.27756596e-01 1.00000000e+00
175 S st 44 cl 0 sigma 0.10762  G 1.47259235e-01 2.26294994e-01 7.64012337e-02 1.00000000e+00
175 S st 47 cl 1 sigma 0.13790  G -2.49123573e-01 -1.20472908e-01 4.01020050e-02 1.00000000e+00
# EVENT 176  nrows 27  ncols 4  params[x y z ot]  hypo -9.8316 -4.1974 -0.0324
176 P st 10 cl 0 sigma 0.17627  G 1.78575516e-02 -1.62351131e-01 -4.06384468e-02 1.00000000e+00
176 P st 11 cl 0 sigma 0.17627  G -1.52707100e-02 -1.70230865e-01 1.74999237e-02 1.00000000e+00
176 P st 12 cl 0 sigma 0.17627  G -6.88672066e-02 -1.60819292e-01 3.55601311e-02 1.00000000e+00
176 P st 13 cl 0 sigma 0.17627  G -1.22433901e-01 -1.25646591e-01 4.03344631e-02 1.00000000e+00
176 P st 15 cl 0 sigma 0.17627  G -1.71631575e-01 1.48177147e-02 2.55823135e-02 1.00000000e+00
176 P st 16 cl 0 sigma 0.17627  G -1.62017345e-01 3.85165215e-02 -1.07765198e-02 1.00000000e+00
176 P st 18 cl 0 sigma 0.17627  G -1.26039982e-01 -1.00457668e-01 -7.99179077e-02 1.00000000e+00
176 P st 19 cl 0 sigma 0.17627  G -6.77406788e-02 -1.46403909e-01 7.82817602e-02 1.00000000e+00
176 P st 23 cl 0 sigma 0.17627  G 4.81247902e-02 -1.53875351e-01 -7.90834427e-02 1.00000000e+00
176 P st 25 cl 1 sigma 0.40238  G -8.71300697e-02 -1.35588646e-01 -7.96437263e-02 1.00000000e+00
176 P st 33 cl 0 sigma 0.17627  G 1.33854151e-01 -1.11466646e-01 4.66883183e-02 1.00000000e+00
176 P st 36 cl 0 sigma 0.17627  G 1.51652098e-01 1.08659267e-02 8.62300396e-02 1.00000000e+00
176 P st 37 cl 0 sigma 0.17627  G -1.62041187e-01 -1.54972076e-04 -6.55412674e-02 1.00000000e+00
176 P st 38 cl 0 sigma 0.17627  G 1.60843134e-02 1.17895007e-01 1.20949745e-01 1.00000000e+00
176 P st 40 cl 0 sigma 0.17627  G 9.00566578e-02 1.47116184e-01 5.01930714e-02 1.00000000e+00
176 P st 42 cl 1 sigma 0.40238  G -1.52611732e-01 8.22544098e-02 2.64406204e-02 1.00000000e+00
176 P st 43 cl 1 sigma 0.40238  G -1.33013725e-01 1.02055073e-01 -1.95503235e-03 1.00000000e+00
176 P st 46 cl 0 sigma 0.17627  G -1.57874823e-01 -7.28070736e-02 3.07500362e-02 1.00000000e+00
176 P st 47 cl 1 sigma 0.40238  G -1.52230263e-01 -5.33819199e-02 -7.73668289e-02 1.00000000e+00
176 S st 11 cl 1 sigma 0.13790  G -2.63929367e-02 -2.94506550e-01 3.02553177e-02 1.00000000e+00
176 S st 12 cl 1 sigma 0.13790  G -1.19161606e-01 -2.78210640e-01 6.15119934e-02 1.00000000e+00
176 S st 16 cl 1 sigma 0.13790  G -2.80320644e-01 6.66260719e-02 -1.86324120e-02 1.00000000e+00
176 S st 18 cl 1 sigma 0.13790  G -2.18033791e-01 -1.73807144e-01 -1.38258934e-01 1.00000000e+00
176 S st 33 cl 1 sigma 0.13790  G 2.31564045e-01 -1.92832947e-01 8.07762146e-02 1.00000000e+00
176 S st 37 cl 1 sigma 0.13790  G -2.80332565e-01 -2.86102295e-04 -1.13368034e-01 1.00000000e+00
176 S st 38 cl 1 sigma 0.13790  G 2.78234482e-02 2.03961134e-01 2.09236145e-01 1.00000000e+00
176 S st 40 cl 0 sigma 0.10762  G 1.55806541e-01 2.54511833e-01 8.68439674e-02 1.00000000e+00
# EVENT 177  nrows 35  ncols 4  params[x y z ot]  hypo -7.5437 -4.8058 -1.5400
177 P st 10 cl 0 sigma 0.17627  G 5.01871109e-02 -1.72889233e-01 -3.56626511e-01 1.00000000e+00
177 P st 11 cl 0 sigma 0.17627  G 2.62975693e-02 -1.78098679e-01 -3.56638432e-01 1.00000000e+00
177 P st 12 cl 0 sigma 0.17627  G -1.66296959e-02 -1.79272890e-01 -3.56638432e-01 1.00000000e+00
177 P st 13 cl 0 sigma 0.17627  G -7.37547874e-02 -1.64240599e-01 -3.56638432e-01 1.00000000e+00
177 P st 14 cl 0 sigma 0.17627  G -1.67602301e-01 -6.57498837e-02 -3.56632471e-01 1.00000000e+00
177 P st 15 cl 0 sigma 0.17627  G -1.80000067e-01 3.78489494e-03 -3.56632471e-01 1.00000000e+00
177 P st 16 cl 0 sigma 0.17627  G -1.75470114e-01 4.02748585e-02 -3.56638432e-01 1.00000000e+00
177 P st 18 cl 0 sigma 0.17627  G -1.25634670e-01 -1.28960609e-01 -3.56626511e-01 1.00000000e+00
177 P st 19 cl 0 sigma 0.17627  G 4.65273857e-02 -1.73914433e-01 -3.56638432e-01 1.00000000e+00
177 P st 21 cl 0 sigma 0.17627  G -4.08768654e-02 -1.57105923e-01 -3.65388393e-01 1.00000000e+00
177 P st 25 cl 1 sigma 0.40238  G -7.42316246e-02 -1.64031982e-01 -3.56650352e-01 1.00000000e+00
177 P st 28 cl 0 sigma 0.17627  G -1.03616714e-01 -1.47235394e-01 -3.56638432e-01 1.00000000e+00
177 P st 31 cl 0 sigma 0.17627  G -1.41727924e-01 -1.11019611e-01 -3.56650352e-01 1.00000000e+00
177 P st 33 cl 0 sigma 0.17627  G 1.51586533e-01 -9.71257687e-02 -3.56632471e-01 1.00000000e+00
177 P st 34 cl 0 sigma 0.17627  G -6.33686781e-02 -1.68514252e-01 -3.56632471e-01 1.00000000e+00
177 P st 36 cl 0 sigma 0.17627  G 1.79529190e-01 -1.35183334e-02 -3.56632471e-01 1.00000000e+00
177 P st 37 cl 0 sigma 0.17627  G -1.79719925e-01 -1.04904175e-02 -3.56626511e-01 1.00000000e+00
177 P st 38 cl 0 sigma 0.17627  G 1.66732073e-01 8.06182623e-02 -3.30793858e-01 1.00000000e+00
177 P st 39 cl 0 sigma 0.17627  G -1.77192688e-01 3.18408012e-02 -3.56638432e-01 1.00000000e+00
177 P st 40 cl 0 sigma 0.17627  G 1.41578913e-01 1.11210346e-01 -3.56632471e-01 1.00000000e+00
177 P st 42 cl 0 sigma 0.17627  G -1.50805712e-01 9.83357430e-02 -3.56632471e-01 1.00000000e+00
177 P st 43 cl 0 sigma 0.17627  G -1.29938126e-01 1.24627352e-01 -3.56644392e-01 1.00000000e+00
177 P st 44 cl 0 sigma 0.17627  G 1.06739998e-01 1.44970417e-01 -3.56626511e-01 1.00000000e+00
177 P st 46 cl 0 sigma 0.17627  G -1.41513348e-01 -1.11299753e-01 -3.56638432e-01 1.00000000e+00
177 S st 10 cl 1 sigma 0.13790  G 8.68558884e-02 -2.99119949e-01 -6.16979599e-01 1.00000000e+00
177 S st 11 cl 1 sigma 0.13790  G 4.54902649e-02 -3.08120251e-01 -6.16979599e-01 1.00000000e+00
177 S st 12 cl 0 sigma 0.10762  G -2.87771225e-02 -3.10134888e-01 -6.16979599e-01 1.00000000e+00
177 S st 13 cl 0 sigma 0.10762  G -1.27601624e-01 -2.84135342e-01 -6.16991520e-01 1.00000000e+00
177 S st 18 cl 1 sigma 0.13790  G -2.17366219e-01 -2.23088264e-01 -6.16979599e-01 1.00000000e+00
177 S st 33 cl 1 sigma 0.13790  G 2.62236595e-01 -1.68025494e-01 -6.16967678e-01 1.00000000e+00
177 S st 36 cl 0 sigma 0.10762  G 3.10587883e-01 -2.33888626e-02 -6.16967678e-01 1.00000000e+00
177 S st 37 cl 1 sigma 0.13790  G -3.10921669e-01 -1.81555748e-02 -6.16979599e-01 1.00000000e+00
177 S st 38 cl 1 sigma 0.13790  G 2.88450718e-01 1.39456987e-01 -5.72270155e-01 1.00000000e+00
177 S st 40 cl 0 sigma 0.10762  G 2.44903564e-01 1.92403793e-01 -6.16967678e-01 1.00000000e+00
177 S st 44 cl 1 sigma 0.13790  G 1.84667110e-01 2.50792503e-01 -6.16979599e-01 1.00000000e+00
# EVENT 178  nrows 22  ncols 4  params[x y z ot]  hypo -7.8099 -4.8762 0.6104
178 P st 10 cl 1 sigma 0.40238  G 4.15802002e-02 -1.55603886e-01 1.06573105e-02 1.00000000e+00
178 P st 11 cl 0 sigma 0.17627  G 1.91450119e-02 -1.59859657e-01 1.35779381e-02 1.00000000e+00
178 P st 12 cl 0 sigma 0.17627  G -2.01880932e-02 -1.59406662e-01 1.89363956e-02 1.00000000e+00
178 P st 13 cl 0 sigma 0.17627  G -7.05480576e-02 -1.43599510e-01 2.69830227e-02 1.00000000e+00
178 P st 16 cl 0 sigma 0.17627  G -1.57248974e-01 3.35574150e-02 1.68979168e-02 1.00000000e+00
178 P st 18 cl 0 sigma 0.17627  G -1.13487244e-01 -1.14357471e-01 8.92877579e-03 1.00000000e+00
178 P st 19 cl 0 sigma 0.17627  G 2.78711319e-02 -1.48183107e-01 6.57439232e-02 1.00000000e+00
178 P st 20 cl 0 sigma 0.17627  G -1.39009953e-01 7.21216202e-02 4.11510468e-02 1.00000000e+00
178 P st 26 cl 1 sigma 0.40238  G -1.15132332e-01 -1.12700462e-01 7.43865967e-03 1.00000000e+00
178 P st 33 cl 0 sigma 0.17627  G 1.32995844e-01 -9.01579857e-02 1.86145306e-02 1.00000000e+00
178 P st 36 cl 0 sigma 0.17627  G 1.57207251e-01 -1.46865845e-02 4.22358513e-02 1.00000000e+00
178 P st 38 cl 0 sigma 0.17627  G 1.19185448e-01 6.06775284e-02 1.05738640e-01 1.00000000e+00
178 P st 40 cl 0 sigma 0.17627  G 1.23983622e-01 1.00928545e-01 2.75194645e-02 1.00000000e+00
178 P st 41 cl 0 sigma 0.17627  G 1.78515911e-02 1.56766176e-01 3.99410725e-02 1.00000000e+00
178 P st 43 cl 1 sigma 0.40238  G -1.19060278e-01 1.07979774e-01 1.75416470e-02 1.00000000e+00
178 P st 45 cl 1 sigma 0.40238  G -1.14583969e-01 1.13177299e-01 1.15275383e-02 1.00000000e+00
178 S st 12 cl 1 sigma 0.13790  G -3.49283218e-02 -2.75766850e-01 3.27587128e-02 1.00000000e+00
178 S st 18 cl 1 sigma 0.13790  G -1.96313858e-01 -1.97839737e-01 1.54495239e-02 1.00000000e+00
178 S st 33 cl 1 sigma 0.13790  G 2.30097771e-01 -1.55961514e-01 3.21984291e-02 1.00000000e+00
178 S st 36 cl 1 sigma 0.13790  G 2.71952152e-01 -2.54034996e-02 7.30633736e-02 1.00000000e+00
178 S st 40 cl 1 sigma 0.13790  G 2.14517117e-01 1.74617767e-01 4.76241112e-02 1.00000000e+00
178 S st 41 cl 1 sigma 0.13790  G 3.08871269e-02 2.71201134e-01 6.91056252e-02 1.00000000e+00
# EVENT 179  nrows 22  ncols 4  params[x y z ot]  hypo -9.0512 -4.7529 2.6948
179 P st 12 cl 0 sigma 0.17627  G -4.13417816e-02 -1.40947104e-01 6.70611858e-02 1.00000000e+00
179 P st 13 cl 0 sigma 0.17627  G -8.38398933e-02 -1.14685297e-01 7.76529312e-02 1.00000000e+00
179 P st 15 cl 1 sigma 0.40238  G -1.46985054e-01 3.49879265e-03 6.73055649e-02 1.00000000e+00
179 P st 16 cl 0 sigma 0.17627  G -1.49846077e-01 2.97188759e-02 5.46693802e-02 1.00000000e+00
179 P st 19 cl 0 sigma 0.17627  G -1.71482563e-02 -1.04928017e-01 1.25229359e-01 1.00000000e+00
179 P st 20 cl 0 sigma 0.17627  G -1.26916170e-01 5.41031361e-02 8.61048698e-02 1.00000000e+00
179 P st 33 cl 0 sigma 0.17627  G 1.09940767e-01 -8.95678997e-02 7.76827335e-02 1.00000000e+00
179 P st 34 cl 0 sigma 0.17627  G -7.51376152e-02 -8.69035721e-02 1.15597248e-01 1.00000000e+00
179 P st 36 cl 1 sigma 0.40238  G 1.04278326e-01 -9.53674316e-03 1.22702122e-01 1.00000000e+00
179 P st 37 cl 1 sigma 0.40238  G -1.56021118e-01 -7.29560852e-03 4.23073769e-02 1.00000000e+00
179 P st 38 cl 0 sigma 0.17627  G 3.74317169e-02 4.64797020e-02 1.50287151e-01 1.00000000e+00
179 P st 40 cl 0 sigma 0.17627  G 8.54551792e-02 9.63687897e-02 9.53853130e-02 1.00000000e+00
179 P st 41 cl 0 sigma 0.17627  G -1.53541565e-02 1.25944614e-01 9.90569592e-02 1.00000000e+00
179 P st 42 cl 0 sigma 0.17627  G -1.29294395e-01 6.72101974e-02 6.87360764e-02 1.00000000e+00
179 P st 44 cl 0 sigma 0.17627  G 7.05063343e-02 1.32364035e-01 6.21378422e-02 1.00000000e+00
179 S st 12 cl 1 sigma 0.13790  G -7.15255737e-02 -2.43842602e-01 1.16026402e-01 1.00000000e+00
179 S st 15 cl 1 sigma 0.13790  G -2.54273415e-01 6.03199005e-03 1.16443634e-01 1.00000000e+00
179 S st 19 cl 1 sigma 0.13790  G -2.96592712e-02 -1.81543827e-01 2.16662884e-01 1.00000000e+00
179 S st 33 cl 1 sigma 0.13790  G 1.90186501e-01 -1.54960155e-01 1.34408474e-01 1.00000000e+00
179 S st 34 cl 1 sigma 0.13790  G -1.29973888e-01 -1.50358677e-01 1.99973583e-01 1.00000000e+00
179 S st 40 cl 0 sigma 0.10762  G 1.47855282e-01 1.66714191e-01 1.65009499e-01 1.00000000e+00
179 S st 44 cl 1 sigma 0.13790  G 1.21986866e-01 2.28965282e-01 1.07502937e-01 1.00000000e+00
# EVENT 180  nrows 27  ncols 4  params[x y z ot]  hypo -6.9188 -2.3217 0.3772
180 P st 12 cl 0 sigma 0.17627  G -2.54511833e-03 -1.62953138e-01 4.61220741e-02 1.00000000e+00
180 P st 13 cl 0 sigma 0.17627  G -8.21411610e-02 -1.34074688e-01 8.37534666e-02 1.00000000e+00
180 P st 14 cl 0 sigma 0.17627  G -1.61099434e-01 1.37627125e-02 5.55336475e-02 1.00000000e+00
180 P st 15 cl 0 sigma 0.17627  G -1.49124861e-01 6.88552856e-02 1.48177147e-02 1.00000000e+00
180 P st 16 cl 0 sigma 0.17627  G -1.41346455e-01 8.35299492e-02 -4.46259975e-02 1.00000000e+00
180 P st 18 cl 0 sigma 0.17627  G -1.23322010e-01 -1.03807449e-01 -8.36968422e-02 1.00000000e+00
180 P st 19 cl 0 sigma 0.17627  G 8.66711140e-02 -5.72562218e-02 1.39296055e-01 1.00000000e+00
180 P st 20 cl 0 sigma 0.17627  G -9.59157944e-02 1.32566690e-01 2.68161297e-02 1.00000000e+00
180 P st 25 cl 0 sigma 0.17627  G -7.15970993e-02 -1.44505501e-01 -8.35537910e-02 1.00000000e+00
180 P st 31 cl 0 sigma 0.17627  G -1.42914057e-01 -7.78198242e-02 -6.61551952e-02 1.00000000e+00
180 P st 33 cl 0 sigma 0.17627  G 1.59543753e-01 -3.98397446e-02 -2.21967697e-02 1.00000000e+00
180 P st 34 cl 0 sigma 0.17627  G -3.77684832e-02 -4.60356474e-02 1.71422958e-01 1.00000000e+00
180 P st 36 cl 0 sigma 0.17627  G 1.54525042e-01 5.48601151e-02 2.34067440e-02 1.00000000e+00
180 P st 37 cl 0 sigma 0.17627  G -1.59585476e-01 2.97069550e-02 -7.33494759e-02 1.00000000e+00
180 P st 38 cl 0 sigma 0.17627  G 1.04391575e-01 1.22475624e-01 5.68985939e-02 1.00000000e+00
180 P st 40 cl 0 sigma 0.17627  G 1.08504295e-01 1.22845173e-01 -4.72068787e-02 1.00000000e+00
180 P st 41 cl 0 sigma 0.17627  G 3.09050083e-02 1.61546469e-01 -2.18927860e-02 1.00000000e+00
180 P st 42 cl 0 sigma 0.17627  G -1.03163719e-01 1.28102303e-01 -2.00927258e-02 1.00000000e+00
180 P st 43 cl 1 sigma 0.40238  G -8.90016556e-02 1.36637688e-01 -6.51597977e-02 1.00000000e+00
180 P st 46 cl 0 sigma 0.17627  G -1.52969360e-01 -5.23984432e-02 5.44428825e-02 1.00000000e+00
180 P st 47 cl 0 sigma 0.17627  G -1.56033039e-01 -4.25219536e-02 -8.01086426e-02 1.00000000e+00
180 S st 18 cl 0 sigma 0.10762  G -2.13360786e-01 -1.79576874e-01 -1.44791603e-01 1.00000000e+00
180 S st 20 cl 0 sigma 0.10762  G -1.65915489e-01 2.29334831e-01 4.63962555e-02 1.00000000e+00
180 S st 25 cl 1 sigma 0.13790  G -1.23882294e-01 -2.49981880e-01 -1.44553185e-01 1.00000000e+00
180 S st 34 cl 0 sigma 0.10762  G -6.53386116e-02 -7.96377659e-02 2.96562910e-01 1.00000000e+00
180 S st 38 cl 1 sigma 0.13790  G 1.80602074e-01 2.11894512e-01 9.84191895e-02 1.00000000e+00
180 S st 40 cl 0 sigma 0.10762  G 1.87706947e-01 2.12526321e-01 -8.16583633e-02 1.00000000e+00
# EVENT 181  nrows 36  ncols 4  params[x y z ot]  hypo -5.2788 -8.8530 2.9164
181 P st 10 cl 0 sigma 0.17627  G 5.32627106e-02 -1.49238110e-01 2.86459923e-02 1.00000000e+00
181 P st 11 cl 0 sigma 0.17627  G 4.05550003e-02 -1.51669979e-01 3.51786613e-02 1.00000000e+00
181 P st 12 cl 0 sigma 0.17627  G 2.05636024e-02 -1.53446198e-01 4.38094139e-02 1.00000000e+00
181 P st 13 cl 0 sigma 0.17627  G -3.13520432e-03 -1.51479244e-01 5.48124313e-02 1.00000000e+00
181 P st 14 cl 0 sigma 0.17627  G -6.21676445e-02 -1.25086308e-01 7.64071941e-02 1.00000000e+00
181 P st 15 cl 0 sigma 0.17627  G -9.45568085e-02 -9.19640064e-02 9.12010670e-02 1.00000000e+00
181 P st 16 cl 0 sigma 0.17627  G -1.26415491e-01 -5.01930714e-02 8.56637955e-02 1.00000000e+00
181 P st 18 cl 0 sigma 0.17627  G -7.73072243e-02 -1.38342381e-01 2.89320946e-02 1.00000000e+00
181 P st 19 cl 0 sigma 0.17627  G 5.72085381e-02 -1.34998560e-01 6.50286674e-02 1.00000000e+00
181 P st 20 cl 0 sigma 0.17627  G -6.12080097e-02 -5.61892986e-02 1.39379501e-01 1.00000000e+00
181 P st 23 cl 0 sigma 0.17627  G 6.82830811e-02 -1.44147873e-01 2.27689743e-02 1.00000000e+00
181 P st 28 cl 0 sigma 0.17627  G -4.87327576e-02 -1.49250031e-01 3.55720520e-02 1.00000000e+00
181 P st 29 cl 0 sigma 0.17627  G -1.03926659e-01 -1.19328499e-01 3.04937363e-02 1.00000000e+00
181 P st 31 cl 0 sigma 0.17627  G -8.07881355e-02 -1.33359432e-01 3.91840935e-02 1.00000000e+00
181 P st 32 cl 0 sigma 0.17627  G -1.31440163e-01 -8.87036324e-02 2.80976295e-02 1.00000000e+00
181 P st 33 cl 0 sigma 0.17627  G 1.13844872e-01 -1.05702877e-01 4.16755676e-02 1.00000000e+00
181 P st 34 cl 0 sigma 0.17627  G 2.07901001e-02 -1.40494108e-01 7.28428364e-02 1.00000000e+00
181 P st 36 cl 0 sigma 0.17627  G 1.27398968e-01 -7.52687454e-02 6.20603561e-02 1.00000000e+00
181 P st 37 cl 0 sigma 0.17627  G -1.32179260e-01 -7.37309456e-02 5.49077988e-02 1.00000000e+00
181 P st 38 cl 0 sigma 0.17627  G 1.12116337e-01 -6.58273697e-02 9.46044922e-02 1.00000000e+00
181 P st 39 cl 0 sigma 0.17627  G -1.53028965e-01 -2.12073326e-02 4.56452370e-02 1.00000000e+00
181 P st 40 cl 0 sigma 0.17627  G 1.41900778e-01 -4.17232513e-04 7.22289085e-02 1.00000000e+00
181 P st 41 cl 0 sigma 0.17627  G 8.53061676e-02 3.34084034e-02 1.28978491e-01 1.00000000e+00
181 P st 42 cl 0 sigma 0.17627  G -9.09149647e-02 -1.23441219e-02 1.29747391e-01 1.00000000e+00
181 P st 43 cl 0 sigma 0.17627  G -9.97304916e-02 4.52697277e-02 1.18339062e-01 1.00000000e+00
181 P st 44 cl 0 sigma 0.17627  G 1.35445595e-01 6.05344772e-02 6.24418259e-02 1.00000000e+00
181 P st 45 cl 0 sigma 0.17627  G -1.13916397e-01 8.38875771e-02 7.38382339e-02 1.00000000e+00
181 P st 46 cl 0 sigma 0.17627  G -4.95612621e-02 -1.40368938e-01 6.13331795e-02 1.00000000e+00
181 P st 47 cl 0 sigma 0.17627  G -1.09112263e-01 -1.11746788e-01 3.87430191e-02 1.00000000e+00
181 S st 13 cl 1 sigma 0.13790  G -5.42402267e-03 -2.62045860e-01 9.48309898e-02 1.00000000e+00
181 S st 18 cl 1 sigma 0.13790  G -1.33728981e-01 -2.39348412e-01 5.00440598e-02 1.00000000e+00
181 S st 20 cl 1 sigma 0.13790  G -1.05893612e-01 -9.72270966e-02 2.41124630e-01 1.00000000e+00
181 S st 29 cl 1 sigma 0.13790  G -1.79791451e-01 -2.06422806e-01 5.27858734e-02 1.00000000e+00
181 S st 34 cl 0 sigma 0.10762  G 3.59773636e-02 -2.43055820e-01 1.26016140e-01 1.00000000e+00
181 S st 36 cl 0 sigma 0.10762  G 2.20394135e-01 -1.30200386e-01 1.07371807e-01 1.00000000e+00
181 S st 44 cl 0 sigma 0.10762  G 2.34317780e-01 1.04749203e-01 1.08039379e-01 1.00000000e+00
# EVENT 182  nrows 17  ncols 4  params[x y z ot]  hypo 3.0949 -3.5403 3.3145
182 P st 13 cl 0 sigma 0.17627  G 1.31165981e-01 -6.76691532e-02 6.51657581e-02 1.00000000e+00
182 P st 14 cl 0 sigma 0.17627  G 1.19388103e-01 -1.83343887e-02 1.03873014e-01 1.00000000e+00
182 P st 15 cl 0 sigma 0.17627  G 1.08945370e-01 3.50236893e-02 1.15156174e-01 1.00000000e+00
182 P st 18 cl 0 sigma 0.17627  G 5.00679016e-04 -1.48856640e-01 6.27279282e-02 1.00000000e+00
182 P st 20 cl 0 sigma 0.17627  G 1.20717287e-01 6.68525696e-02 8.04066658e-02 1.00000000e+00
182 P st 29 cl 0 sigma 0.17627  G -4.59432602e-02 -1.32381916e-01 8.06212425e-02 1.00000000e+00
182 P st 31 cl 0 sigma 0.17627  G 3.59177589e-02 -1.24025345e-01 9.53316689e-02 1.00000000e+00
182 P st 37 cl 0 sigma 0.17627  G 2.44379044e-04 2.61962414e-02 1.59084797e-01 1.00000000e+00
182 P st 40 cl 0 sigma 0.17627  G 1.49202347e-01 5.00798225e-02 3.52978706e-02 1.00000000e+00
182 P st 42 cl 1 sigma 0.40238  G 9.91523266e-02 9.44793224e-02 8.59558582e-02 1.00000000e+00
182 P st 43 cl 1 sigma 0.40238  G 7.90715218e-02 1.18696690e-01 7.33017921e-02 1.00000000e+00
182 P st 47 cl 0 sigma 0.17627  G -2.22265720e-02 -1.02895498e-01 1.20621920e-01 1.00000000e+00
182 S st 14 cl 1 sigma 0.13790  G 2.06542015e-01 -3.17215919e-02 1.79708004e-01 1.00000000e+00
182 S st 18 cl 1 sigma 0.13790  G 8.46385956e-04 -2.57515907e-01 1.08528137e-01 1.00000000e+00
182 S st 29 cl 1 sigma 0.13790  G -7.94649124e-02 -2.29024887e-01 1.39498711e-01 1.00000000e+00
182 S st 31 cl 0 sigma 0.10762  G 6.21557236e-02 -2.14564800e-01 1.64914131e-01 1.00000000e+00
182 S st 47 cl 1 sigma 0.13790  G -3.84569168e-02 -1.78027153e-01 2.08675861e-01 1.00000000e+00
# EVENT 183  nrows 38  ncols 4  params[x y z ot]  hypo 0.9538 -2.7565 1.6134
183 P st 11 cl 0 sigma 0.17627  G 1.25586987e-01 -9.86933708e-02 2.59518623e-02 1.00000000e+00
183 P st 12 cl 0 sigma 0.17627  G 1.28924847e-01 -9.17494297e-02 3.60488892e-02 1.00000000e+00
183 P st 13 cl 0 sigma 0.17627  G 1.32972002e-01 -7.56859779e-02 5.29825687e-02 1.00000000e+00
183 P st 14 cl 0 sigma 0.17627  G 1.18327141e-01 -1.28149986e-03 1.13022327e-01 1.00000000e+00
183 P st 15 cl 0 sigma 0.17627  G 8.42511654e-02 8.32974911e-02 1.14685297e-01 1.00000000e+00
183 P st 16 cl 0 sigma 0.17627  G 1.98245049e-02 1.26993656e-01 9.70900059e-02 1.00000000e+00
183 P st 18 cl 0 sigma 0.17627  G -3.66151333e-02 -1.53398514e-01 3.85820866e-02 1.00000000e+00
183 P st 20 cl 0 sigma 0.17627  G 1.06358528e-01 1.06739998e-01 6.19471073e-02 1.00000000e+00
183 P st 21 cl 0 sigma 0.17627  G 3.24130058e-02 -1.57141685e-01 1.78337097e-02 1.00000000e+00
183 P st 22 cl 0 sigma 0.17627  G -2.31266022e-03 -1.60169601e-01 2.08020210e-02 1.00000000e+00
183 P st 26 cl 1 sigma 0.40238  G -6.41822815e-02 -1.45995617e-01 2.71439552e-02 1.00000000e+00
183 P st 28 cl 0 sigma 0.17627  G 3.65018845e-02 -1.50901079e-01 4.79519367e-02 1.00000000e+00
183 P st 29 cl 0 sigma 0.17627  G -9.09805298e-02 -1.25330687e-01 4.77254391e-02 1.00000000e+00
183 P st 31 cl 0 sigma 0.17627  G -1.39832497e-02 -1.44398212e-01 7.61032104e-02 1.00000000e+00
183 P st 33 cl 0 sigma 0.17627  G 1.58464909e-01 -2.36749649e-02 2.05278397e-02 1.00000000e+00
183 P st 34 cl 0 sigma 0.17627  G 1.52266026e-01 -2.35736370e-02 5.01453876e-02 1.00000000e+00
183 P st 36 cl 0 sigma 0.17627  G 1.58762932e-01 1.90973282e-02 2.36511230e-02 1.00000000e+00
183 P st 37 cl 0 sigma 0.17627  G -8.75294209e-02 5.85615635e-02 1.26016140e-01 1.00000000e+00
183 P st 38 cl 0 sigma 0.17627  G 1.52730942e-01 4.53591347e-02 2.93731689e-02 1.00000000e+00
183 P st 39 cl 0 sigma 0.17627  G -1.14953518e-01 9.96410847e-02 5.59329987e-02 1.00000000e+00
183 P st 40 cl 0 sigma 0.17627  G 1.46269798e-01 6.52074814e-02 2.14457512e-02 1.00000000e+00
183 P st 42 cl 0 sigma 0.17627  G 6.96957111e-02 1.32685900e-01 6.17980957e-02 1.00000000e+00
183 P st 44 cl 0 sigma 0.17627  G 1.32501125e-01 9.04560089e-02 1.85608864e-02 1.00000000e+00
183 P st 45 cl 0 sigma 0.17627  G 5.37633896e-03 1.58381462e-01 3.31997871e-02 1.00000000e+00
183 P st 46 cl 0 sigma 0.17627  G 1.11418962e-01 -6.49511814e-02 9.63687897e-02 1.00000000e+00
183 P st 47 cl 0 sigma 0.17627  G -9.32633877e-02 -1.04379654e-01 8.62419605e-02 1.00000000e+00
183 S st 13 cl 1 sigma 0.13790  G 2.30038166e-01 -1.30927563e-01 9.16481018e-02 1.00000000e+00
183 S st 15 cl 0 sigma 0.10762  G 1.45763159e-01 1.44100189e-01 1.98400021e-01 1.00000000e+00
183 S st 16 cl 0 sigma 0.10762  G 3.42905521e-02 2.19690800e-01 1.67977810e-01 1.00000000e+00
183 S st 18 cl 1 sigma 0.13790  G -6.33478165e-02 -2.65383720e-01 6.67452812e-02 1.00000000e+00
183 S st 29 cl 1 sigma 0.13790  G -1.57403946e-01 -2.16817856e-01 8.25643539e-02 1.00000000e+00
183 S st 33 cl 1 sigma 0.13790  G 2.74133682e-01 -4.09603119e-02 3.55005264e-02 1.00000000e+00
183 S st 34 cl 0 sigma 0.10762  G 2.63428688e-01 -4.07814980e-02 8.67605209e-02 1.00000000e+00
183 S st 36 cl 1 sigma 0.13790  G 2.74658203e-01 3.29971313e-02 4.09364700e-02 1.00000000e+00
183 S st 37 cl 0 sigma 0.10762  G -1.51431561e-01 1.01304054e-01 2.18009949e-01 1.00000000e+00
183 S st 38 cl 1 sigma 0.13790  G 2.64263153e-01 7.84635544e-02 5.07831573e-02 1.00000000e+00
183 S st 40 cl 1 sigma 0.13790  G 2.53057480e-01 1.12843513e-01 3.71694565e-02 1.00000000e+00
183 S st 44 cl 1 sigma 0.13790  G 2.29215622e-01 1.56521797e-01 3.20672989e-02 1.00000000e+00
# EVENT 184  nrows 36  ncols 4  params[x y z ot]  hypo 0.1122 -2.5130 -2.8156
184 P st 12 cl 0 sigma 0.17627  G 1.43146515e-01 -1.09195709e-01 -3.37386131e-01 1.00000000e+00
184 P st 13 cl 0 sigma 0.17627  G 1.53386593e-01 -9.42528248e-02 -3.37368250e-01 1.00000000e+00
184 P st 14 cl 0 sigma 0.17627  G 3.58727574e-01 3.19778919e-02 -1.05223060e-01 1.00000000e+00
184 P st 15 cl 0 sigma 0.17627  G 1.59150362e-01 2.82680988e-01 -1.76143646e-01 1.00000000e+00
184 P st 16 cl 0 sigma 0.17627  G -1.11460686e-02 1.91593170e-01 -3.22741270e-01 1.00000000e+00
184 P st 18 cl 0 sigma 0.17627  G -5.84602356e-02 -1.70278549e-01 -3.37374210e-01 1.00000000e+00
184 P st 19 cl 0 sigma 0.17627  G 1.78229809e-01 -2.54273415e-02 -3.37374210e-01 1.00000000e+00
184 P st 20 cl 0 sigma 0.17627  G 1.09177828e-01 1.43146515e-01 -3.37368250e-01 1.00000000e+00
184 P st 25 cl 0 sigma 0.17627  G 1.94072723e-02 -1.78980827e-01 -3.37374210e-01 1.00000000e+00
184 P st 28 cl 0 sigma 0.17627  G 2.38180161e-02 -1.78456306e-01 -3.37386131e-01 1.00000000e+00
184 P st 29 cl 0 sigma 0.17627  G -1.19864941e-01 -1.34336948e-01 -3.37374210e-01 1.00000000e+00
184 P st 31 cl 0 sigma 0.17627  G -4.83334064e-02 -1.73425674e-01 -3.37374210e-01 1.00000000e+00
184 P st 34 cl 0 sigma 0.17627  G 1.78354979e-01 -2.44855881e-02 -3.37368250e-01 1.00000000e+00
184 P st 36 cl 0 sigma 0.17627  G 1.78110600e-01 2.61783600e-02 -3.37374210e-01 1.00000000e+00
184 P st 37 cl 0 sigma 0.17627  G -2.62182951e-01 1.47259235e-01 -1.71262026e-01 1.00000000e+00
184 P st 38 cl 0 sigma 0.17627  G 1.70183182e-01 5.87701797e-02 -3.37362289e-01 1.00000000e+00
184 P st 39 cl 0 sigma 0.17627  G -1.41513348e-01 1.11281872e-01 -3.37374210e-01 1.00000000e+00
184 P st 40 cl 0 sigma 0.17627  G 1.61385536e-01 7.97748566e-02 -3.37374210e-01 1.00000000e+00
184 P st 42 cl 0 sigma 0.17627  G 6.11066818e-02 1.69336796e-01 -3.37374210e-01 1.00000000e+00
184 P st 43 cl 0 sigma 0.17627  G 3.68714333e-02 1.76203251e-01 -3.37362289e-01 1.00000000e+00
184 P st 44 cl 0 sigma 0.17627  G 1.44326687e-01 1.07443333e-01 -3.37457657e-01 1.00000000e+00
184 P st 45 cl 0 sigma 0.17627  G -8.21352005e-03 1.79851055e-01 -3.37386131e-01 1.00000000e+00
184 P st 46 cl 0 sigma 0.17627  G 2.07471848e-01 -1.41096115e-01 -2.22724676e-01 1.00000000e+00
184 P st 47 cl 0 sigma 0.17627  G -1.40953064e-01 -1.14792585e-01 -3.34680080e-01 1.00000000e+00
184 S st 12 cl 1 sigma 0.13790  G 2.47645378e-01 -1.88922882e-01 -5.83648682e-01 1.00000000e+00
184 S st 14 cl 0 sigma 0.10762  G 6.20603561e-01 5.53250313e-02 -1.82026625e-01 1.00000000e+00
184 S st 15 cl 0 sigma 0.10762  G 2.75331736e-01 4.89050150e-01 -3.04728746e-01 1.00000000e+00
184 S st 18 cl 1 sigma 0.13790  G -1.01161003e-01 -2.94589996e-01 -5.83672523e-01 1.00000000e+00
184 S st 19 cl 1 sigma 0.13790  G 3.08346748e-01 -4.39882278e-02 -5.83672523e-01 1.00000000e+00
184 S st 20 cl 1 sigma 0.13790  G 1.88875198e-01 2.47645378e-01 -5.83672523e-01 1.00000000e+00
184 S st 31 cl 1 sigma 0.13790  G -8.36133957e-02 -3.00014019e-01 -5.83648682e-01 1.00000000e+00
184 S st 34 cl 1 sigma 0.13790  G 3.08537483e-01 -4.23431396e-02 -5.83648682e-01 1.00000000e+00
184 S st 36 cl 1 sigma 0.13790  G 3.08132172e-01 4.52518463e-02 -5.83624840e-01 1.00000000e+00
184 S st 40 cl 1 sigma 0.13790  G 2.79259682e-01 1.37996674e-01 -5.83672523e-01 1.00000000e+00
184 S st 42 cl 0 sigma 0.10762  G 1.05714798e-01 2.92968750e-01 -5.83672523e-01 1.00000000e+00
184 S st 45 cl 0 sigma 0.10762  G -1.42097473e-02 3.11160088e-01 -5.83648682e-01 1.00000000e+00
# EVENT 185  nrows 19  ncols 4  params[x y z ot]  hypo 1.0562 -2.6284 0.2732
185 P st 12 cl 0 sigma 0.17627  G 1.35320425e-01 -9.28640366e-02 -6.65426254e-02 1.00000000e+00
185 P st 13 cl 0 sigma 0.17627  G 1.47402287e-01 -7.94112682e-02 -5.76376915e-03 1.00000000e+00
185 P st 14 cl 0 sigma 0.17627  G 1.55627728e-01 4.42862511e-03 8.92251730e-02 1.00000000e+00
185 P st 15 cl 0 sigma 0.17627  G 1.10143423e-01 1.10155344e-01 8.95917416e-02 1.00000000e+00
185 P st 18 cl 0 sigma 0.17627  G -3.72827053e-02 -1.61862373e-01 -5.46276569e-02 1.00000000e+00
185 P st 19 cl 1 sigma 0.40238  G 1.62780285e-01 -2.28762627e-02 -6.54697418e-02 1.00000000e+00
185 P st 26 cl 1 sigma 0.40238  G -6.45279884e-02 -1.48129463e-01 -8.23974609e-02 1.00000000e+00
185 P st 29 cl 0 sigma 0.17627  G -9.81986523e-02 -1.35546923e-01 -1.76191330e-02 1.00000000e+00
185 P st 31 cl 0 sigma 0.17627  G -1.27077103e-02 -1.63727999e-01 5.14626503e-02 1.00000000e+00
185 P st 37 cl 0 sigma 0.17627  G -1.17611885e-01 9.00566578e-02 1.08963251e-01 1.00000000e+00
185 P st 39 cl 0 sigma 0.17627  G -1.23769045e-01 1.12527609e-01 4.27961349e-03 1.00000000e+00
185 P st 40 cl 0 sigma 0.17627  G 1.46865845e-01 6.63638115e-02 -8.41379166e-02 1.00000000e+00
185 P st 46 cl 0 sigma 0.17627  G 1.41167641e-01 -7.46905804e-02 7.36355782e-02 1.00000000e+00
185 P st 47 cl 0 sigma 0.17627  G -1.07771158e-01 -1.20133162e-01 6.73830509e-02 1.00000000e+00
185 S st 12 cl 1 sigma 0.13790  G 2.34103203e-01 -1.60658360e-01 -1.15132332e-01 1.00000000e+00
185 S st 13 cl 1 sigma 0.13790  G 2.55000591e-01 -1.37364864e-01 -9.97781754e-03 1.00000000e+00
185 S st 18 cl 1 sigma 0.13790  G -6.45160675e-02 -2.80022621e-01 -9.45091248e-02 1.00000000e+00
185 S st 40 cl 1 sigma 0.13790  G 2.54082680e-01 1.14798546e-01 -1.45554543e-01 1.00000000e+00
185 S st 47 cl 0 sigma 0.10762  G -1.86455250e-01 -2.07829475e-01 1.16562843e-01 1.00000000e+00
# EVENT 186  nrows 35  ncols 4  params[x y z ot]  hypo 8.3956 1.9400 1.2340
186 P st 11 cl 0 sigma 0.17627  G 1.58274174e-01 -2.84075737e-02 1.27077103e-02 1.00000000e+00
186 P st 12 cl 0 sigma 0.17627  G 1.60419941e-01 -8.94069672e-03 1.46508217e-02 1.00000000e+00
186 P st 13 cl 0 sigma 0.17627  G 1.59835815e-01 1.49607658e-02 1.65939331e-02 1.00000000e+00
186 P st 14 cl 0 sigma 0.17627  G 1.46758556e-01 6.43730164e-02 1.97410583e-02 1.00000000e+00
186 P st 15 cl 0 sigma 0.17627  G 1.30486488e-01 9.30070877e-02 1.92523003e-02 1.00000000e+00
186 P st 16 cl 0 sigma 0.17627  G 1.09767914e-01 1.16765499e-01 1.95145607e-02 1.00000000e+00
186 P st 18 cl 0 sigma 0.17627  G 1.23274326e-01 -9.57310200e-02 4.04775143e-02 1.00000000e+00
186 P st 22 cl 0 sigma 0.17627  G 8.96573067e-02 -1.32977962e-01 1.77860260e-02 1.00000000e+00
186 P st 25 cl 0 sigma 0.17627  G 1.27148628e-01 -9.76681709e-02 1.92046165e-02 1.00000000e+00
186 P st 26 cl 0 sigma 0.17627  G 5.42640686e-02 -1.46830082e-01 3.98993492e-02 1.00000000e+00
186 P st 28 cl 0 sigma 0.17627  G 1.52838230e-01 -4.56809998e-02 2.51412392e-02 1.00000000e+00
186 P st 29 cl 0 sigma 0.17627  G 1.06465816e-01 -6.31570816e-02 1.01143122e-01 1.00000000e+00
186 P st 31 cl 0 sigma 0.17627  G 1.56098604e-01 -6.41345978e-03 3.81827354e-02 1.00000000e+00
186 P st 32 cl 0 sigma 0.17627  G -5.04493713e-02 3.48627567e-02 1.41352415e-01 1.00000000e+00
186 P st 36 cl 0 sigma 0.17627  G 1.54161453e-01 4.61816788e-02 1.02758408e-02 1.00000000e+00
186 P st 37 cl 0 sigma 0.17627  G 1.03735924e-01 1.19727850e-01 3.14354897e-02 1.00000000e+00
186 P st 39 cl 0 sigma 0.17627  G 3.75509262e-02 1.54626369e-01 2.62260437e-02 1.00000000e+00
186 P st 40 cl 0 sigma 0.17627  G 1.43313408e-01 7.32898712e-02 9.58442688e-03 1.00000000e+00
186 P st 42 cl 0 sigma 0.17627  G 1.13904476e-01 1.13236904e-01 1.55806541e-02 1.00000000e+00
186 P st 44 cl 0 sigma 0.17627  G 1.34062767e-01 8.91208649e-02 8.82148743e-03 1.00000000e+00
186 P st 46 cl 0 sigma 0.17627  G 1.55293941e-01 3.90768051e-02 2.06589699e-02 1.00000000e+00
186 P st 47 cl 0 sigma 0.17627  G 1.40452385e-01 4.11033630e-02 6.86049461e-02 1.00000000e+00
186 S st 11 cl 1 sigma 0.13790  G 2.73776054e-01 -4.91619110e-02 2.19821930e-02 1.00000000e+00
186 S st 14 cl 1 sigma 0.13790  G 2.53868103e-01 1.11365318e-01 3.41176987e-02 1.00000000e+00
186 S st 15 cl 1 sigma 0.13790  G 2.25782394e-01 1.60932541e-01 3.32832336e-02 1.00000000e+00
186 S st 16 cl 1 sigma 0.13790  G 1.89876556e-01 2.02012062e-01 3.37600708e-02 1.00000000e+00
186 S st 18 cl 1 sigma 0.13790  G 2.13265419e-01 -1.65605545e-01 7.00235367e-02 1.00000000e+00
186 S st 26 cl 1 sigma 0.13790  G 9.38653946e-02 -2.54034996e-01 6.90221786e-02 1.00000000e+00
186 S st 28 cl 1 sigma 0.13790  G 2.64418125e-01 -7.90357590e-02 4.34994698e-02 1.00000000e+00
186 S st 31 cl 0 sigma 0.10762  G 2.70056725e-01 -1.10745430e-02 6.60538673e-02 1.00000000e+00
186 S st 37 cl 0 sigma 0.10762  G 1.79445744e-01 2.07114220e-01 5.43832779e-02 1.00000000e+00
186 S st 39 cl 1 sigma 0.13790  G 6.49690628e-02 2.67505646e-01 4.53710556e-02 1.00000000e+00
186 S st 40 cl 1 sigma 0.13790  G 2.47907639e-01 1.26791000e-01 1.65700912e-02 1.00000000e+00
186 S st 42 cl 1 sigma 0.13790  G 1.97052956e-01 1.95884705e-01 2.69651413e-02 1.00000000e+00
186 S st 44 cl 1 sigma 0.13790  G 2.31933594e-01 1.54161453e-01 1.52587891e-02 1.00000000e+00
# EVENT 187  nrows 20  ncols 4  params[x y z ot]  hypo 0.7894 -2.4290 -0.2411
187 P st 13 cl 0 sigma 0.17627  G 1.56104565e-01 -8.26179981e-02 4.12821770e-02 1.00000000e+00
187 P st 14 cl 0 sigma 0.17627  G 1.65733695e-01 1.60753727e-02 7.84665346e-02 1.00000000e+00
187 P st 15 cl 0 sigma 0.17627  G 1.05166435e-01 1.29187107e-01 7.47114420e-02 1.00000000e+00
187 P st 16 cl 0 sigma 0.17627  G 1.78575516e-02 1.70648098e-01 6.08921051e-02 1.00000000e+00
187 P st 18 cl 0 sigma 0.17627  G -4.52399254e-02 -1.69336796e-01 2.39133835e-02 1.00000000e+00
187 P st 19 cl 0 sigma 0.17627  G 1.73127651e-01 -2.13146210e-02 1.69157982e-02 1.00000000e+00
187 P st 20 cl 0 sigma 0.17627  G 1.17301941e-01 1.31428242e-01 4.40359116e-02 1.00000000e+00
187 P st 31 cl 0 sigma 0.17627  G -2.37226486e-02 -1.71566010e-01 5.52475452e-02 1.00000000e+00
187 P st 34 cl 0 sigma 0.17627  G 1.75583363e-01 -1.97470188e-02 3.88920307e-02 1.00000000e+00
187 P st 37 cl 0 sigma 0.17627  G -1.27917528e-01 9.76741314e-02 8.29875469e-02 1.00000000e+00
187 P st 39 cl 0 sigma 0.17627  G -1.31219625e-01 1.18255615e-01 3.95655632e-02 1.00000000e+00
187 P st 40 cl 0 sigma 0.17627  G 1.46162510e-01 6.94990158e-02 -7.82132149e-02 1.00000000e+00
187 P st 43 cl 0 sigma 0.17627  G 4.92095947e-02 1.69324875e-01 3.11493874e-02 1.00000000e+00
187 P st 47 cl 0 sigma 0.17627  G -1.23244524e-01 -1.18321180e-01 6.01828098e-02 1.00000000e+00
187 S st 13 cl 1 sigma 0.13790  G 2.70068645e-01 -1.42931938e-01 7.14182854e-02 1.00000000e+00
187 S st 15 cl 1 sigma 0.13790  G 1.81937218e-01 2.23499537e-01 1.29264593e-01 1.00000000e+00
187 S st 18 cl 0 sigma 0.10762  G -7.82847404e-02 -2.92956829e-01 4.13656235e-02 1.00000000e+00
187 S st 20 cl 1 sigma 0.13790  G 2.02941895e-01 2.27379799e-01 7.61747360e-02 1.00000000e+00
187 S st 40 cl 1 sigma 0.13790  G 2.52842903e-01 1.20282173e-01 -1.35326385e-01 1.00000000e+00
187 S st 47 cl 1 sigma 0.13790  G -2.13229656e-01 -2.04694271e-01 1.04105473e-01 1.00000000e+00
# EVENT 188  nrows 26  ncols 4  params[x y z ot]  hypo -7.1716 -0.2468 4.6025
188 P st 11 cl 0 sigma 0.17627  G 3.58760357e-02 -1.04159117e-01 1.20353699e-01 1.00000000e+00
188 P st 12 cl 0 sigma 0.17627  G -8.18371773e-03 -7.46786594e-02 1.45202875e-01 1.00000000e+00
188 P st 13 cl 0 sigma 0.17627  G -5.09679317e-02 -2.25484371e-02 1.51467323e-01 1.00000000e+00
188 P st 18 cl 0 sigma 0.17627  G -1.25610828e-01 -7.76290894e-02 6.81281090e-02 1.00000000e+00
188 P st 19 cl 0 sigma 0.17627  G 3.45587730e-02 2.73644924e-02 1.55764818e-01 1.00000000e+00
188 P st 20 cl 0 sigma 0.17627  G -6.14404678e-02 1.13224983e-01 9.80138779e-02 1.00000000e+00
188 P st 29 cl 0 sigma 0.17627  G -1.42824650e-01 -4.32372093e-02 6.29067421e-02 1.00000000e+00
188 P st 31 cl 0 sigma 0.17627  G -1.30569935e-01 -3.75151634e-02 8.74400139e-02 1.00000000e+00
188 P st 33 cl 0 sigma 0.17627  G 1.25157833e-01 4.07695770e-03 1.04719400e-01 1.00000000e+00
188 P st 34 cl 0 sigma 0.17627  G -2.26736069e-02 3.79621983e-02 1.56152248e-01 1.00000000e+00
188 P st 36 cl 0 sigma 0.17627  G 9.77396965e-02 7.23361969e-02 1.07681751e-01 1.00000000e+00
188 P st 37 cl 1 sigma 0.40238  G -1.34170055e-01 5.15103340e-02 7.39216805e-02 1.00000000e+00
188 P st 38 cl 0 sigma 0.17627  G 5.15818596e-02 1.02555752e-01 1.12295151e-01 1.00000000e+00
188 P st 39 cl 1 sigma 0.40238  G -1.34766102e-01 7.09772110e-02 5.56707382e-02 1.00000000e+00
188 P st 40 cl 0 sigma 0.17627  G 7.64608383e-02 1.19435787e-01 7.94172287e-02 1.00000000e+00
188 P st 42 cl 0 sigma 0.17627  G -7.43627548e-02 1.17743015e-01 8.41975212e-02 1.00000000e+00
188 P st 43 cl 0 sigma 0.17627  G -6.97970390e-02 1.28149986e-01 7.10487366e-02 1.00000000e+00
188 P st 44 cl 0 sigma 0.17627  G 6.57439232e-02 1.34241581e-01 6.16669655e-02 1.00000000e+00
188 P st 46 cl 0 sigma 0.17627  G -9.83715057e-02 1.11460686e-02 1.28179789e-01 1.00000000e+00
188 P st 47 cl 0 sigma 0.17627  G -1.44398212e-01 -1.16348267e-02 7.33613968e-02 1.00000000e+00
188 S st 12 cl 0 sigma 0.10762  G -1.41620636e-02 -1.29199028e-01 2.51209736e-01 1.00000000e+00
188 S st 13 cl 1 sigma 0.13790  G -8.81671906e-02 -3.90052795e-02 2.62033939e-01 1.00000000e+00
188 S st 33 cl 0 sigma 0.10762  G 2.16519833e-01 7.05718994e-03 1.81174278e-01 1.00000000e+00
188 S st 34 cl 0 sigma 0.10762  G -3.92198563e-02 6.56962395e-02 2.70140171e-01 1.00000000e+00
188 S st 38 cl 1 sigma 0.13790  G 8.92281532e-02 1.77419186e-01 1.94275379e-01 1.00000000e+00
188 S st 40 cl 1 sigma 0.13790  G 1.32250786e-01 2.06589699e-01 1.37400627e-01 1.00000000e+00
# EVENT 189  nrows 36  ncols 4  params[x y z ot]  hypo 1.8336 0.4012 0.3014
189 P st 10 cl 1 sigma 0.40238  G 1.41251087e-01 -7.76052475e-02 -8.41140747e-02 1.00000000e+00
189 P st 11 cl 0 sigma 0.17627  G 1.48499012e-01 -6.39200211e-02 -8.19325447e-02 1.00000000e+00
189 P st 12 cl 0 sigma 0.17627  G 1.59281492e-01 -4.39286232e-02 -5.67257404e-02 1.00000000e+00
189 P st 13 cl 0 sigma 0.17627  G 1.66493654e-01 -6.65783882e-03 -4.30345535e-03 1.00000000e+00
189 P st 14 cl 0 sigma 0.17627  G 1.30826235e-01 1.00499392e-01 4.50670719e-02 1.00000000e+00
189 P st 15 cl 0 sigma 0.17627  G 8.32736492e-02 1.44046545e-01 1.68919563e-02 1.00000000e+00
189 P st 16 cl 0 sigma 0.17627  G 3.44395638e-02 1.63060427e-01 -1.06751919e-02 1.00000000e+00
189 P st 18 cl 0 sigma 0.17627  G -3.50654125e-02 -1.62017345e-01 2.88248062e-02 1.00000000e+00
189 P st 20 cl 0 sigma 0.17627  G 9.41693783e-02 1.35248899e-01 -5.82337379e-02 1.00000000e+00
189 P st 22 cl 0 sigma 0.17627  G 8.65459442e-03 -1.61242485e-01 -8.26835632e-02 1.00000000e+00
189 P st 25 cl 0 sigma 0.17627  G 5.27620316e-02 -1.56211853e-01 -6.06656075e-02 1.00000000e+00
189 P st 28 cl 0 sigma 0.17627  G 8.71598721e-02 -1.39695406e-01 4.97519970e-02 1.00000000e+00
189 P st 29 cl 0 sigma 0.17627  G -1.23316050e-01 -1.05774403e-01 5.73396683e-02 1.00000000e+00
189 P st 31 cl 0 sigma 0.17627  G 2.39014626e-02 -1.08879805e-01 1.34727359e-01 1.00000000e+00
189 P st 33 cl 0 sigma 0.17627  G 1.60908699e-01 8.78572464e-03 -8.41617584e-02 1.00000000e+00
189 P st 34 cl 0 sigma 0.17627  G 1.61302090e-01 3.99708748e-02 -4.18841839e-02 1.00000000e+00
189 P st 36 cl 0 sigma 0.17627  G 1.53088570e-01 5.03420830e-02 -8.41379166e-02 1.00000000e+00
189 P st 37 cl 0 sigma 0.17627  G -4.31239605e-02 1.57517195e-01 5.58555126e-02 1.00000000e+00
189 P st 38 cl 0 sigma 0.17627  G 1.41847134e-01 7.66158104e-02 -8.38398933e-02 1.00000000e+00
189 P st 39 cl 0 sigma 0.17627  G -8.14318657e-02 1.44386292e-01 -4.69565392e-02 1.00000000e+00
189 P st 40 cl 0 sigma 0.17627  G 1.35934353e-01 8.65578651e-02 -8.41736794e-02 1.00000000e+00
189 P st 42 cl 0 sigma 0.17627  G 6.57558441e-02 1.50537491e-01 -6.20722771e-02 1.00000000e+00
189 P st 43 cl 0 sigma 0.17627  G 4.81367111e-02 1.54852867e-01 -8.02278519e-02 1.00000000e+00
189 P st 46 cl 0 sigma 0.17627  G 1.55806541e-01 4.33087349e-02 6.21914864e-02 1.00000000e+00
189 P st 47 cl 0 sigma 0.17627  G -1.26874447e-01 -1.48028135e-02 1.27866864e-01 1.00000000e+00
189 S st 14 cl 1 sigma 0.13790  G 2.26342678e-01 1.73866749e-01 7.79747963e-02 1.00000000e+00
189 S st 15 cl 1 sigma 0.13790  G 1.44076347e-01 2.49195099e-01 2.92301178e-02 1.00000000e+00
189 S st 16 cl 1 sigma 0.13790  G 5.95808029e-02 2.82096863e-01 -1.84655190e-02 1.00000000e+00
189 S st 18 cl 0 sigma 0.10762  G -6.06536865e-02 -2.80296803e-01 4.98771667e-02 1.00000000e+00
189 S st 20 cl 1 sigma 0.13790  G 1.62935257e-01 2.33960152e-01 -1.00731850e-01 1.00000000e+00
189 S st 25 cl 1 sigma 0.13790  G 9.12904739e-02 -2.70247459e-01 -1.04916096e-01 1.00000000e+00
189 S st 28 cl 1 sigma 0.13790  G 1.50799751e-01 -2.41684914e-01 8.60810280e-02 1.00000000e+00
189 S st 36 cl 1 sigma 0.13790  G 2.64859200e-01 8.70704651e-02 -1.45578384e-01 1.00000000e+00
189 S st 37 cl 0 sigma 0.10762  G -7.46011734e-02 2.72512436e-01 9.66310501e-02 1.00000000e+00
189 S st 40 cl 1 sigma 0.13790  G 2.35199928e-01 1.49726868e-01 -1.45626068e-01 1.00000000e+00
189 S st 43 cl 1 sigma 0.13790  G 8.32796097e-02 2.67910957e-01 -1.38783455e-01 1.00000000e+00
# EVENT 190  nrows 44  ncols 4  params[x y z ot]  hypo -8.5488 -6.0594 -1.8735
190 P st 10 cl 1 sigma 0.40238  G 3.35216522e-02 -1.76882744e-01 -3.56626511e-01 1.00000000e+00
190 P st 11 cl 0 sigma 0.17627  G 7.30752945e-03 -1.79874897e-01 -3.56638432e-01 1.00000000e+00
190 P st 12 cl 0 sigma 0.17627  G -3.41415405e-02 -1.76775455e-01 -3.56638432e-01 1.00000000e+00
190 P st 13 cl 0 sigma 0.17627  G -8.23855400e-02 -1.60068274e-01 -3.56644392e-01 1.00000000e+00
190 P st 14 cl 0 sigma 0.17627  G -1.59186125e-01 -8.41081142e-02 -3.56638432e-01 1.00000000e+00
190 P st 15 cl 0 sigma 0.17627  G -1.77943707e-01 -2.73525715e-02 -3.56638432e-01 1.00000000e+00
190 P st 16 cl 0 sigma 0.17627  G -1.79684162e-01 1.12712383e-02 -3.56632471e-01 1.00000000e+00
190 P st 18 cl 0 sigma 0.17627  G -1.23023987e-01 -1.28674507e-01 -3.57913971e-01 1.00000000e+00
190 P st 19 cl 0 sigma 0.17627  G -2.40802765e-03 -1.80017948e-01 -3.56638432e-01 1.00000000e+00
190 P st 20 cl 0 sigma 0.17627  G -1.76084042e-01 3.75151634e-02 -3.56638432e-01 1.00000000e+00
190 P st 23 cl 1 sigma 0.40238  G 5.86509705e-02 -1.65009499e-01 -3.59904766e-01 1.00000000e+00
190 P st 25 cl 0 sigma 0.17627  G -7.63893127e-02 -1.58786774e-01 -3.58128548e-01 1.00000000e+00
190 P st 29 cl 0 sigma 0.17627  G -1.45912170e-01 -9.98854637e-02 -3.58092785e-01 1.00000000e+00
190 P st 31 cl 0 sigma 0.17627  G -1.38533115e-01 -1.14989281e-01 -3.56650352e-01 1.00000000e+00
190 P st 34 cl 0 sigma 0.17627  G -8.00549984e-02 -1.61260366e-01 -3.56638432e-01 1.00000000e+00
190 P st 36 cl 0 sigma 0.17627  G 1.67840719e-01 -6.51180744e-02 -3.56632471e-01 1.00000000e+00
190 P st 37 cl 0 sigma 0.17627  G -1.77741051e-01 -2.86340714e-02 -3.56626511e-01 1.00000000e+00
190 P st 38 cl 0 sigma 0.17627  G 3.15034389e-01 -5.42104244e-03 4.18901443e-02 1.00000000e+00
190 P st 39 cl 0 sigma 0.17627  G -1.79433823e-01 1.47342682e-02 -3.56638432e-01 1.00000000e+00
190 P st 40 cl 0 sigma 0.17627  G 1.49381161e-01 1.00505352e-01 -3.56626511e-01 1.00000000e+00
190 P st 42 cl 0 sigma 0.17627  G -1.69408321e-01 6.09517097e-02 -3.56638432e-01 1.00000000e+00
190 P st 43 cl 0 sigma 0.17627  G -1.51550770e-01 9.72151756e-02 -3.56638432e-01 1.00000000e+00
190 P st 44 cl 0 sigma 0.17627  G 1.05506182e-01 1.45882368e-01 -3.56632471e-01 1.00000000e+00
190 P st 45 cl 0 sigma 0.17627  G -1.42061710e-01 1.10590458e-01 -3.56650352e-01 1.00000000e+00
190 P st 46 cl 0 sigma 0.17627  G -1.36351585e-01 -1.17558241e-01 -3.56632471e-01 1.00000000e+00
190 P st 47 cl 0 sigma 0.17627  G -1.58751011e-01 -8.49127769e-02 -3.56638432e-01 1.00000000e+00
190 S st 11 cl 0 sigma 0.10762  G 1.26600266e-02 -3.11183929e-01 -6.16955757e-01 1.00000000e+00
190 S st 13 cl 0 sigma 0.10762  G -1.42550468e-01 -2.76935101e-01 -6.16979599e-01 1.00000000e+00
190 S st 15 cl 1 sigma 0.13790  G -3.07846069e-01 -4.73260880e-02 -6.16979599e-01 1.00000000e+00
190 S st 16 cl 1 sigma 0.13790  G -3.10850143e-01 1.95026398e-02 -6.16979599e-01 1.00000000e+00
190 S st 19 cl 1 sigma 0.13790  G -4.16040421e-03 -3.11434269e-01 -6.16979599e-01 1.00000000e+00
190 S st 20 cl 0 sigma 0.10762  G -3.04627419e-01 6.48975372e-02 -6.16979599e-01 1.00000000e+00
190 S st 25 cl 0 sigma 0.10762  G -1.32131577e-01 -2.74705887e-01 -6.19554520e-01 1.00000000e+00
190 S st 29 cl 1 sigma 0.13790  G -2.52413750e-01 -1.72829628e-01 -6.19482994e-01 1.00000000e+00
190 S st 31 cl 1 sigma 0.13790  G -2.39658356e-01 -1.98912621e-01 -6.16955757e-01 1.00000000e+00
190 S st 34 cl 0 sigma 0.10762  G -1.38497353e-01 -2.78973579e-01 -6.16991520e-01 1.00000000e+00
190 S st 36 cl 1 sigma 0.13790  G 2.90381908e-01 -1.12664700e-01 -6.16979599e-01 1.00000000e+00
190 S st 37 cl 1 sigma 0.13790  G -3.07488441e-01 -4.95195389e-02 -6.17003441e-01 1.00000000e+00
190 S st 40 cl 0 sigma 0.10762  G 2.58421898e-01 1.73878670e-01 -6.17003441e-01 1.00000000e+00
190 S st 42 cl 0 sigma 0.10762  G -2.93064117e-01 1.05452538e-01 -6.17003441e-01 1.00000000e+00
190 S st 43 cl 1 sigma 0.13790  G -2.62176991e-01 1.68168545e-01 -6.16979599e-01 1.00000000e+00
190 S st 44 cl 0 sigma 0.10762  G 1.82533264e-01 2.52377987e-01 -6.16979599e-01 1.00000000e+00
190 S st 45 cl 1 sigma 0.13790  G -2.45785713e-01 1.91354752e-01 -6.16979599e-01 1.00000000e+00
190 S st 47 cl 1 sigma 0.13790  G -2.74634361e-01 -1.46913528e-01 -6.16955757e-01 1.00000000e+00
# EVENT 191  nrows 51  ncols 4  params[x y z ot]  hypo -6.1015 -1.3452 3.2582
191 P st 10 cl 0 sigma 0.17627  G 7.39932060e-02 -1.30665302e-01 5.99503517e-02 1.00000000e+00
191 P st 11 cl 0 sigma 0.17627  G 5.71072102e-02 -1.26230717e-01 8.45670700e-02 1.00000000e+00
191 P st 12 cl 0 sigma 0.17627  G 1.89125538e-02 -1.06036663e-01 1.20431185e-01 1.00000000e+00
191 P st 13 cl 0 sigma 0.17627  G -3.08573246e-02 -6.11722469e-02 1.45196915e-01 1.00000000e+00
191 P st 14 cl 0 sigma 0.17627  G -1.01727247e-01 3.61979008e-02 1.21486187e-01 1.00000000e+00
191 P st 15 cl 0 sigma 0.17627  G -1.06102228e-01 7.86304474e-02 9.48369503e-02 1.00000000e+00
191 P st 16 cl 0 sigma 0.17627  G -1.11716986e-01 9.12904739e-02 7.18533993e-02 1.00000000e+00
191 P st 18 cl 0 sigma 0.17627  G -1.19042397e-01 -9.64641571e-02 5.08427620e-02 1.00000000e+00
191 P st 19 cl 0 sigma 0.17627  G 6.71267509e-02 -1.63316727e-03 1.44481659e-01 1.00000000e+00
191 P st 20 cl 0 sigma 0.17627  G -5.48362732e-02 1.18947029e-01 9.18269157e-02 1.00000000e+00
191 P st 21 cl 0 sigma 0.17627  G -3.46541405e-02 -1.53505802e-01 3.62038612e-02 1.00000000e+00
191 P st 22 cl 0 sigma 0.17627  G -7.24196434e-02 -1.39248371e-01 3.75628471e-02 1.00000000e+00
191 P st 25 cl 0 sigma 0.17627  G -6.44564629e-02 -1.38819218e-01 5.16891479e-02 1.00000000e+00
191 P st 26 cl 0 sigma 0.17627  G -1.21021271e-01 -9.98258591e-02 3.83019447e-02 1.00000000e+00
191 P st 28 cl 0 sigma 0.17627  G -9.43183899e-02 -1.08659267e-01 7.52747059e-02 1.00000000e+00
191 P st 29 cl 0 sigma 0.17627  G -1.42002106e-01 -6.02722168e-02 4.79459763e-02 1.00000000e+00
191 P st 31 cl 0 sigma 0.17627  G -1.30480528e-01 -6.18398190e-02 7.16090202e-02 1.00000000e+00
191 P st 33 cl 0 sigma 0.17627  G 1.43408775e-01 -1.51634216e-02 7.27534294e-02 1.00000000e+00
191 P st 34 cl 0 sigma 0.17627  G 7.06911087e-03 8.04662704e-03 1.60199404e-01 1.00000000e+00
191 P st 36 cl 0 sigma 0.17627  G 1.25205517e-01 5.72860241e-02 8.25881958e-02 1.00000000e+00
191 P st 37 cl 0 sigma 0.17627  G -1.42562389e-01 4.40478325e-02 6.27279282e-02 1.00000000e+00
191 P st 38 cl 0 sigma 0.17627  G 8.43405724e-02 9.93251801e-02 9.58204269e-02 1.00000000e+00
191 P st 39 cl 0 sigma 0.17627  G -1.39915943e-01 6.76035881e-02 4.42862511e-02 1.00000000e+00
191 P st 40 cl 0 sigma 0.17627  G 9.82761383e-02 1.12020969e-01 6.10470772e-02 1.00000000e+00
191 P st 42 cl 0 sigma 0.17627  G -7.16328621e-02 1.23858452e-01 7.54594803e-02 1.00000000e+00
191 P st 43 cl 0 sigma 0.17627  G -6.63161278e-02 1.34420395e-01 6.02364540e-02 1.00000000e+00
191 P st 44 cl 0 sigma 0.17627  G 8.31604004e-02 1.30796432e-01 4.60505486e-02 1.00000000e+00
191 P st 45 cl 0 sigma 0.17627  G -7.65681267e-02 1.35242939e-01 4.42028046e-02 1.00000000e+00
191 P st 46 cl 0 sigma 0.17627  G -9.87291336e-02 -1.50859356e-02 1.26779079e-01 1.00000000e+00
191 P st 47 cl 0 sigma 0.17627  G -1.47294998e-01 -2.91585922e-02 5.92947006e-02 1.00000000e+00
191 S st 10 cl 0 sigma 0.10762  G 1.28030777e-01 -2.26020813e-01 1.03688240e-01 1.00000000e+00
191 S st 11 cl 1 sigma 0.13790  G 9.87887383e-02 -2.18367577e-01 1.46305561e-01 1.00000000e+00
191 S st 12 cl 1 sigma 0.13790  G 3.27110291e-02 -1.83439255e-01 2.08353996e-01 1.00000000e+00
191 S st 13 cl 1 sigma 0.13790  G -5.33819199e-02 -1.05834007e-01 2.51197815e-01 1.00000000e+00
191 S st 16 cl 1 sigma 0.13790  G -1.93274021e-01 1.57940388e-01 1.24299526e-01 1.00000000e+00
191 S st 18 cl 0 sigma 0.10762  G -2.05969810e-01 -1.66869164e-01 8.79526138e-02 1.00000000e+00
191 S st 19 cl 0 sigma 0.10762  G 1.16145611e-01 -2.82526016e-03 2.49958038e-01 1.00000000e+00
191 S st 20 cl 1 sigma 0.13790  G -9.48667526e-02 2.05779076e-01 1.58858299e-01 1.00000000e+00
191 S st 26 cl 0 sigma 0.10762  G -2.09379196e-01 -1.72686577e-01 6.62565231e-02 1.00000000e+00
191 S st 28 cl 1 sigma 0.13790  G -1.63173676e-01 -1.87981129e-01 1.30212307e-01 1.00000000e+00
191 S st 29 cl 0 sigma 0.10762  G -2.45642662e-01 -1.04284286e-01 8.29458237e-02 1.00000000e+00
191 S st 31 cl 0 sigma 0.10762  G -2.25734711e-01 -1.06978416e-01 1.23870373e-01 1.00000000e+00
191 S st 33 cl 0 sigma 0.10762  G 2.48098373e-01 -2.62379646e-02 1.25861168e-01 1.00000000e+00
191 S st 34 cl 0 sigma 0.10762  G 1.22070312e-02 1.39236450e-02 2.77125835e-01 1.00000000e+00
191 S st 36 cl 1 sigma 0.13790  G 2.16603279e-01 9.90986824e-02 1.42872334e-01 1.00000000e+00
191 S st 38 cl 1 sigma 0.13790  G 1.45912170e-01 1.71828270e-01 1.65748596e-01 1.00000000e+00
191 S st 40 cl 0 sigma 0.10762  G 1.70004368e-01 1.93798542e-01 1.05607510e-01 1.00000000e+00
191 S st 42 cl 0 sigma 0.10762  G -1.23929977e-01 2.14290619e-01 1.30534172e-01 1.00000000e+00
191 S st 43 cl 1 sigma 0.13790  G -1.14703178e-01 2.32553482e-01 1.04188919e-01 1.00000000e+00
191 S st 44 cl 1 sigma 0.13790  G 1.43885612e-01 2.26306915e-01 7.96794891e-02 1.00000000e+00
191 S st 47 cl 1 sigma 0.13790  G -2.54833698e-01 -5.04136086e-02 1.02603436e-01 1.00000000e+00
# EVENT 192  nrows 23  ncols 4  params[x y z ot]  hypo -8.4640 -6.8683 4.7571
192 P st 12 cl 0 sigma 0.17627  G -2.31027603e-02 -1.37293339e-01 8.14676285e-02 1.00000000e+00
192 P st 13 cl 0 sigma 0.17627  G -5.38647175e-02 -1.20162964e-01 9.30964947e-02 1.00000000e+00
192 P st 16 cl 0 sigma 0.17627  G -1.34444237e-01 -3.82661819e-03 8.87036324e-02 1.00000000e+00
192 P st 19 cl 0 sigma 0.17627  G 4.05311584e-04 -1.08522177e-01 1.20788813e-01 1.00000000e+00
192 P st 20 cl 0 sigma 0.17627  G -1.02603436e-01 5.75780869e-03 1.26183033e-01 1.00000000e+00
192 P st 33 cl 0 sigma 0.17627  G 9.06109810e-02 -9.92655754e-02 9.01818275e-02 1.00000000e+00
192 P st 34 cl 0 sigma 0.17627  G -4.06980515e-02 -1.00815296e-01 1.19894743e-01 1.00000000e+00
192 P st 36 cl 0 sigma 0.17627  G 8.27729702e-02 -4.69207764e-02 1.27685070e-01 1.00000000e+00
192 P st 37 cl 1 sigma 0.40238  G -1.41882896e-01 -3.29613686e-02 6.90460205e-02 1.00000000e+00
192 P st 38 cl 0 sigma 0.17627  G 3.80158424e-02 -1.96218491e-02 1.54995918e-01 1.00000000e+00
192 P st 39 cl 0 sigma 0.17627  G -1.51026249e-01 4.13656235e-03 5.73039055e-02 1.00000000e+00
192 P st 40 cl 0 sigma 0.17627  G 8.72194767e-02 4.07278538e-02 1.30367279e-01 1.00000000e+00
192 P st 42 cl 0 sigma 0.17627  G -1.14178658e-01 2.72989273e-02 1.11436844e-01 1.00000000e+00
192 P st 43 cl 0 sigma 0.17627  G -1.11353397e-01 5.92589378e-02 9.97781754e-02 1.00000000e+00
192 P st 44 cl 0 sigma 0.17627  G 7.93218613e-02 9.38236713e-02 1.05077028e-01 1.00000000e+00
192 P st 45 cl 0 sigma 0.17627  G -1.18064880e-01 8.22305679e-02 7.44581223e-02 1.00000000e+00
192 S st 16 cl 1 sigma 0.13790  G -2.32553482e-01 -6.60419464e-03 1.53446198e-01 1.00000000e+00
192 S st 20 cl 1 sigma 0.13790  G -1.77502632e-01 9.96589661e-03 2.18296051e-01 1.00000000e+00
192 S st 33 cl 0 sigma 0.10762  G 1.56760216e-01 -1.71720982e-01 1.55997276e-01 1.00000000e+00
192 S st 36 cl 0 sigma 0.10762  G 1.43206120e-01 -8.11815262e-02 2.20894814e-01 1.00000000e+00
192 S st 38 cl 1 sigma 0.13790  G 6.57677650e-02 -3.39508057e-02 2.68137455e-01 1.00000000e+00
192 S st 43 cl 0 sigma 0.10762  G -1.92666054e-01 1.02519989e-01 1.72603130e-01 1.00000000e+00
192 S st 44 cl 0 sigma 0.10762  G 1.37245655e-01 1.62327290e-01 1.81770325e-01 1.00000000e+00
# EVENT 193  nrows 28  ncols 4  params[x y z ot]  hypo -8.7707 -6.1180 1.7775
193 P st 11 cl 0 sigma 0.17627  G 3.27825546e-03 -1.58596039e-01 3.01480293e-02 1.00000000e+00
193 P st 12 cl 1 sigma 0.40238  G -3.32653522e-02 -1.53374672e-01 3.82483006e-02 1.00000000e+00
193 P st 13 cl 0 sigma 0.17627  G -7.36415386e-02 -1.35624409e-01 4.65869904e-02 1.00000000e+00
193 P st 14 cl 0 sigma 0.17627  G -1.35797262e-01 -7.05361366e-02 4.93884087e-02 1.00000000e+00
193 P st 15 cl 0 sigma 0.17627  G -1.52486563e-01 -2.39372253e-02 4.74214554e-02 1.00000000e+00
193 P st 16 cl 0 sigma 0.17627  G -1.56706572e-01 8.58902931e-03 3.81410122e-02 1.00000000e+00
193 P st 18 cl 0 sigma 0.17627  G -1.11556053e-01 -1.14989281e-01 1.84655190e-02 1.00000000e+00
193 P st 19 cl 0 sigma 0.17627  G -8.13007355e-03 -1.37394667e-01 8.08894634e-02 1.00000000e+00
193 P st 20 cl 0 sigma 0.17627  G -1.40213966e-01 2.71022320e-02 7.15374947e-02 1.00000000e+00
193 P st 31 cl 1 sigma 0.40238  G -1.23488903e-01 -1.00970268e-01 2.44498253e-02 1.00000000e+00
193 P st 33 cl 0 sigma 0.17627  G 1.07944012e-01 -1.10149384e-01 4.57286835e-02 1.00000000e+00
193 P st 34 cl 0 sigma 0.17627  G -6.78420067e-02 -1.25789642e-01 7.62820244e-02 1.00000000e+00
193 P st 36 cl 0 sigma 0.17627  G 1.19292736e-01 -5.05745411e-02 9.15706158e-02 1.00000000e+00
193 P st 37 cl 0 sigma 0.17627  G -1.57070160e-01 -2.56180763e-02 2.74300575e-02 1.00000000e+00
193 P st 38 cl 0 sigma 0.17627  G 5.50746918e-02 -3.57031822e-03 1.47658587e-01 1.00000000e+00
193 P st 40 cl 0 sigma 0.17627  G 1.12980604e-01 7.86423683e-02 8.24153423e-02 1.00000000e+00
193 P st 42 cl 0 sigma 0.17627  G -1.43998861e-01 4.88579273e-02 5.40971756e-02 1.00000000e+00
193 P st 43 cl 0 sigma 0.17627  G -1.31917000e-01 8.09311867e-02 4.37259674e-02 1.00000000e+00
193 P st 44 cl 0 sigma 0.17627  G 8.78036022e-02 1.26433372e-01 4.89115715e-02 1.00000000e+00
193 P st 45 cl 0 sigma 0.17627  G -1.26838684e-01 9.56296921e-02 2.87055969e-02 1.00000000e+00
193 S st 11 cl 1 sigma 0.13790  G 5.65052032e-03 -2.74348259e-01 5.21659851e-02 1.00000000e+00
193 S st 12 cl 1 sigma 0.13790  G -5.75423241e-02 -2.65347958e-01 6.61730766e-02 1.00000000e+00
193 S st 15 cl 1 sigma 0.13790  G -2.63786316e-01 -4.14133072e-02 8.20398331e-02 1.00000000e+00
193 S st 18 cl 1 sigma 0.13790  G -1.92975998e-01 -1.98960304e-01 3.19242477e-02 1.00000000e+00
193 S st 20 cl 1 sigma 0.13790  G -2.42567062e-01 4.68969345e-02 1.23786926e-01 1.00000000e+00
193 S st 33 cl 0 sigma 0.10762  G 1.86729431e-01 -1.90556049e-01 7.91192055e-02 1.00000000e+00
193 S st 34 cl 1 sigma 0.13790  G -1.17385387e-01 -2.17628479e-01 1.31976604e-01 1.00000000e+00
193 S st 44 cl 0 sigma 0.10762  G 1.51908398e-01 2.18749046e-01 8.45909119e-02 1.00000000e+00
# EVENT 194  nrows 24  ncols 4  params[x y z ot]  hypo 6.9510 1.2936 -0.6527
194 P st 12 cl 0 sigma 0.17627  G 1.67620182e-01 -1.82032585e-02 -3.57270241e-02 1.00000000e+00
194 P st 13 cl 0 sigma 0.17627  G 1.73735619e-01 8.90493393e-03 4.08887863e-03 1.00000000e+00
194 P st 15 cl 0 sigma 0.17627  G 1.42300129e-01 1.08087063e-01 1.70230865e-02 1.00000000e+00
194 P st 16 cl 0 sigma 0.17627  G 1.14500523e-01 1.37245655e-01 1.71303749e-02 1.00000000e+00
194 P st 18 cl 0 sigma 0.17627  G 1.12414360e-01 -1.38407946e-01 2.68816948e-02 1.00000000e+00
194 P st 22 cl 0 sigma 0.17627  G 7.83920288e-02 -1.54125690e-01 -3.99351120e-03 1.00000000e+00
194 P st 25 cl 0 sigma 0.17627  G 1.26576424e-01 -1.24597549e-01 1.27553940e-02 1.00000000e+00
194 P st 26 cl 0 sigma 0.17627  G 2.45213509e-02 -1.76870823e-01 2.42233276e-02 1.00000000e+00
194 P st 28 cl 0 sigma 0.17627  G 1.64008141e-01 -7.16805458e-02 2.10762024e-02 1.00000000e+00
194 P st 29 cl 0 sigma 0.17627  G 8.54194164e-02 -1.44112110e-01 6.12139702e-02 1.00000000e+00
194 P st 31 cl 0 sigma 0.17627  G 1.75547600e-01 -2.96592712e-02 2.86936760e-02 1.00000000e+00
194 P st 32 cl 0 sigma 0.17627  G -1.66285038e-01 9.28640366e-03 6.58035278e-02 1.00000000e+00
194 P st 37 cl 0 sigma 0.17627  G 1.02841854e-01 1.45900249e-01 2.51889229e-02 1.00000000e+00
194 P st 46 cl 0 sigma 0.17627  G 1.74731016e-01 3.86893749e-02 1.87516212e-02 1.00000000e+00
194 P st 47 cl 0 sigma 0.17627  G 1.68126822e-01 3.64571810e-02 5.22881746e-02 1.00000000e+00
194 S st 12 cl 1 sigma 0.13790  G 2.89964676e-01 -3.14712524e-02 -6.18219376e-02 1.00000000e+00
194 S st 13 cl 1 sigma 0.13790  G 3.00574303e-01 1.53779984e-02 7.08103180e-03 1.00000000e+00
194 S st 18 cl 0 sigma 0.10762  G 1.94454193e-01 -2.39443779e-01 4.64916229e-02 1.00000000e+00
194 S st 26 cl 1 sigma 0.13790  G 4.24385071e-02 -3.05986404e-01 4.19139862e-02 1.00000000e+00
194 S st 28 cl 1 sigma 0.13790  G 2.83718109e-01 -1.24001503e-01 3.64661217e-02 1.00000000e+00
194 S st 31 cl 0 sigma 0.10762  G 3.03709507e-01 -5.13195992e-02 4.96387482e-02 1.00000000e+00
194 S st 32 cl 1 sigma 0.13790  G -2.87669897e-01 1.60813332e-02 1.13838911e-01 1.00000000e+00
194 S st 37 cl 0 sigma 0.10762  G 1.77919865e-01 2.52401829e-01 4.35709953e-02 1.00000000e+00
194 S st 47 cl 0 sigma 0.10762  G 2.90858746e-01 6.30617142e-02 9.04560089e-02 1.00000000e+00
# EVENT 195  nrows 23  ncols 4  params[x y z ot]  hypo 6.8857 -1.2142 -2.0199
195 P st 12 cl 0 sigma 0.17627  G 1.72829628e-01 -5.04136086e-02 -3.28421593e-01 1.00000000e+00
195 P st 13 cl 0 sigma 0.17627  G 1.77836418e-01 -2.81214714e-02 -3.28421593e-01 1.00000000e+00
195 P st 16 cl 0 sigma 0.17627  G 1.38735771e-01 1.14732981e-01 -3.28415632e-01 1.00000000e+00
195 P st 18 cl 0 sigma 0.17627  G 8.35597515e-02 -1.59466267e-01 -3.28409672e-01 1.00000000e+00
195 P st 19 cl 0 sigma 0.17627  G 1.80029869e-01 8.46385956e-04 -3.28409672e-01 1.00000000e+00
195 P st 22 cl 0 sigma 0.17627  G 6.85572624e-02 -1.66463852e-01 -3.28409672e-01 1.00000000e+00
195 P st 28 cl 0 sigma 0.17627  G 1.43003464e-01 -1.09386444e-01 -3.28421593e-01 1.00000000e+00
195 P st 29 cl 0 sigma 0.17627  G 4.71115112e-02 -1.73759460e-01 -3.28421593e-01 1.00000000e+00
195 P st 31 cl 0 sigma 0.17627  G 1.52260065e-01 -9.60588455e-02 -3.28415632e-01 1.00000000e+00
195 P st 32 cl 0 sigma 0.17627  G -1.41072273e-01 -1.25598907e-01 -1.03920698e-01 1.00000000e+00
195 P st 34 cl 0 sigma 0.17627  G 1.79946423e-01 5.61475754e-03 -3.28409672e-01 1.00000000e+00
195 P st 37 cl 0 sigma 0.17627  G 1.41793489e-01 1.10942125e-01 -3.28415632e-01 1.00000000e+00
195 P st 39 cl 0 sigma 0.17627  G 2.14576721e-02 1.78742409e-01 -3.28415632e-01 1.00000000e+00
195 P st 42 cl 1 sigma 0.40238  G 1.40011311e-01 1.13177299e-01 -3.28421593e-01 1.00000000e+00
195 P st 47 cl 0 sigma 0.17627  G 1.57636404e-01 -1.02090836e-01 -2.50893831e-01 1.00000000e+00
195 S st 12 cl 1 sigma 0.13790  G 2.99024582e-01 -8.72373581e-02 -5.68151474e-01 1.00000000e+00
195 S st 13 cl 1 sigma 0.13790  G 3.07655334e-01 -4.86612320e-02 -5.68151474e-01 1.00000000e+00
195 S st 18 cl 0 sigma 0.10762  G 1.44541264e-01 -2.75886059e-01 -5.68163395e-01 1.00000000e+00
195 S st 31 cl 0 sigma 0.10762  G 2.63404846e-01 -1.66189671e-01 -5.68163395e-01 1.00000000e+00
195 S st 32 cl 1 sigma 0.13790  G -2.44057178e-01 -2.17270851e-01 -1.79791451e-01 1.00000000e+00
195 S st 34 cl 0 sigma 0.10762  G 3.11303139e-01 9.70363617e-03 -5.68151474e-01 1.00000000e+00
195 S st 39 cl 1 sigma 0.13790  G 3.71217728e-02 3.09228897e-01 -5.68175316e-01 1.00000000e+00
195 S st 42 cl 1 sigma 0.13790  G 2.42233276e-01 1.95789337e-01 -5.68175316e-01 1.00000000e+00
# EVENT 196  nrows 28  ncols 4  params[x y z ot]  hypo -7.4741 -5.9561 2.1848
196 P st 12 cl 0 sigma 0.17627  G -1.11401081e-02 -1.53374672e-01 5.06460667e-02 1.00000000e+00
196 P st 13 cl 0 sigma 0.17627  G -5.07235527e-02 -1.40607357e-01 6.39438629e-02 1.00000000e+00
196 P st 14 cl 0 sigma 0.17627  G -1.23256445e-01 -7.60376453e-02 7.35759735e-02 1.00000000e+00
196 P st 15 cl 0 sigma 0.17627  G -1.42979622e-01 -2.34007835e-02 7.17937946e-02 1.00000000e+00
196 P st 16 cl 0 sigma 0.17627  G -1.50597095e-01 1.27315521e-02 5.72085381e-02 1.00000000e+00
196 P st 18 cl 0 sigma 0.17627  G -1.04999542e-01 -1.19972229e-01 2.54869461e-02 1.00000000e+00
196 P st 19 cl 0 sigma 0.17627  G 2.76267529e-02 -1.27577782e-01 9.52899456e-02 1.00000000e+00
196 P st 20 cl 0 sigma 0.17627  G -1.18380785e-01 3.49283218e-02 1.05232000e-01 1.00000000e+00
196 P st 25 cl 0 sigma 0.17627  G -6.09874725e-02 -1.47390366e-01 2.48193741e-02 1.00000000e+00
196 P st 31 cl 0 sigma 0.17627  G -1.16372108e-01 -1.06883049e-01 3.48925591e-02 1.00000000e+00
196 P st 33 cl 0 sigma 0.17627  G 1.19882822e-01 -9.62495804e-02 5.08904457e-02 1.00000000e+00
196 P st 34 cl 0 sigma 0.17627  G -3.11195850e-02 -1.19662285e-01 1.00344419e-01 1.00000000e+00
196 P st 36 cl 0 sigma 0.17627  G 1.34217739e-01 -3.89695168e-02 8.48650932e-02 1.00000000e+00
196 P st 37 cl 0 sigma 0.17627  G -1.54578686e-01 -2.59160995e-02 4.04477119e-02 1.00000000e+00
196 P st 38 cl 0 sigma 0.17627  G 9.27925110e-02 2.72989273e-03 1.33502483e-01 1.00000000e+00
196 P st 40 cl 0 sigma 0.17627  G 1.23137236e-01 6.81579113e-02 7.78555870e-02 1.00000000e+00
196 P st 41 cl 0 sigma 0.17627  G 2.66075134e-02 1.18124485e-01 1.08021498e-01 1.00000000e+00
196 P st 42 cl 0 sigma 0.17627  G -1.27303600e-01 5.72264194e-02 7.92026520e-02 1.00000000e+00
196 P st 43 cl 0 sigma 0.17627  G -1.17170811e-01 9.08911228e-02 6.27100468e-02 1.00000000e+00
196 P st 47 cl 0 sigma 0.17627  G -1.37305260e-01 -7.90834427e-02 3.19838524e-02 1.00000000e+00
196 S st 18 cl 0 sigma 0.10762  G -1.81674957e-01 -2.07543373e-01 4.41074371e-02 1.00000000e+00
196 S st 20 cl 1 sigma 0.13790  G -2.04789639e-01 6.04391098e-02 1.82056427e-01 1.00000000e+00
196 S st 25 cl 1 sigma 0.13790  G -1.05524063e-01 -2.55012512e-01 4.29153442e-02 1.00000000e+00
196 S st 34 cl 1 sigma 0.13790  G -5.38468361e-02 -2.07006931e-01 1.73604488e-01 1.00000000e+00
196 S st 37 cl 1 sigma 0.13790  G -2.67434120e-01 -4.48346138e-02 6.99877739e-02 1.00000000e+00
196 S st 40 cl 0 sigma 0.10762  G 2.13003159e-01 1.17921829e-01 1.34682655e-01 1.00000000e+00
196 S st 41 cl 0 sigma 0.10762  G 4.60267067e-02 2.04360485e-01 1.86860561e-01 1.00000000e+00
196 S st 47 cl 0 sigma 0.10762  G -2.37512589e-01 -1.36852264e-01 5.53131104e-02 1.00000000e+00
# EVENT 197  nrows 41  ncols 4  params[x y z ot]  hypo 2.1615 -3.4713 1.5304
197 P st 11 cl 0 sigma 0.17627  G 1.27243996e-01 -9.73105431e-02 2.29716301e-02 1.00000000e+00
197 P st 12 cl 0 sigma 0.17627  G 1.30724907e-01 -9.09328461e-02 3.05056572e-02 1.00000000e+00
197 P st 13 cl 0 sigma 0.17627  G 1.36208534e-01 -7.80344009e-02 4.24265862e-02 1.00000000e+00
197 P st 14 cl 0 sigma 0.17627  G 1.35952234e-01 -2.31862068e-02 8.53359699e-02 1.00000000e+00
197 P st 15 cl 0 sigma 0.17627  G 1.20377541e-01 5.17070293e-02 1.01023912e-01 1.00000000e+00
197 P st 16 cl 0 sigma 0.17627  G 6.50703907e-02 1.13099813e-01 1.03628635e-01 1.00000000e+00
197 P st 18 cl 0 sigma 0.17627  G -1.48892403e-02 -1.57868862e-01 3.60846519e-02 1.00000000e+00
197 P st 19 cl 0 sigma 0.17627  G 1.55925751e-01 -3.19957733e-02 3.12685966e-02 1.00000000e+00
197 P st 20 cl 0 sigma 0.17627  G 1.28096342e-01 8.43822956e-02 5.67018986e-02 1.00000000e+00
197 P st 21 cl 0 sigma 0.17627  G 4.12583351e-02 -1.55210495e-01 1.68323517e-02 1.00000000e+00
197 P st 22 cl 0 sigma 0.17627  G 9.78708267e-03 -1.60145760e-01 1.97172165e-02 1.00000000e+00
197 P st 23 cl 1 sigma 0.40238  G 1.23333931e-01 -1.03187561e-01 1.43289566e-02 1.00000000e+00
197 P st 25 cl 0 sigma 0.17627  G 4.03761864e-02 -1.54840946e-01 2.48432159e-02 1.00000000e+00
197 P st 26 cl 0 sigma 0.17627  G -4.77910042e-02 -1.52552128e-01 2.65121460e-02 1.00000000e+00
197 P st 28 cl 0 sigma 0.17627  G 5.44488430e-02 -1.47777796e-01 4.10020351e-02 1.00000000e+00
197 P st 29 cl 0 sigma 0.17627  G -6.75559044e-02 -1.40088797e-01 4.77731228e-02 1.00000000e+00
197 P st 31 cl 0 sigma 0.17627  G 1.90258026e-02 -1.48791075e-01 6.59584999e-02 1.00000000e+00
197 P st 33 cl 0 sigma 0.17627  G 1.57904625e-01 -2.87055969e-02 1.87754631e-02 1.00000000e+00
197 P st 34 cl 0 sigma 0.17627  G 1.53928995e-01 -3.33845615e-02 4.09781933e-02 1.00000000e+00
197 P st 37 cl 0 sigma 0.17627  G -4.78804111e-02 3.68475914e-02 1.48993731e-01 1.00000000e+00
197 P st 38 cl 0 sigma 0.17627  G 1.56474113e-01 3.27587128e-02 2.65359879e-02 1.00000000e+00
197 P st 39 cl 0 sigma 0.17627  G -1.07795000e-01 1.02382898e-01 7.21633434e-02 1.00000000e+00
197 P st 40 cl 0 sigma 0.17627  G 1.50835514e-01 5.45144081e-02 2.01582909e-02 1.00000000e+00
197 P st 41 cl 0 sigma 0.17627  G 1.35409832e-01 8.46743584e-02 2.69532204e-02 1.00000000e+00
197 P st 42 cl 0 sigma 0.17627  G 9.74297523e-02 1.15191936e-01 6.08325005e-02 1.00000000e+00
197 P st 43 cl 0 sigma 0.17627  G 7.25686550e-02 1.37525797e-01 4.69028950e-02 1.00000000e+00
197 P st 44 cl 0 sigma 0.17627  G 1.38795376e-01 8.07523727e-02 1.78456306e-02 1.00000000e+00
197 P st 45 cl 0 sigma 0.17627  G 2.51531601e-02 1.56426430e-01 3.57389450e-02 1.00000000e+00
197 P st 46 cl 0 sigma 0.17627  G 1.27071142e-01 -7.43806362e-02 7.15851784e-02 1.00000000e+00
197 P st 47 cl 0 sigma 0.17627  G -5.75900078e-02 -1.29145384e-01 8.72194767e-02 1.00000000e+00
197 S st 13 cl 0 sigma 0.10762  G 2.35629082e-01 -1.35004520e-01 7.34090805e-02 1.00000000e+00
197 S st 15 cl 0 sigma 0.10762  G 2.08234787e-01 8.94546509e-02 1.74778700e-01 1.00000000e+00
197 S st 18 cl 1 sigma 0.13790  G -2.57611275e-02 -2.73108482e-01 6.24299049e-02 1.00000000e+00
197 S st 19 cl 1 sigma 0.13790  G 2.69770622e-01 -5.53488731e-02 5.40614128e-02 1.00000000e+00
197 S st 21 cl 1 sigma 0.13790  G 7.13825226e-02 -2.68483162e-01 2.91347504e-02 1.00000000e+00
197 S st 29 cl 1 sigma 0.13790  G -1.16848946e-01 -2.42328644e-01 8.26358795e-02 1.00000000e+00
197 S st 31 cl 0 sigma 0.10762  G 3.29017639e-02 -2.57420540e-01 1.14107132e-01 1.00000000e+00
197 S st 33 cl 0 sigma 0.10762  G 2.73132324e-01 -4.96625900e-02 3.24726105e-02 1.00000000e+00
197 S st 38 cl 1 sigma 0.13790  G 2.70724297e-01 5.66244125e-02 4.59432602e-02 1.00000000e+00
197 S st 40 cl 1 sigma 0.13790  G 2.60949135e-01 9.43422318e-02 3.49044800e-02 1.00000000e+00
197 S st 47 cl 1 sigma 0.13790  G -9.96351242e-02 -2.23410130e-01 1.50883198e-01 1.00000000e+00
# EVENT 198  nrows 34  ncols 4  params[x y z ot]  hypo -7.8862 -5.2486 -2.1608
198 P st 10 cl 1 sigma 0.40238  G 4.42028046e-02 -1.74498558e-01 -3.28433514e-01 1.00000000e+00
198 P st 11 cl 1 sigma 0.40238  G 1.93476677e-02 -1.78992748e-01 -3.28421593e-01 1.00000000e+00
198 P st 13 cl 0 sigma 0.17627  G -7.70211220e-02 -1.62726641e-01 -3.28415632e-01 1.00000000e+00
198 P st 14 cl 0 sigma 0.17627  G -1.64359808e-01 -7.34448433e-02 -3.28421593e-01 1.00000000e+00
198 P st 15 cl 0 sigma 0.17627  G -1.79845095e-01 -8.42213631e-03 -3.28415632e-01 1.00000000e+00
198 P st 16 cl 0 sigma 0.17627  G -1.77598000e-01 2.95341015e-02 -3.28421593e-01 1.00000000e+00
198 P st 18 cl 0 sigma 0.17627  G -1.25074387e-01 -1.29425526e-01 -3.28433514e-01 1.00000000e+00
198 P st 19 cl 0 sigma 0.17627  G 2.69532204e-02 -1.78503990e-01 -3.27533484e-01 1.00000000e+00
198 P st 20 cl 0 sigma 0.17627  G -1.65605545e-01 7.06255436e-02 -3.28415632e-01 1.00000000e+00
198 P st 25 cl 0 sigma 0.17627  G -7.54356384e-02 -1.63149834e-01 -3.28445435e-01 1.00000000e+00
198 P st 26 cl 1 sigma 0.40238  G -1.15919113e-01 -1.15966797e-01 -3.35812569e-01 1.00000000e+00
198 P st 31 cl 0 sigma 0.17627  G -1.40428543e-01 -1.12640858e-01 -3.28421593e-01 1.00000000e+00
198 P st 33 cl 1 sigma 0.40238  G 1.44445896e-01 -1.07467175e-01 -3.28421593e-01 1.00000000e+00
198 P st 34 cl 0 sigma 0.17627  G -7.03632832e-02 -1.65718794e-01 -3.28415632e-01 1.00000000e+00
198 P st 37 cl 0 sigma 0.17627  G -1.79207325e-01 -1.73568726e-02 -3.28421593e-01 1.00000000e+00
198 P st 38 cl 0 sigma 0.17627  G 3.34635377e-01 1.19543076e-01 6.65009022e-02 1.00000000e+00
198 P st 39 cl 0 sigma 0.17627  G -1.78194046e-01 2.56299973e-02 -3.28409672e-01 1.00000000e+00
198 P st 40 cl 0 sigma 0.17627  G 1.44082308e-01 1.07944012e-01 -3.28415632e-01 1.00000000e+00
198 P st 41 cl 0 sigma 0.17627  G 1.91271305e-02 1.79010630e-01 -3.28415632e-01 1.00000000e+00
198 P st 42 cl 1 sigma 0.40238  G -1.58506632e-01 8.53657722e-02 -3.28421593e-01 1.00000000e+00
198 P st 43 cl 0 sigma 0.17627  G -1.38044357e-01 1.15549564e-01 -3.28433514e-01 1.00000000e+00
198 S st 13 cl 1 sigma 0.13790  G -1.33240223e-01 -2.81536579e-01 -5.68151474e-01 1.00000000e+00
198 S st 15 cl 1 sigma 0.13790  G -3.11112404e-01 -1.45673752e-02 -5.68151474e-01 1.00000000e+00
198 S st 16 cl 1 sigma 0.13790  G -3.07250023e-01 5.10811806e-02 -5.68151474e-01 1.00000000e+00
198 S st 18 cl 0 sigma 0.10762  G -2.16388702e-01 -2.23898888e-01 -5.68223000e-01 1.00000000e+00
198 S st 20 cl 0 sigma 0.10762  G -2.86507607e-01 1.22165680e-01 -5.68175316e-01 1.00000000e+00
198 S st 25 cl 1 sigma 0.13790  G -1.30510330e-01 -2.82239914e-01 -5.68246841e-01 1.00000000e+00
198 S st 31 cl 1 sigma 0.13790  G -2.42948532e-01 -1.94835663e-01 -5.68175316e-01 1.00000000e+00
198 S st 33 cl 1 sigma 0.13790  G 2.49886513e-01 -1.85918808e-01 -5.68163395e-01 1.00000000e+00
198 S st 34 cl 1 sigma 0.13790  G -1.21724606e-01 -2.86686420e-01 -5.68163395e-01 1.00000000e+00
198 S st 37 cl 1 sigma 0.13790  G -3.10015678e-01 -3.00407410e-02 -5.68175316e-01 1.00000000e+00
198 S st 39 cl 1 sigma 0.13790  G -3.08275223e-01 4.43220139e-02 -5.68151474e-01 1.00000000e+00
198 S st 40 cl 1 sigma 0.13790  G 2.49266624e-01 1.86741352e-01 -5.68175316e-01 1.00000000e+00
198 S st 42 cl 1 sigma 0.13790  G -2.74229050e-01 1.47676468e-01 -5.68175316e-01 1.00000000e+00
# EVENT 199  nrows 25  ncols 4  params[x y z ot]  hypo -4.4598 2.6306 0.0724
199 P st 11 cl 0 sigma 0.17627  G 1.50215626e-01 -8.05139542e-02 4.78863716e-02 1.00000000e+00
199 P st 12 cl 0 sigma 0.17627  G 1.42237544e-01 -9.53078270e-03 1.14113092e-01 1.00000000e+00
199 P st 13 cl 0 sigma 0.17627  G 4.34637070e-02 1.36631727e-01 1.26382709e-01 1.00000000e+00
199 P st 15 cl 1 sigma 0.40238  G -6.69896603e-02 1.58113241e-01 -3.99649143e-02 1.00000000e+00
199 P st 18 cl 0 sigma 0.17627  G -1.56235695e-01 -7.16507435e-02 -3.94046307e-02 1.00000000e+00
199 P st 19 cl 0 sigma 0.17627  G 1.23071671e-01 1.19793415e-01 3.62753868e-02 1.00000000e+00
199 P st 20 cl 0 sigma 0.17627  G -1.75714493e-02 1.66237354e-01 -6.84618950e-02 1.00000000e+00
199 P st 21 cl 0 sigma 0.17627  G -2.59280205e-02 -1.59943104e-01 -8.24809074e-02 1.00000000e+00
199 P st 23 cl 0 sigma 0.17627  G 1.27339363e-01 -9.92655754e-02 -8.34107399e-02 1.00000000e+00
199 P st 25 cl 0 sigma 0.17627  G -7.68125057e-02 -1.55192614e-01 -1.33514404e-02 1.00000000e+00
199 P st 26 cl 1 sigma 0.40238  G -1.41036510e-01 -8.07523727e-02 -8.19206238e-02 1.00000000e+00
199 P st 28 cl 0 sigma 0.17627  G -1.44374371e-01 -8.29398632e-02 7.16149807e-02 1.00000000e+00
199 P st 29 cl 0 sigma 0.17627  G -1.65235996e-01 -1.61528587e-02 -6.94155693e-02 1.00000000e+00
199 P st 31 cl 1 sigma 0.40238  G -1.71715021e-01 1.17838383e-02 2.43484974e-02 1.00000000e+00
199 P st 33 cl 1 sigma 0.40238  G 1.57439709e-01 4.97817993e-02 -7.48038292e-02 1.00000000e+00
199 P st 34 cl 0 sigma 0.17627  G 6.83903694e-02 1.54179335e-01 5.95867634e-02 1.00000000e+00
199 P st 37 cl 0 sigma 0.17627  G -1.22618675e-01 1.10697746e-01 -7.32660294e-02 1.00000000e+00
199 P st 38 cl 0 sigma 0.17627  G 9.02175903e-02 1.39045715e-01 -7.30276108e-02 1.00000000e+00
199 P st 40 cl 0 sigma 0.17627  G 9.38773155e-02 1.31058693e-01 -8.40187073e-02 1.00000000e+00
199 P st 42 cl 1 sigma 0.40238  G -3.52978706e-02 1.59478188e-01 -7.94410706e-02 1.00000000e+00
199 S st 12 cl 0 sigma 0.10762  G 2.46077776e-01 -1.64747238e-02 1.97416544e-01 1.00000000e+00
199 S st 18 cl 1 sigma 0.13790  G -2.70295143e-01 -1.23953819e-01 -6.81757927e-02 1.00000000e+00
199 S st 37 cl 1 sigma 0.13790  G -2.12109089e-01 1.91521645e-01 -1.26719475e-01 1.00000000e+00
199 S st 38 cl 1 sigma 0.13790  G 1.56080723e-01 2.40540504e-01 -1.26338005e-01 1.00000000e+00
199 S st 40 cl 1 sigma 0.13790  G 1.62386894e-01 2.26783752e-01 -1.45387650e-01 1.00000000e+00
# EVENT 200  nrows 15  ncols 4  params[x y z ot]  hypo -8.0482 -4.6719 1.6158
200 P st 10 cl 1 sigma 0.40238  G 3.90291214e-02 -1.54829025e-01 2.63214111e-02 1.00000000e+00
200 P st 12 cl 0 sigma 0.17627  G -2.48670578e-02 -1.53446198e-01 4.80592251e-02 1.00000000e+00
200 P st 13 cl 0 sigma 0.17627  G -7.33375549e-02 -1.32232904e-01 6.14285469e-02 1.00000000e+00
200 P st 15 cl 1 sigma 0.40238  G -1.52891874e-01 5.99622726e-03 5.42879105e-02 1.00000000e+00
200 P st 18 cl 0 sigma 0.17627  G -1.15120411e-01 -1.11436844e-01 2.04682350e-02 1.00000000e+00
200 P st 19 cl 1 sigma 0.40238  G 1.48355961e-02 -1.14971399e-01 1.10363960e-01 1.00000000e+00
200 P st 20 cl 0 sigma 0.17627  G -1.27929449e-01 6.85989857e-02 7.44342804e-02 1.00000000e+00
200 P st 25 cl 1 sigma 0.40238  G -7.08699226e-02 -1.43766403e-01 2.05039978e-02 1.00000000e+00
200 P st 34 cl 0 sigma 0.17627  G -5.67138195e-02 -1.01608038e-01 1.08402967e-01 1.00000000e+00
200 P st 36 cl 1 sigma 0.40238  G 1.38896704e-01 -7.65919685e-03 8.43942165e-02 1.00000000e+00
200 P st 38 cl 0 sigma 0.17627  G 7.43269920e-02 4.97460365e-02 1.29789114e-01 1.00000000e+00
200 P st 40 cl 0 sigma 0.17627  G 1.11943483e-01 1.00779533e-01 6.18875027e-02 1.00000000e+00
200 P st 41 cl 0 sigma 0.17627  G 9.39369202e-03 1.43539906e-01 7.44640827e-02 1.00000000e+00
200 S st 18 cl 1 sigma 0.13790  G -1.99198723e-01 -1.92737579e-01 3.54528427e-02 1.00000000e+00
200 S st 40 cl 1 sigma 0.13790  G 1.93667412e-01 1.74367428e-01 1.07061863e-01 1.00000000e+00
# EVENT 201  nrows 28  ncols 4  params[x y z ot]  hypo -4.9808 -8.5852 2.0425
201 P st 13 cl 0 sigma 0.17627  G 1.68085098e-03 -1.55615807e-01 4.74512577e-02 1.00000000e+00
201 P st 14 cl 0 sigma 0.17627  G -6.21914864e-02 -1.32632256e-01 6.98924065e-02 1.00000000e+00
201 P st 15 cl 0 sigma 0.17627  G -1.00040436e-01 -9.78767872e-02 8.60750675e-02 1.00000000e+00
201 P st 18 cl 0 sigma 0.17627  G -7.68780708e-02 -1.40154362e-01 2.42590904e-02 1.00000000e+00
201 P st 20 cl 0 sigma 0.17627  G -6.13033772e-02 -5.65052032e-02 1.40154362e-01 1.00000000e+00
201 P st 25 cl 0 sigma 0.17627  G -3.34143639e-02 -1.56569481e-01 2.21610069e-02 1.00000000e+00
201 P st 31 cl 0 sigma 0.17627  G -8.09907913e-02 -1.36506557e-01 3.33786011e-02 1.00000000e+00
201 P st 33 cl 0 sigma 0.17627  G 1.19531155e-01 -1.03998184e-01 3.42249870e-02 1.00000000e+00
201 P st 34 cl 0 sigma 0.17627  G 2.89916992e-02 -1.47557259e-01 6.46412373e-02 1.00000000e+00
201 P st 36 cl 0 sigma 0.17627  G 1.35993958e-01 -7.26222992e-02 5.16891479e-02 1.00000000e+00
201 P st 37 cl 0 sigma 0.17627  G -1.36560202e-01 -7.44640827e-02 4.82320786e-02 1.00000000e+00
201 P st 38 cl 0 sigma 0.17627  G 1.27100945e-01 -6.35981560e-02 8.19325447e-02 1.00000000e+00
201 P st 40 cl 0 sigma 0.17627  G 1.51878595e-01 4.85181808e-03 5.94496727e-02 1.00000000e+00
201 P st 41 cl 0 sigma 0.17627  G 1.05232000e-01 4.58538532e-02 1.16503239e-01 1.00000000e+00
201 P st 42 cl 0 sigma 0.17627  G -9.36746597e-02 -5.53727150e-03 1.28847361e-01 1.00000000e+00
201 P st 43 cl 0 sigma 0.17627  G -9.98377800e-02 5.71072102e-02 1.12873316e-01 1.00000000e+00
201 P st 44 cl 0 sigma 0.17627  G 1.40094757e-01 6.49571419e-02 5.03420830e-02 1.00000000e+00
201 P st 45 cl 0 sigma 0.17627  G -1.15764141e-01 9.53555107e-02 6.43372536e-02 1.00000000e+00
201 S st 13 cl 1 sigma 0.13790  G 2.90870667e-03 -2.69222260e-01 8.20755959e-02 1.00000000e+00
201 S st 15 cl 1 sigma 0.13790  G -1.73068047e-01 -1.69324875e-01 1.48892403e-01 1.00000000e+00
201 S st 20 cl 0 sigma 0.10762  G -1.06054544e-01 -9.77694988e-02 2.42459774e-01 1.00000000e+00
201 S st 36 cl 1 sigma 0.13790  G 2.35259533e-01 -1.25622749e-01 8.94069672e-02 1.00000000e+00
201 S st 40 cl 0 sigma 0.10762  G 2.62749195e-01 8.39233398e-03 1.02841854e-01 1.00000000e+00
201 S st 41 cl 0 sigma 0.10762  G 1.82056427e-01 7.93337822e-02 2.01535225e-01 1.00000000e+00
201 S st 42 cl 1 sigma 0.13790  G -1.62029266e-01 -9.58442688e-03 2.22873688e-01 1.00000000e+00
201 S st 43 cl 1 sigma 0.13790  G -1.72710419e-01 9.88125801e-02 1.95264816e-01 1.00000000e+00
201 S st 44 cl 0 sigma 0.10762  G 2.42352486e-01 1.12378597e-01 8.70943069e-02 1.00000000e+00
201 S st 45 cl 1 sigma 0.13790  G -2.00271606e-01 1.64949894e-01 1.11281872e-01 1.00000000e+00
# EVENT 202  nrows 30  ncols 4  params[x y z ot]  hypo -5.4585 5.2829 2.8147
202 P st 12 cl 0 sigma 0.17627  G 4.15325165e-02 7.50124454e-02 1.33711100e-01 1.00000000e+00
202 P st 13 cl 0 sigma 0.17627  G -9.93013382e-03 1.21110678e-01 1.06716156e-01 1.00000000e+00
202 P st 18 cl 0 sigma 0.17627  G -1.48743391e-01 -1.39176846e-02 6.17921352e-02 1.00000000e+00
202 P st 19 cl 0 sigma 0.17627  G 5.97953796e-02 1.29789114e-01 7.37845898e-02 1.00000000e+00
202 P st 20 cl 0 sigma 0.17627  G -2.52127647e-02 1.54089928e-01 4.08887863e-02 1.00000000e+00
202 P st 21 cl 0 sigma 0.17627  G -4.60386276e-02 -1.43861771e-01 5.48481941e-02 1.00000000e+00
202 P st 22 cl 0 sigma 0.17627  G -1.01482868e-01 -1.12688541e-01 5.37753105e-02 1.00000000e+00
202 P st 23 cl 0 sigma 0.17627  G 1.33001804e-01 -7.57813454e-02 5.05805016e-02 1.00000000e+00
202 P st 25 cl 0 sigma 0.17627  G -9.64283943e-02 -8.99195671e-02 8.98182392e-02 1.00000000e+00
202 P st 28 cl 0 sigma 0.17627  G -1.19262934e-01 1.49846077e-02 1.07979774e-01 1.00000000e+00
202 P st 29 cl 0 sigma 0.17627  G -1.52492523e-01 2.30789185e-02 4.75764275e-02 1.00000000e+00
202 P st 31 cl 0 sigma 0.17627  G -1.33424997e-01 5.91814518e-02 6.96063042e-02 1.00000000e+00
202 P st 34 cl 0 sigma 0.17627  G 1.78933144e-02 1.38974190e-01 7.61985779e-02 1.00000000e+00
202 P st 36 cl 0 sigma 0.17627  G 9.38892365e-02 1.23953819e-01 4.31776047e-02 1.00000000e+00
202 P st 37 cl 0 sigma 0.17627  G -1.04677677e-01 1.15942955e-01 4.00900841e-02 1.00000000e+00
202 P st 38 cl 0 sigma 0.17627  G 5.88536263e-02 1.44016743e-01 4.26650047e-02 1.00000000e+00
202 P st 40 cl 0 sigma 0.17627  G 7.19070435e-02 1.40786171e-01 3.16381454e-02 1.00000000e+00
202 P st 41 cl 0 sigma 0.17627  G 2.97546387e-02 1.55150890e-01 3.25441360e-02 1.00000000e+00
202 P st 44 cl 0 sigma 0.17627  G 6.32882118e-02 1.46079063e-01 2.56299973e-02 1.00000000e+00
202 P st 47 cl 1 sigma 0.40238  G -1.37972832e-01 6.75201416e-02 5.02228737e-02 1.00000000e+00
202 S st 13 cl 0 sigma 0.10762  G -1.71899796e-02 2.09522247e-01 1.84607506e-01 1.00000000e+00
202 S st 18 cl 0 sigma 0.10762  G -2.57325172e-01 -2.40802765e-02 1.06906891e-01 1.00000000e+00
202 S st 20 cl 1 sigma 0.13790  G -4.36067581e-02 2.66599655e-01 7.07626343e-02 1.00000000e+00
202 S st 22 cl 1 sigma 0.13790  G -1.75583363e-01 -1.94942951e-01 9.30428505e-02 1.00000000e+00
202 S st 25 cl 0 sigma 0.10762  G -1.66833401e-01 -1.55568123e-01 1.55401230e-01 1.00000000e+00
202 S st 34 cl 1 sigma 0.13790  G 3.09467316e-02 2.40445137e-01 1.31833553e-01 1.00000000e+00
202 S st 36 cl 1 sigma 0.13790  G 1.62410736e-01 2.14433670e-01 7.46965408e-02 1.00000000e+00
202 S st 40 cl 1 sigma 0.13790  G 1.24406815e-01 2.43568420e-01 5.47647476e-02 1.00000000e+00
202 S st 41 cl 1 sigma 0.13790  G 5.14745712e-02 2.68411636e-01 5.63144684e-02 1.00000000e+00
202 S st 44 cl 1 sigma 0.13790  G 1.09457970e-01 2.52747536e-01 4.43220139e-02 1.00000000e+00
# EVENT 203  nrows 26  ncols 4  params[x y z ot]  hypo 3.2341 -8.5039 -0.8424
203 P st 13 cl 0 sigma 0.17627  G 1.18875504e-01 -1.31273270e-01 -1.50203705e-03 1.00000000e+00
203 P st 14 cl 0 sigma 0.17627  G 1.23131275e-01 -1.30248070e-01 2.19047070e-02 1.00000000e+00
203 P st 15 cl 0 sigma 0.17627  G 1.39957666e-01 -1.11222267e-01 2.81572342e-02 1.00000000e+00
203 P st 16 cl 0 sigma 0.17627  G 1.46728754e-01 -9.59843397e-02 4.38988209e-02 1.00000000e+00
203 P st 17 cl 0 sigma 0.17627  G -2.78949738e-03 1.59519911e-01 7.90297985e-02 1.00000000e+00
203 P st 18 cl 0 sigma 0.17627  G 2.00271606e-03 -1.69897079e-01 -5.26666641e-02 1.00000000e+00
203 P st 19 cl 1 sigma 0.40238  G 1.48153305e-01 -9.12308693e-02 -2.95162201e-02 1.00000000e+00
203 P st 20 cl 0 sigma 0.17627  G 1.75446272e-01 -3.56495380e-02 2.51650810e-02 1.00000000e+00
203 P st 29 cl 0 sigma 0.17627  G -3.37243080e-02 -1.74403191e-01 4.10079956e-03 1.00000000e+00
203 P st 31 cl 0 sigma 0.17627  G 2.96235085e-02 -1.76548958e-01 1.47581100e-02 1.00000000e+00
203 P st 33 cl 1 sigma 0.40238  G 1.46615505e-01 -6.71386719e-02 -8.47339630e-02 1.00000000e+00
203 P st 35 cl 0 sigma 0.17627  G -7.37428665e-02 -1.63364410e-01 2.20298767e-02 1.00000000e+00
203 P st 36 cl 0 sigma 0.17627  G 1.58238411e-01 -4.04119492e-02 -7.83920288e-02 1.00000000e+00
203 P st 37 cl 0 sigma 0.17627  G 5.94854355e-03 -1.77043676e-01 3.62992287e-02 1.00000000e+00
203 P st 38 cl 1 sigma 0.40238  G 1.71291828e-01 -3.17811966e-02 -2.16484070e-02 1.00000000e+00
203 P st 39 cl 0 sigma 0.17627  G -1.60706043e-01 -6.79075718e-02 5.12301922e-02 1.00000000e+00
203 P st 40 cl 0 sigma 0.17627  G 1.65855885e-01 3.40938568e-03 -7.40408897e-02 1.00000000e+00
203 P st 42 cl 0 sigma 0.17627  G 1.77907944e-01 -3.18288803e-03 3.21626663e-02 1.00000000e+00
203 P st 43 cl 0 sigma 0.17627  G 1.63853168e-01 6.94155693e-02 3.23474407e-02 1.00000000e+00
203 P st 45 cl 0 sigma 0.17627  G 8.73565674e-02 1.55144930e-01 3.09824944e-02 1.00000000e+00
203 P st 47 cl 0 sigma 0.17627  G -1.49726868e-02 -1.78742409e-01 1.99556351e-02 1.00000000e+00
203 S st 13 cl 1 sigma 0.13790  G 2.05636024e-01 -2.27093697e-01 -2.57492065e-03 1.00000000e+00
203 S st 18 cl 1 sigma 0.13790  G 3.45706940e-03 -2.93922424e-01 -9.11235809e-02 1.00000000e+00
203 S st 35 cl 0 sigma 0.10762  G -1.27589703e-01 -2.82609463e-01 3.80992889e-02 1.00000000e+00
203 S st 39 cl 1 sigma 0.13790  G -2.78007984e-01 -1.17474794e-01 8.86142254e-02 1.00000000e+00
203 S st 40 cl 1 sigma 0.13790  G 2.86984444e-01 5.91278076e-03 -1.28078461e-01 1.00000000e+00
# EVENT 204  nrows 13  ncols 4  params[x y z ot]  hypo 7.4777 3.4461 2.9147
204 P st 13 cl 1 sigma 0.40238  G 1.52266026e-01 3.35574150e-02 3.95178795e-02 1.00000000e+00
204 P st 18 cl 0 sigma 0.17627  G 1.08176470e-01 -6.45756721e-02 9.93847847e-02 1.00000000e+00
204 P st 26 cl 0 sigma 0.17627  G 3.53753567e-02 -1.18225813e-01 9.90509987e-02 1.00000000e+00
204 P st 29 cl 0 sigma 0.17627  G 5.64455986e-02 -4.92334366e-03 1.47646666e-01 1.00000000e+00
204 P st 31 cl 0 sigma 0.17627  G 1.33532286e-01 2.69532204e-02 8.40544701e-02 1.00000000e+00
204 P st 32 cl 0 sigma 0.17627  G -6.08444214e-02 6.77764416e-02 1.33115053e-01 1.00000000e+00
204 P st 35 cl 0 sigma 0.17627  G 1.97887421e-02 1.06811523e-01 1.14428997e-01 1.00000000e+00
204 P st 37 cl 0 sigma 0.17627  G 7.41124153e-02 1.28883123e-01 6.00397587e-02 1.00000000e+00
204 P st 47 cl 0 sigma 0.17627  G 8.63492489e-02 6.93380833e-02 1.11532211e-01 1.00000000e+00
204 S st 18 cl 1 sigma 0.13790  G 1.87146664e-01 -1.11699104e-01 1.71935558e-01 1.00000000e+00
204 S st 26 cl 1 sigma 0.13790  G 6.11782074e-02 -2.04539299e-01 1.71351433e-01 1.00000000e+00
204 S st 29 cl 0 sigma 0.10762  G 9.76562500e-02 -8.51154327e-03 2.55417824e-01 1.00000000e+00
204 S st 35 cl 1 sigma 0.13790  G 3.42607498e-02 1.84786320e-01 1.97958946e-01 1.00000000e+00
# EVENT 205  nrows 16  ncols 4  params[x y z ot]  hypo -5.0635 -7.6259 0.7304
205 P st 12 cl 1 sigma 0.40238  G 2.70366669e-02 -1.58607960e-01 1.26600266e-02 1.00000000e+00
205 P st 14 cl 0 sigma 0.17627  G -7.92145729e-02 -1.37192011e-01 3.13520432e-02 1.00000000e+00
205 P st 16 cl 1 sigma 0.40238  G -1.55544281e-01 -2.89857388e-02 3.30269337e-02 1.00000000e+00
205 P st 19 cl 0 sigma 0.17627  G 7.59482384e-02 -1.40702724e-01 2.17437744e-02 1.00000000e+00
205 P st 20 cl 0 sigma 0.17627  G -8.92996788e-02 -2.58803368e-02 1.31654739e-01 1.00000000e+00
205 P st 31 cl 0 sigma 0.17627  G -8.86201859e-02 -1.34360790e-01 1.13248825e-02 1.00000000e+00
205 P st 34 cl 0 sigma 0.17627  G 3.32891941e-02 -1.55472755e-01 2.83002853e-02 1.00000000e+00
205 P st 36 cl 0 sigma 0.17627  G 1.48040056e-01 -6.15417957e-02 1.76310539e-02 1.00000000e+00
205 P st 38 cl 0 sigma 0.17627  G 1.49250031e-01 -4.73737717e-02 3.81827354e-02 1.00000000e+00
205 P st 40 cl 0 sigma 0.17627  G 1.58196688e-01 2.50756741e-02 1.95145607e-02 1.00000000e+00
205 P st 42 cl 0 sigma 0.17627  G -1.34754181e-01 3.46720219e-02 8.50796700e-02 1.00000000e+00
205 P st 43 cl 0 sigma 0.17627  G -1.18261576e-01 9.84907150e-02 5.01096249e-02 1.00000000e+00
205 P st 47 cl 0 sigma 0.17627  G -1.18839741e-01 -1.08551979e-01 1.11103058e-02 1.00000000e+00
205 S st 20 cl 1 sigma 0.13790  G -1.54489279e-01 -4.47690487e-02 2.27755308e-01 1.00000000e+00
205 S st 34 cl 1 sigma 0.13790  G 5.75900078e-02 -2.68971920e-01 4.89592552e-02 1.00000000e+00
205 S st 42 cl 1 sigma 0.13790  G -2.33125687e-01 5.99861145e-02 1.47187710e-01 1.00000000e+00
# EVENT 206  nrows 20  ncols 4  params[x y z ot]  hypo 3.4780 -9.2421 -0.0635
206 P st 13 cl 0 sigma 0.17627  G 1.05810165e-01 -1.22654438e-01 -6.86407089e-02 1.00000000e+00
206 P st 14 cl 0 sigma 0.17627  G 1.13785267e-01 -1.29950047e-01 2.49207020e-02 1.00000000e+00
206 P st 15 cl 0 sigma 0.17627  G 1.29640102e-01 -1.17951632e-01 4.26590443e-02 1.00000000e+00
206 P st 16 cl 0 sigma 0.17627  G 1.29824877e-01 -1.08951330e-01 6.24179840e-02 1.00000000e+00
206 P st 17 cl 0 sigma 0.17627  G 1.65820122e-02 9.50813293e-02 1.49643421e-01 1.00000000e+00
206 P st 18 cl 0 sigma 0.17627  G 4.36306000e-03 -1.61218643e-01 -7.90834427e-02 1.00000000e+00
206 P st 31 cl 1 sigma 0.40238  G 2.87413597e-02 -1.61206722e-01 -4.24861908e-02 1.00000000e+00
206 P st 34 cl 1 sigma 0.40238  G 1.28984451e-01 -9.99808311e-02 -5.67555428e-02 1.00000000e+00
206 P st 37 cl 0 sigma 0.17627  G 1.32620335e-02 -1.72519684e-01 5.24163246e-02 1.00000000e+00
206 P st 39 cl 0 sigma 0.17627  G -1.29270554e-01 -9.51945782e-02 7.83503056e-02 1.00000000e+00
206 P st 42 cl 1 sigma 0.40238  G 1.71643496e-01 -2.59995461e-02 5.08010387e-02 1.00000000e+00
206 P st 43 cl 0 sigma 0.17627  G 1.66767836e-01 4.28378582e-02 5.37753105e-02 1.00000000e+00
206 P st 44 cl 0 sigma 0.17627  G 1.58405304e-01 2.96831131e-02 -7.99775124e-02 1.00000000e+00
206 P st 45 cl 0 sigma 0.17627  G 1.00636482e-01 1.37770176e-01 5.59806824e-02 1.00000000e+00
206 S st 15 cl 1 sigma 0.13790  G 2.24280357e-01 -2.04038620e-01 7.37905502e-02 1.00000000e+00
206 S st 18 cl 1 sigma 0.13790  G 7.55786896e-03 -2.78902054e-01 -1.36804581e-01 1.00000000e+00
206 S st 34 cl 1 sigma 0.13790  G 2.23159790e-01 -1.72972679e-01 -9.81330872e-02 1.00000000e+00
206 S st 37 cl 1 sigma 0.13790  G 2.29477882e-02 -2.98440456e-01 9.06944275e-02 1.00000000e+00
206 S st 44 cl 1 sigma 0.13790  G 2.74014473e-01 5.13315201e-02 -1.38330460e-01 1.00000000e+00
206 S st 45 cl 1 sigma 0.13790  G 1.74093246e-01 2.38347054e-01 9.68456268e-02 1.00000000e+00
# EVENT 207  nrows 34  ncols 4  params[x y z ot]  hypo -5.0996 -8.4197 2.8801
207 P st 13 cl 0 sigma 0.17627  G -3.03983688e-04 -1.50537491e-01 5.75840473e-02 1.00000000e+00
207 P st 14 cl 0 sigma 0.17627  G -6.14225864e-02 -1.22046471e-01 8.15510750e-02 1.00000000e+00
207 P st 15 cl 0 sigma 0.17627  G -9.43183899e-02 -8.53776932e-02 9.76800919e-02 1.00000000e+00
207 P st 16 cl 0 sigma 0.17627  G -1.25437975e-01 -4.14669514e-02 8.99016857e-02 1.00000000e+00
207 P st 18 cl 0 sigma 0.17627  G -7.76886940e-02 -1.38020515e-01 2.98142433e-02 1.00000000e+00
207 P st 19 cl 0 sigma 0.17627  G 6.20901585e-02 -1.30808353e-01 6.76751137e-02 1.00000000e+00
207 P st 22 cl 0 sigma 0.17627  G -4.55617905e-02 -1.52921677e-01 2.21729279e-02 1.00000000e+00
207 P st 25 cl 0 sigma 0.17627  G -3.44276428e-02 -1.55043602e-01 2.73108482e-02 1.00000000e+00
207 P st 26 cl 0 sigma 0.17627  G -8.67366791e-02 -1.33609772e-01 2.43663788e-02 1.00000000e+00
207 P st 28 cl 1 sigma 0.40238  G -4.82916832e-02 -1.49130821e-01 3.69310379e-02 1.00000000e+00
207 P st 29 cl 0 sigma 0.17627  G -1.04928017e-01 -1.18243694e-01 3.14474106e-02 1.00000000e+00
207 P st 31 cl 0 sigma 0.17627  G -8.13603401e-02 -1.32584572e-01 4.08053398e-02 1.00000000e+00
207 P st 33 cl 0 sigma 0.17627  G 1.17695332e-01 -1.01625919e-01 4.22716141e-02 1.00000000e+00
207 P st 34 cl 0 sigma 0.17627  G 2.51889229e-02 -1.37108564e-01 7.68363476e-02 1.00000000e+00
207 P st 35 cl 1 sigma 0.40238  G -1.31845474e-01 -8.44240189e-02 3.71694565e-02 1.00000000e+00
207 P st 37 cl 0 sigma 0.17627  G -1.33574009e-01 -6.90698624e-02 5.72204590e-02 1.00000000e+00
207 P st 38 cl 0 sigma 0.17627  G 1.17719173e-01 -5.63979149e-02 9.52601433e-02 1.00000000e+00
207 P st 39 cl 0 sigma 0.17627  G -1.53160095e-01 -1.56641006e-02 4.66942787e-02 1.00000000e+00
207 P st 40 cl 0 sigma 0.17627  G 1.44577026e-01 7.85589218e-03 7.04526901e-02 1.00000000e+00
207 P st 41 cl 0 sigma 0.17627  G 9.07719135e-02 4.55319881e-02 1.24084949e-01 1.00000000e+00
207 P st 42 cl 0 sigma 0.17627  G -9.22560692e-02 -2.92062759e-04 1.32709742e-01 1.00000000e+00
207 P st 43 cl 1 sigma 0.40238  G -9.43839550e-02 5.65946102e-02 1.17713213e-01 1.00000000e+00
207 P st 44 cl 0 sigma 0.17627  G 1.33395195e-01 6.55293465e-02 5.99265099e-02 1.00000000e+00
207 P st 46 cl 0 sigma 0.17627  G -4.86671925e-02 -1.39188766e-01 6.49392605e-02 1.00000000e+00
207 S st 13 cl 1 sigma 0.13790  G -5.24520874e-04 -2.60424614e-01 9.96232033e-02 1.00000000e+00
207 S st 14 cl 1 sigma 0.13790  G -1.06251240e-01 -2.11143494e-01 1.41084194e-01 1.00000000e+00
207 S st 18 cl 1 sigma 0.13790  G -1.34396553e-01 -2.38752365e-01 5.15937805e-02 1.00000000e+00
207 S st 19 cl 1 sigma 0.13790  G 1.07395649e-01 -2.26283073e-01 1.17087364e-01 1.00000000e+00
207 S st 22 cl 1 sigma 0.13790  G -7.88211823e-02 -2.64573097e-01 3.83853912e-02 1.00000000e+00
207 S st 33 cl 1 sigma 0.13790  G 2.03633308e-01 -1.75786018e-01 7.30991364e-02 1.00000000e+00
207 S st 34 cl 1 sigma 0.13790  G 4.35709953e-02 -2.37190723e-01 1.32918358e-01 1.00000000e+00
207 S st 39 cl 1 sigma 0.13790  G -2.64978409e-01 -2.70843506e-02 8.07762146e-02 1.00000000e+00
207 S st 43 cl 1 sigma 0.13790  G -1.63292885e-01 9.79304314e-02 2.03645229e-01 1.00000000e+00
207 S st 44 cl 1 sigma 0.13790  G 2.30789185e-01 1.13356113e-01 1.03688240e-01 1.00000000e+00
# EVENT 208  nrows 12  ncols 4  params[x y z ot]  hypo -7.8002 -9.4962 3.0856
208 P st 12 cl 0 sigma 0.17627  G -1.20520592e-02 -1.54232979e-01 4.83751297e-02 1.00000000e+00
208 P st 17 cl 0 sigma 0.17627  G -1.52575970e-01 1.30891800e-02 5.45859337e-02 1.00000000e+00
208 P st 36 cl 0 sigma 0.17627  G 9.77575779e-02 -9.94503498e-02 8.49664211e-02 1.00000000e+00
208 P st 37 cl 0 sigma 0.17627  G -1.38998032e-01 -6.77943230e-02 4.94122505e-02 1.00000000e+00
208 P st 38 cl 0 sigma 0.17627  G 5.94615936e-02 -9.02295113e-02 1.22749805e-01 1.00000000e+00
208 P st 41 cl 0 sigma 0.17627  G 1.90734863e-02 1.83820724e-02 1.58220530e-01 1.00000000e+00
208 P st 42 cl 0 sigma 0.17627  G -1.24692917e-01 -2.34186649e-02 1.00260973e-01 1.00000000e+00
208 P st 43 cl 0 sigma 0.17627  G -1.30045414e-01 2.17318535e-02 9.45389271e-02 1.00000000e+00
208 P st 45 cl 0 sigma 0.17627  G -1.36017799e-01 5.96880913e-02 6.68406487e-02 1.00000000e+00
208 P st 47 cl 0 sigma 0.17627  G -1.19340420e-01 -1.02627277e-01 3.80873680e-02 1.00000000e+00
208 S st 17 cl 1 sigma 0.13790  G -2.63953209e-01 2.26497650e-02 9.44614410e-02 1.00000000e+00
208 S st 36 cl 0 sigma 0.10762  G 1.69122219e-01 -1.72042847e-01 1.46985054e-01 1.00000000e+00
# EVENT 209  nrows 20  ncols 4  params[x y z ot]  hypo -6.3004 -8.1207 4.1020
209 P st 11 cl 1 sigma 0.40238  G 3.04341316e-02 -1.48594379e-01 5.61833382e-02 1.00000000e+00
209 P st 12 cl 0 sigma 0.17627  G 7.23600388e-03 -1.46651268e-01 6.81996346e-02 1.00000000e+00
209 P st 13 cl 0 sigma 0.17627  G -1.91926956e-02 -1.38509274e-01 8.18014145e-02 1.00000000e+00
209 P st 16 cl 0 sigma 0.17627  G -1.23167038e-01 -2.78174877e-02 1.01405382e-01 1.00000000e+00
209 P st 19 cl 0 sigma 0.17627  G 3.95417213e-02 -1.23691559e-01 9.84907150e-02 1.00000000e+00
209 P st 25 cl 0 sigma 0.17627  G -4.42385674e-02 -1.50001049e-01 4.14729118e-02 1.00000000e+00
209 P st 29 cl 0 sigma 0.17627  G -1.10495090e-01 -1.09148026e-01 4.55737114e-02 1.00000000e+00
209 P st 35 cl 1 sigma 0.40238  G -1.33895874e-01 -7.46965408e-02 5.17606735e-02 1.00000000e+00
209 P st 37 cl 0 sigma 0.17627  G -1.33979321e-01 -5.61594963e-02 7.29799271e-02 1.00000000e+00
209 P st 41 cl 0 sigma 0.17627  G 4.97937202e-02 4.63306904e-02 1.45632029e-01 1.00000000e+00
209 P st 42 cl 0 sigma 0.17627  G -9.43839550e-02 6.37769699e-03 1.31112337e-01 1.00000000e+00
209 P st 43 cl 0 sigma 0.17627  G -9.65237617e-02 4.92930412e-02 1.19936466e-01 1.00000000e+00
209 P st 44 cl 0 sigma 0.17627  G 1.15275383e-01 7.19428062e-02 9.03010368e-02 1.00000000e+00
209 P st 45 cl 0 sigma 0.17627  G -1.11985207e-01 8.21471214e-02 8.59618187e-02 1.00000000e+00
209 P st 47 cl 0 sigma 0.17627  G -1.15954876e-01 -9.87887383e-02 5.61356544e-02 1.00000000e+00
209 S st 11 cl 1 sigma 0.13790  G 5.26428223e-02 -2.57086754e-01 9.72509384e-02 1.00000000e+00
209 S st 37 cl 1 sigma 0.13790  G -2.31790543e-01 -9.71674919e-02 1.26254559e-01 1.00000000e+00
209 S st 41 cl 1 sigma 0.13790  G 8.61406326e-02 8.01324844e-02 2.51948833e-01 1.00000000e+00
209 S st 43 cl 1 sigma 0.13790  G -1.66988373e-01 8.52823257e-02 2.07519531e-01 1.00000000e+00
209 S st 44 cl 0 sigma 0.10762  G 1.99460983e-01 1.24418736e-01 1.56223774e-01 1.00000000e+00
# EVENT 210  nrows 20  ncols 4  params[x y z ot]  hypo -6.9182 -2.8966 2.2663
210 P st 12 cl 0 sigma 0.17627  G -1.96099281e-03 -1.40374899e-01 7.98463821e-02 1.00000000e+00
210 P st 13 cl 0 sigma 0.17627  G -5.64694405e-02 -1.09869242e-01 1.07234716e-01 1.00000000e+00
210 P st 16 cl 1 sigma 0.40238  G -1.35296583e-01 6.92665577e-02 5.48124313e-02 1.00000000e+00
210 P st 20 cl 0 sigma 0.17627  G -8.83162022e-02 1.07342005e-01 8.35418701e-02 1.00000000e+00
210 P st 21 cl 0 sigma 0.17627  G -3.91364098e-02 -1.54852867e-01 2.25663185e-02 1.00000000e+00
210 P st 25 cl 0 sigma 0.17627  G -6.75439835e-02 -1.43086910e-01 3.12924385e-02 1.00000000e+00
210 P st 28 cl 1 sigma 0.40238  G -9.66787338e-02 -1.21116638e-01 4.55737114e-02 1.00000000e+00
210 P st 30 cl 1 sigma 0.40238  G 7.24852085e-02 -1.05547905e-01 9.92178917e-02 1.00000000e+00
210 P st 31 cl 0 sigma 0.17627  G -1.32262707e-01 -8.11338425e-02 4.45246696e-02 1.00000000e+00
210 P st 34 cl 0 sigma 0.17627  G -2.05576420e-02 -4.57942486e-02 1.49768591e-01 1.00000000e+00
210 P st 36 cl 0 sigma 0.17627  G 1.37740374e-01 3.54409218e-02 7.77602196e-02 1.00000000e+00
210 P st 37 cl 1 sigma 0.40238  G -1.54507160e-01 1.98960304e-02 4.33444977e-02 1.00000000e+00
210 P st 38 cl 0 sigma 0.17627  G 8.58426094e-02 8.51035118e-02 1.02293491e-01 1.00000000e+00
210 P st 41 cl 0 sigma 0.17627  G 2.98440456e-02 1.44368410e-01 6.42776489e-02 1.00000000e+00
210 P st 44 cl 0 sigma 0.17627  G 8.57949257e-02 1.31213665e-01 3.84330750e-02 1.00000000e+00
210 S st 12 cl 1 sigma 0.13790  G -3.38554382e-03 -2.42853165e-01 1.38127804e-01 1.00000000e+00
210 S st 13 cl 0 sigma 0.10762  G -9.76800919e-02 -1.90067291e-01 1.85513496e-01 1.00000000e+00
210 S st 21 cl 1 sigma 0.13790  G -6.77108765e-02 -2.67887115e-01 3.89814377e-02 1.00000000e+00
210 S st 31 cl 1 sigma 0.13790  G -2.28834152e-01 -1.40357018e-01 7.70330429e-02 1.00000000e+00
210 S st 38 cl 1 sigma 0.13790  G 1.48510933e-01 1.47235394e-01 1.76966190e-01 1.00000000e+00
# EVENT 211  nrows 17  ncols 4  params[x y z ot]  hypo -4.4145 2.6227 2.2797
211 P st 10 cl 0 sigma 0.17627  G 1.22320652e-01 -8.92877579e-02 5.49912453e-02 1.00000000e+00
211 P st 12 cl 0 sigma 0.17627  G 8.10027122e-02 -5.59091568e-03 1.34599209e-01 1.00000000e+00
211 P st 13 cl 0 sigma 0.17627  G 2.64406204e-02 7.71462917e-02 1.40196085e-01 1.00000000e+00
211 P st 16 cl 0 sigma 0.17627  G -7.13944435e-02 1.38437748e-01 4.16994095e-02 1.00000000e+00
211 P st 20 cl 0 sigma 0.17627  G -1.56044960e-02 1.54089928e-01 4.50730324e-02 1.00000000e+00
211 P st 25 cl 0 sigma 0.17627  G -6.48140907e-02 -1.32960081e-01 6.21438026e-02 1.00000000e+00
211 P st 27 cl 0 sigma 0.17627  G 1.49166584e-01 -3.82304192e-02 4.70280647e-02 1.00000000e+00
211 P st 30 cl 0 sigma 0.17627  G 1.27583742e-01 4.20868397e-02 8.64446163e-02 1.00000000e+00
211 P st 31 cl 0 sigma 0.17627  G -1.40082836e-01 9.50098038e-03 7.72237778e-02 1.00000000e+00
211 P st 34 cl 0 sigma 0.17627  G 5.34772873e-02 1.17516518e-01 9.68515873e-02 1.00000000e+00
211 P st 38 cl 0 sigma 0.17627  G 8.51988792e-02 1.30081177e-01 4.28676605e-02 1.00000000e+00
211 P st 42 cl 0 sigma 0.17627  G -3.32593918e-02 1.53017044e-01 3.90529633e-02 1.00000000e+00
211 P st 43 cl 1 sigma 0.40238  G -3.34262848e-02 1.54542923e-01 3.16619873e-02 1.00000000e+00
211 P st 46 cl 0 sigma 0.17627  G -5.78284264e-02 9.92596149e-02 1.08581781e-01 1.00000000e+00
211 S st 13 cl 1 sigma 0.13790  G 4.57406044e-02 1.33454800e-01 2.42543221e-01 1.00000000e+00
211 S st 27 cl 0 sigma 0.10762  G 2.58064270e-01 -6.61492348e-02 8.13603401e-02 1.00000000e+00
211 S st 34 cl 1 sigma 0.13790  G 9.25183296e-02 2.03299522e-01 1.67572498e-01 1.00000000e+00
# EVENT 212  nrows 20  ncols 4  params[x y z ot]  hypo 0.3242 -1.0579 -0.6576
212 P st 12 cl 0 sigma 0.17627  G 1.57624483e-01 -8.46803188e-02 2.16066837e-02 1.00000000e+00
212 P st 13 cl 0 sigma 0.17627  G 1.69527531e-01 -5.44428825e-02 2.83837318e-02 1.00000000e+00
212 P st 16 cl 0 sigma 0.17627  G -8.58306885e-04 1.78021193e-01 2.89738178e-02 1.00000000e+00
212 P st 19 cl 0 sigma 0.17627  G 1.78915262e-01 4.66108322e-03 2.05397606e-02 1.00000000e+00
212 P st 21 cl 0 sigma 0.17627  G 3.01718712e-02 -1.60372257e-01 -7.34210014e-02 1.00000000e+00
212 P st 25 cl 0 sigma 0.17627  G 2.55107880e-02 -1.77001953e-01 1.72019005e-02 1.00000000e+00
212 P st 26 cl 0 sigma 0.17627  G -8.95261765e-02 -1.53756142e-01 1.50322914e-02 1.00000000e+00
212 P st 28 cl 0 sigma 0.17627  G 3.55422497e-02 -1.74289942e-01 2.81810760e-02 1.00000000e+00
212 P st 29 cl 0 sigma 0.17627  G -1.33472681e-01 -1.18654966e-01 2.50160694e-02 1.00000000e+00
212 P st 30 cl 0 sigma 0.17627  G 1.75321102e-01 -3.53097916e-02 1.83343887e-02 1.00000000e+00
212 P st 31 cl 0 sigma 0.17627  G -5.53816557e-02 -1.64029002e-01 4.32640314e-02 1.00000000e+00
212 P st 33 cl 0 sigma 0.17627  G 1.65665150e-01 -6.56843185e-03 -5.41687012e-02 1.00000000e+00
212 P st 36 cl 1 sigma 0.40238  G 1.64365768e-01 4.19855118e-02 -1.99913979e-02 1.00000000e+00
212 P st 37 cl 0 sigma 0.17627  G -1.16389990e-01 1.31642818e-01 3.74257565e-02 1.00000000e+00
212 P st 39 cl 0 sigma 0.17627  G -1.22535229e-01 1.30403042e-01 2.13623047e-02 1.00000000e+00
212 S st 16 cl 1 sigma 0.13790  G -1.47819519e-03 3.07965279e-01 5.01275063e-02 1.00000000e+00
212 S st 21 cl 1 sigma 0.13790  G 5.21898270e-02 -2.77423859e-01 -1.27029419e-01 1.00000000e+00
212 S st 29 cl 0 sigma 0.10762  G -2.30908394e-01 -2.05278397e-01 4.32729721e-02 1.00000000e+00
212 S st 31 cl 0 sigma 0.10762  G -9.58144665e-02 -2.83771753e-01 7.48515129e-02 1.00000000e+00
212 S st 36 cl 1 sigma 0.13790  G 2.84361839e-01 7.26222992e-02 -3.45468521e-02 1.00000000e+00
# EVENT 213  nrows 22  ncols 4  params[x y z ot]  hypo -6.3073 -6.2076 -0.4859
213 P st 13 cl 0 sigma 0.17627  G -3.12209129e-02 -1.75303221e-01 3.92735004e-02 1.00000000e+00
213 P st 16 cl 0 sigma 0.17627  G -1.77675486e-01 1.09493732e-02 4.12940979e-02 1.00000000e+00
213 P st 19 cl 0 sigma 0.17627  G 7.13467598e-02 -1.61194801e-01 5.06341457e-02 1.00000000e+00
213 P st 20 cl 0 sigma 0.17627  G -1.61623955e-01 5.28991222e-02 8.13931227e-02 1.00000000e+00
213 P st 25 cl 1 sigma 0.40238  G -5.08546829e-02 -1.53207779e-01 -7.97867775e-02 1.00000000e+00
213 P st 27 cl 0 sigma 0.17627  G 9.10043716e-02 -1.39820576e-01 -6.95109367e-02 1.00000000e+00
213 P st 29 cl 1 sigma 0.40238  G -1.24967098e-01 -1.03247166e-01 -7.88569450e-02 1.00000000e+00
213 P st 30 cl 0 sigma 0.17627  G 7.36653805e-02 -1.62363052e-01 3.54945660e-02 1.00000000e+00
213 P st 33 cl 0 sigma 0.17627  G 1.44934654e-01 -1.03938580e-01 5.10215759e-03 1.00000000e+00
213 P st 34 cl 0 sigma 0.17627  G 1.55568123e-03 -1.75309181e-01 5.77628613e-02 1.00000000e+00
213 P st 35 cl 0 sigma 0.17627  G -1.51896477e-01 -6.23464584e-02 -7.31468201e-02 1.00000000e+00
213 P st 36 cl 0 sigma 0.17627  G 1.71399117e-01 -4.74631786e-02 4.26411629e-02 1.00000000e+00
213 P st 38 cl 0 sigma 0.17627  G 1.71905756e-01 -7.95125961e-03 6.97791576e-02 1.00000000e+00
213 P st 39 cl 0 sigma 0.17627  G -1.69420242e-01 1.44124031e-02 -5.52654266e-02 1.00000000e+00
213 P st 41 cl 0 sigma 0.17627  G 8.25941563e-02 1.52558088e-01 6.26325607e-02 1.00000000e+00
213 P st 42 cl 0 sigma 0.17627  G -1.55550241e-01 7.98344612e-02 5.76019287e-02 1.00000000e+00
213 P st 44 cl 0 sigma 0.17627  G 1.32381916e-01 1.19733810e-01 2.03728676e-02 1.00000000e+00
213 S st 13 cl 1 sigma 0.13790  G -5.40137291e-02 -3.03268433e-01 6.79254532e-02 1.00000000e+00
213 S st 27 cl 1 sigma 0.13790  G 1.57427788e-01 -2.41899490e-01 -1.20258331e-01 1.00000000e+00
213 S st 36 cl 1 sigma 0.13790  G 2.96521187e-01 -8.20994377e-02 7.37309456e-02 1.00000000e+00
213 S st 38 cl 1 sigma 0.13790  G 2.97391415e-01 -1.37567520e-02 1.20723248e-01 1.00000000e+00
213 S st 42 cl 1 sigma 0.13790  G -2.69079208e-01 1.38115883e-01 9.96589661e-02 1.00000000e+00
# EVENT 214  nrows 44  ncols 4  params[x y z ot]  hypo -10.2825 -5.1196 3.4719
214 P st 10 cl 0 sigma 0.17627  G 1.01566315e-02 -1.53207779e-01 4.76241112e-02 1.00000000e+00
214 P st 12 cl 0 sigma 0.17627  G -5.77330589e-02 -1.32614374e-01 6.95347786e-02 1.00000000e+00
214 P st 13 cl 0 sigma 0.17627  G -9.36031342e-02 -1.04326010e-01 7.62462616e-02 1.00000000e+00
214 P st 16 cl 0 sigma 0.17627  G -1.48963928e-01 2.09927559e-02 5.59091568e-02 1.00000000e+00
214 P st 19 cl 0 sigma 0.17627  G -4.40120697e-02 -9.38594341e-02 1.20985508e-01 1.00000000e+00
214 P st 20 cl 0 sigma 0.17627  G -1.30808353e-01 3.87430191e-02 8.34047794e-02 1.00000000e+00
214 P st 21 cl 0 sigma 0.17627  G -5.85317612e-02 -1.47473812e-01 2.72631645e-02 1.00000000e+00
214 P st 22 cl 0 sigma 0.17627  G -8.60214233e-02 -1.33371353e-01 2.72989273e-02 1.00000000e+00
214 P st 23 cl 0 sigma 0.17627  G 4.01735306e-02 -1.51622295e-01 3.63826752e-02 1.00000000e+00
214 P st 24 cl 0 sigma 0.17627  G -3.61800194e-02 -1.51610374e-01 4.00781631e-02 1.00000000e+00
214 P st 25 cl 0 sigma 0.17627  G -8.41021538e-02 -1.32882595e-01 3.44157219e-02 1.00000000e+00
214 P st 26 cl 0 sigma 0.17627  G -1.21188164e-01 -1.02448463e-01 2.73466110e-02 1.00000000e+00
214 P st 27 cl 0 sigma 0.17627  G 4.67061996e-02 -1.42765045e-01 5.71250916e-02 1.00000000e+00
214 P st 28 cl 0 sigma 0.17627  G -1.07204914e-01 -1.11651421e-01 4.38213348e-02 1.00000000e+00
214 P st 30 cl 0 sigma 0.17627  G -1.54078007e-02 -1.26510859e-01 9.67144966e-02 1.00000000e+00
214 P st 31 cl 0 sigma 0.17627  G -1.31249428e-01 -8.23020935e-02 4.26650047e-02 1.00000000e+00
214 P st 33 cl 0 sigma 0.17627  G 8.43942165e-02 -9.75608826e-02 9.41574574e-02 1.00000000e+00
214 P st 34 cl 0 sigma 0.17627  G -8.79049301e-02 -7.80403614e-02 1.06853247e-01 1.00000000e+00
214 P st 35 cl 0 sigma 0.17627  G -1.52492523e-01 -3.81231308e-02 3.39508057e-02 1.00000000e+00
214 P st 36 cl 0 sigma 0.17627  G 7.19845295e-02 -2.02953815e-02 1.42443180e-01 1.00000000e+00
214 P st 37 cl 0 sigma 0.17627  G -1.53923035e-01 -1.07645988e-02 4.43458557e-02 1.00000000e+00
214 P st 38 cl 0 sigma 0.17627  G -5.34057617e-03 2.42948532e-02 1.57642365e-01 1.00000000e+00
214 P st 41 cl 0 sigma 0.17627  G -4.10437584e-02 1.08194351e-01 1.08337402e-01 1.00000000e+00
214 P st 42 cl 0 sigma 0.17627  G -1.33371353e-01 5.30958176e-02 6.94751740e-02 1.00000000e+00
214 P st 43 cl 0 sigma 0.17627  G -1.26194954e-01 7.84635544e-02 6.01530075e-02 1.00000000e+00
214 P st 44 cl 0 sigma 0.17627  G 5.05626202e-02 1.29854679e-01 7.78377056e-02 1.00000000e+00
214 P st 45 cl 0 sigma 0.17627  G -1.24275684e-01 9.20772552e-02 4.44054604e-02 1.00000000e+00
214 P st 46 cl 0 sigma 0.17627  G -1.26707554e-01 -6.99520111e-02 6.67512417e-02 1.00000000e+00
214 S st 12 cl 1 sigma 0.13790  G -9.98616219e-02 -2.29406357e-01 1.20294094e-01 1.00000000e+00
214 S st 21 cl 1 sigma 0.13790  G -1.01280212e-01 -2.55155563e-01 4.71591949e-02 1.00000000e+00
214 S st 23 cl 1 sigma 0.13790  G 6.95228577e-02 -2.62308121e-01 6.29425049e-02 1.00000000e+00
214 S st 24 cl 1 sigma 0.13790  G -6.26087189e-02 -2.62284279e-01 6.93559647e-02 1.00000000e+00
214 S st 25 cl 1 sigma 0.13790  G -1.45530701e-01 -2.29907036e-01 5.95569611e-02 1.00000000e+00
214 S st 27 cl 1 sigma 0.13790  G 8.07762146e-02 -2.46953964e-01 9.88006592e-02 1.00000000e+00
214 S st 28 cl 1 sigma 0.13790  G -1.85489655e-01 -1.93166733e-01 7.57932663e-02 1.00000000e+00
214 S st 31 cl 0 sigma 0.10762  G -2.27069855e-01 -1.42383575e-01 7.38143921e-02 1.00000000e+00
214 S st 35 cl 0 sigma 0.10762  G -2.63810158e-01 -6.59227371e-02 5.87463379e-02 1.00000000e+00
214 S st 36 cl 1 sigma 0.13790  G 1.24526024e-01 -3.50952148e-02 2.46441364e-01 1.00000000e+00
214 S st 37 cl 0 sigma 0.10762  G -2.66289711e-01 -1.86204910e-02 7.66992569e-02 1.00000000e+00
214 S st 41 cl 0 sigma 0.10762  G -7.10129738e-02 1.87170506e-01 1.87420845e-01 1.00000000e+00
214 S st 42 cl 1 sigma 0.13790  G -2.30765343e-01 9.18626785e-02 1.20210648e-01 1.00000000e+00
214 S st 43 cl 0 sigma 0.10762  G -2.18296051e-01 1.35731697e-01 1.04093552e-01 1.00000000e+00
214 S st 44 cl 0 sigma 0.10762  G 8.74519348e-02 2.24661827e-01 1.34670734e-01 1.00000000e+00
214 S st 45 cl 0 sigma 0.10762  G -2.15029716e-01 1.59311295e-01 7.68184662e-02 1.00000000e+00
# EVENT 215  nrows 42  ncols 4  params[x y z ot]  hypo 2.4865 -3.1424 2.8929
215 P st 12 cl 0 sigma 0.17627  G 1.30140781e-01 -8.27908516e-02 4.68492508e-02 1.00000000e+00
215 P st 13 cl 0 sigma 0.17627  G 1.31529570e-01 -6.63995743e-02 6.19292259e-02 1.00000000e+00
215 P st 16 cl 0 sigma 0.17627  G 5.90682030e-02 9.61422920e-02 1.15346909e-01 1.00000000e+00
215 P st 19 cl 0 sigma 0.17627  G 1.51908398e-01 -2.56896019e-02 4.70280647e-02 1.00000000e+00
215 P st 20 cl 0 sigma 0.17627  G 1.17671490e-01 7.97867775e-02 7.45832920e-02 1.00000000e+00
215 P st 22 cl 0 sigma 0.17627  G 1.30414963e-02 -1.57320499e-01 3.18050385e-02 1.00000000e+00
215 P st 23 cl 1 sigma 0.40238  G 1.24573708e-01 -9.97781754e-02 2.23636627e-02 1.00000000e+00
215 P st 24 cl 0 sigma 0.17627  G 9.62495804e-02 -1.25002861e-01 3.21745872e-02 1.00000000e+00
215 P st 25 cl 0 sigma 0.17627  G 4.39524651e-02 -1.49500370e-01 3.97920609e-02 1.00000000e+00
215 P st 26 cl 0 sigma 0.17627  G -4.38094139e-02 -1.48808956e-01 4.30822372e-02 1.00000000e+00
215 P st 27 cl 0 sigma 0.17627  G 1.41739845e-01 -7.15732574e-02 2.74658203e-02 1.00000000e+00
215 P st 28 cl 0 sigma 0.17627  G 5.81800938e-02 -1.36774778e-01 6.24597073e-02 1.00000000e+00
215 P st 29 cl 0 sigma 0.17627  G -5.88119030e-02 -1.28531456e-01 7.31825829e-02 1.00000000e+00
215 P st 30 cl 0 sigma 0.17627  G 1.47533417e-01 -4.99248505e-02 4.09126282e-02 1.00000000e+00
215 P st 31 cl 0 sigma 0.17627  G 2.44557858e-02 -1.24585629e-01 9.33110714e-02 1.00000000e+00
215 P st 33 cl 0 sigma 0.17627  G 1.56414509e-01 -2.48193741e-02 2.90989876e-02 1.00000000e+00
215 P st 34 cl 0 sigma 0.17627  G 1.46532059e-01 -2.51412392e-02 5.92350960e-02 1.00000000e+00
215 P st 35 cl 0 sigma 0.17627  G -1.02347136e-01 -5.52713871e-02 1.09082460e-01 1.00000000e+00
215 P st 36 cl 0 sigma 0.17627  G 1.57022476e-01 1.30295753e-02 3.31759453e-02 1.00000000e+00
215 P st 37 cl 0 sigma 0.17627  G -2.21610069e-02 3.83555889e-02 1.54095888e-01 1.00000000e+00
215 P st 38 cl 0 sigma 0.17627  G 1.51801109e-01 3.49283218e-02 4.01616096e-02 1.00000000e+00
215 P st 39 cl 0 sigma 0.17627  G -8.64565372e-02 9.71257687e-02 9.57429409e-02 1.00000000e+00
215 P st 42 cl 0 sigma 0.17627  G 8.97228718e-02 1.04969740e-01 7.84575939e-02 1.00000000e+00
215 P st 43 cl 0 sigma 0.17627  G 7.02500343e-02 1.28197670e-01 6.45160675e-02 1.00000000e+00
215 P st 44 cl 0 sigma 0.17627  G 1.36744976e-01 8.07642937e-02 2.73466110e-02 1.00000000e+00
215 P st 46 cl 0 sigma 0.17627  G 1.14494562e-01 -5.49256802e-02 9.35733318e-02 1.00000000e+00
215 S st 12 cl 0 sigma 0.10762  G 2.25126743e-01 -1.43218040e-01 8.10503960e-02 1.00000000e+00
215 S st 13 cl 0 sigma 0.10762  G 2.27546692e-01 -1.14870071e-01 1.07145309e-01 1.00000000e+00
215 S st 19 cl 1 sigma 0.13790  G 2.62808800e-01 -4.43935394e-02 8.13722610e-02 1.00000000e+00
215 S st 20 cl 1 sigma 0.13790  G 2.03561783e-01 1.38044357e-01 1.29032135e-01 1.00000000e+00
215 S st 24 cl 0 sigma 0.10762  G 1.66511536e-01 -2.16269493e-01 5.56468964e-02 1.00000000e+00
215 S st 25 cl 1 sigma 0.13790  G 7.60316849e-02 -2.58636475e-01 6.88076019e-02 1.00000000e+00
215 S st 27 cl 0 sigma 0.10762  G 2.45189667e-01 -1.23810768e-01 4.74691391e-02 1.00000000e+00
215 S st 29 cl 1 sigma 0.13790  G -1.01733208e-01 -2.22349167e-01 1.26576424e-01 1.00000000e+00
215 S st 30 cl 1 sigma 0.13790  G 2.55250931e-01 -8.63790512e-02 7.07864761e-02 1.00000000e+00
215 S st 31 cl 0 sigma 0.10762  G 4.23073769e-02 -2.15542316e-01 1.61421299e-01 1.00000000e+00
215 S st 34 cl 0 sigma 0.10762  G 2.53510475e-01 -4.35113907e-02 1.02508068e-01 1.00000000e+00
215 S st 35 cl 1 sigma 0.13790  G -1.77061558e-01 -9.56058502e-02 1.88696384e-01 1.00000000e+00
215 S st 36 cl 1 sigma 0.13790  G 2.71654129e-01 2.25305557e-02 5.73635101e-02 1.00000000e+00
215 S st 38 cl 1 sigma 0.13790  G 2.62618065e-01 6.04152679e-02 6.94751740e-02 1.00000000e+00
215 S st 42 cl 1 sigma 0.13790  G 1.55210495e-01 1.81603432e-01 1.35731697e-01 1.00000000e+00
215 S st 44 cl 1 sigma 0.13790  G 2.36558914e-01 1.39713287e-01 4.72784042e-02 1.00000000e+00
# EVENT 216  nrows 25  ncols 4  params[x y z ot]  hypo 2.2725 -1.6870 1.9695
216 P st 12 cl 0 sigma 0.17627  G 1.41108036e-01 -6.93321228e-02 3.35335732e-02 1.00000000e+00
216 P st 16 cl 0 sigma 0.17627  G 5.11109829e-02 1.31160021e-01 7.23719597e-02 1.00000000e+00
216 P st 19 cl 0 sigma 0.17627  G 1.57463551e-01 -5.85317612e-03 3.16262245e-02 1.00000000e+00
216 P st 20 cl 0 sigma 0.17627  G 1.10101700e-01 1.05595589e-01 4.63604927e-02 1.00000000e+00
216 P st 21 cl 0 sigma 0.17627  G 4.63008881e-02 -1.53136253e-01 1.86681747e-02 1.00000000e+00
216 P st 25 cl 0 sigma 0.17627  G 4.72664833e-02 -1.50859356e-01 2.92539597e-02 1.00000000e+00
216 P st 27 cl 0 sigma 0.17627  G 1.47557259e-01 -6.19649887e-02 1.83105469e-02 1.00000000e+00
216 P st 28 cl 0 sigma 0.17627  G 6.63042068e-02 -1.35666132e-01 5.25951385e-02 1.00000000e+00
216 P st 29 cl 0 sigma 0.17627  G -7.71462917e-02 -1.23709440e-01 6.32286072e-02 1.00000000e+00
216 P st 31 cl 0 sigma 0.17627  G 2.70903111e-02 -1.22976303e-01 9.43839550e-02 1.00000000e+00
216 P st 34 cl 0 sigma 0.17627  G 1.54972076e-01 -1.10268593e-03 4.14848328e-02 1.00000000e+00
216 P st 35 cl 1 sigma 0.40238  G -1.22076273e-01 -2.23696232e-02 9.13143158e-02 1.00000000e+00
216 P st 36 cl 0 sigma 0.17627  G 1.57070160e-01 2.83598900e-02 2.10642815e-02 1.00000000e+00
216 P st 37 cl 0 sigma 0.17627  G -3.06129456e-02 9.36448574e-02 1.24889612e-01 1.00000000e+00
216 P st 39 cl 0 sigma 0.17627  G -8.48650932e-02 1.21861696e-01 5.68270683e-02 1.00000000e+00
216 P st 41 cl 0 sigma 0.17627  G 1.25169754e-01 9.83476639e-02 2.43186951e-02 1.00000000e+00
216 P st 43 cl 1 sigma 0.40238  G 6.22034073e-02 1.43373013e-01 3.70264053e-02 1.00000000e+00
216 P st 44 cl 0 sigma 0.17627  G 1.31654739e-01 9.13023949e-02 1.67369843e-02 1.00000000e+00
216 S st 27 cl 1 sigma 0.13790  G 2.55274773e-01 -1.07216835e-01 3.16858292e-02 1.00000000e+00
216 S st 28 cl 1 sigma 0.13790  G 1.14679337e-01 -2.34699249e-01 9.09924507e-02 1.00000000e+00
216 S st 31 cl 0 sigma 0.10762  G 4.68730927e-02 -2.12752819e-01 1.63280964e-01 1.00000000e+00
216 S st 36 cl 1 sigma 0.13790  G 2.71749496e-01 4.90665436e-02 3.64065170e-02 1.00000000e+00
216 S st 37 cl 0 sigma 0.10762  G -5.29527664e-02 1.62005424e-01 2.16066837e-01 1.00000000e+00
216 S st 39 cl 1 sigma 0.13790  G -1.46818161e-01 2.10833549e-01 9.83238220e-02 1.00000000e+00
216 S st 44 cl 1 sigma 0.13790  G 2.27737427e-01 1.57952309e-01 2.89678574e-02 1.00000000e+00
# EVENT 217  nrows 12  ncols 4  params[x y z ot]  hypo 1.1976 -2.8206 -1.9710
217 P st 12 cl 1 sigma 0.40238  G 1.47616863e-01 -1.03056431e-01 -3.56638432e-01 1.00000000e+00
217 P st 16 cl 0 sigma 0.17627  G 3.91781330e-02 1.75714493e-01 -3.56632471e-01 1.00000000e+00
217 P st 19 cl 0 sigma 0.17627  G 1.77812576e-01 -2.81810760e-02 -3.56626511e-01 1.00000000e+00
217 P st 26 cl 0 sigma 0.17627  G -6.91056252e-02 -1.66225433e-01 -3.56638432e-01 1.00000000e+00
217 P st 31 cl 0 sigma 0.17627  G -8.38637352e-03 -1.79827213e-01 -3.56638432e-01 1.00000000e+00
217 P st 35 cl 0 sigma 0.17627  G -1.69694424e-01 -6.01112843e-02 -3.56638432e-01 1.00000000e+00
217 P st 36 cl 0 sigma 0.17627  G 1.78873539e-01 2.03132629e-02 -3.56626511e-01 1.00000000e+00
217 P st 37 cl 0 sigma 0.17627  G -2.25633383e-01 1.62762403e-01 -3.21656466e-01 1.00000000e+00
217 P st 38 cl 0 sigma 0.17627  G 1.73139572e-01 4.93049622e-02 -3.56626511e-01 1.00000000e+00
217 P st 42 cl 0 sigma 0.17627  G 8.97347927e-02 1.56068802e-01 -3.56638432e-01 1.00000000e+00
217 P st 45 cl 0 sigma 0.17627  G 1.03473663e-02 1.79719925e-01 -3.56614590e-01 1.00000000e+00
217 P st 46 cl 0 sigma 0.17627  G 1.56986713e-01 -8.81314278e-02 -3.56632471e-01 1.00000000e+00
# EVENT 218  nrows 12  ncols 4  params[x y z ot]  hypo -7.9440 -4.9530 0.9332
218 P st 16 cl 0 sigma 0.17627  G -1.56694651e-01 3.14533710e-02 1.65522099e-02 1.00000000e+00
218 P st 19 cl 0 sigma 0.17627  G 2.09093094e-02 -1.41686201e-01 6.45041466e-02 1.00000000e+00
218 P st 20 cl 0 sigma 0.17627  G -1.38902664e-01 6.75618649e-02 3.99231911e-02 1.00000000e+00
218 P st 27 cl 1 sigma 0.40238  G 7.93814659e-02 -1.39725208e-01 1.18255615e-02 1.00000000e+00
218 P st 33 cl 0 sigma 0.17627  G 1.30373240e-01 -9.18149948e-02 1.88589096e-02 1.00000000e+00
218 P st 36 cl 0 sigma 0.17627  G 1.49774551e-01 -1.67429447e-02 4.42445278e-02 1.00000000e+00
218 P st 37 cl 1 sigma 0.40238  G -1.60324574e-01 -1.11699104e-02 1.21235847e-02 1.00000000e+00
218 P st 38 cl 0 sigma 0.17627  G 9.21010971e-02 4.65154648e-02 1.11526251e-01 1.00000000e+00
218 P st 41 cl 0 sigma 0.17627  G 1.36792660e-02 1.52969360e-01 4.11152840e-02 1.00000000e+00
218 P st 42 cl 0 sigma 0.17627  G -1.36482716e-01 7.95900822e-02 2.46584415e-02 1.00000000e+00
218 P st 43 cl 0 sigma 0.17627  G -1.20079517e-01 1.05166435e-01 1.73687935e-02 1.00000000e+00
218 S st 19 cl 1 sigma 0.13790  G 3.61680984e-02 -2.45112181e-01 1.11579895e-01 1.00000000e+00
# EVENT 219  nrows 21  ncols 4  params[x y z ot]  hypo 1.0161 -4.3749 2.3105
219 P st 16 cl 0 sigma 0.17627  G 2.29418278e-02 7.73847103e-02 1.35993958e-01 1.00000000e+00
219 P st 19 cl 0 sigma 0.17627  G 1.47128105e-01 -4.78029251e-02 4.42266464e-02 1.00000000e+00
219 P st 20 cl 0 sigma 0.17627  G 1.14375353e-01 7.14898109e-02 8.75651836e-02 1.00000000e+00
219 P st 27 cl 0 sigma 0.17627  G 1.34325027e-01 -8.60214233e-02 2.34246254e-02 1.00000000e+00
219 P st 29 cl 1 sigma 0.40238  G -7.61151314e-02 -1.33275986e-01 4.95910645e-02 1.00000000e+00
219 P st 30 cl 1 sigma 0.40238  G 1.40309334e-01 -7.04646111e-02 3.67164612e-02 1.00000000e+00
219 P st 31 cl 0 sigma 0.17627  G -9.21487808e-03 -1.45804882e-01 6.84022903e-02 1.00000000e+00
219 P st 33 cl 0 sigma 0.17627  G 1.54244900e-01 -3.92317772e-02 2.58207321e-02 1.00000000e+00
219 P st 34 cl 0 sigma 0.17627  G 1.40339136e-01 -5.23924828e-02 5.78463078e-02 1.00000000e+00
219 P st 35 cl 0 sigma 0.17627  G -1.22636557e-01 -7.57098198e-02 7.20322132e-02 1.00000000e+00
219 P st 37 cl 0 sigma 0.17627  G -7.99238682e-02 -7.32541084e-03 1.40202045e-01 1.00000000e+00
219 P st 38 cl 0 sigma 0.17627  G 1.54840946e-01 2.31385231e-02 3.89695168e-02 1.00000000e+00
219 P st 39 cl 0 sigma 0.17627  G -1.20460987e-01 6.77704811e-02 7.97152519e-02 1.00000000e+00
219 P st 41 cl 0 sigma 0.17627  G 1.33836269e-01 8.10146332e-02 4.02927399e-02 1.00000000e+00
219 P st 46 cl 0 sigma 0.17627  G 8.98838043e-02 -9.36686993e-02 8.97109509e-02 1.00000000e+00
219 S st 20 cl 0 sigma 0.10762  G 1.97863579e-01 1.23691559e-01 1.51491165e-01 1.00000000e+00
219 S st 27 cl 1 sigma 0.13790  G 2.32434273e-01 -1.48797035e-01 4.05311584e-02 1.00000000e+00
219 S st 31 cl 0 sigma 0.10762  G -1.59382820e-02 -2.52234936e-01 1.18339062e-01 1.00000000e+00
219 S st 34 cl 0 sigma 0.10762  G 2.42805481e-01 -9.06348228e-02 1.00064278e-01 1.00000000e+00
219 S st 38 cl 1 sigma 0.13790  G 2.67863274e-01 4.00066376e-02 6.74009323e-02 1.00000000e+00
219 S st 41 cl 1 sigma 0.13790  G 2.31552124e-01 1.40166283e-01 6.96897507e-02 1.00000000e+00
# EVENT 220  nrows 26  ncols 4  params[x y z ot]  hypo -5.9330 -2.0650 2.7822
220 P st 10 cl 0 sigma 0.17627  G 7.32064247e-02 -1.35207176e-01 4.83632088e-02 1.00000000e+00
220 P st 12 cl 0 sigma 0.17627  G 2.23278999e-02 -1.19680166e-01 1.02072954e-01 1.00000000e+00
220 P st 13 cl 0 sigma 0.17627  G -2.56717205e-02 -8.26299191e-02 1.33115053e-01 1.00000000e+00
220 P st 16 cl 0 sigma 0.17627  G -1.18333101e-01 8.57353210e-02 6.79254532e-02 1.00000000e+00
220 P st 19 cl 0 sigma 0.17627  G 8.11636448e-02 -2.47478485e-02 1.37335062e-01 1.00000000e+00
220 P st 20 cl 0 sigma 0.17627  G -5.86628914e-02 1.18958950e-01 9.21189785e-02 1.00000000e+00
220 P st 27 cl 0 sigma 0.17627  G 1.12605095e-01 -1.03580952e-01 5.06401062e-02 1.00000000e+00
220 P st 30 cl 0 sigma 0.17627  G 9.20474529e-02 -7.62999058e-02 1.08444691e-01 1.00000000e+00
220 P st 33 cl 0 sigma 0.17627  G 1.47062540e-01 -2.78890133e-02 6.19888306e-02 1.00000000e+00
220 P st 34 cl 0 sigma 0.17627  G 1.99794769e-02 -2.11417675e-02 1.58756971e-01 1.00000000e+00
220 P st 37 cl 0 sigma 0.17627  G -1.47008896e-01 3.45349312e-02 5.68985939e-02 1.00000000e+00
220 P st 39 cl 0 sigma 0.17627  G -1.43826008e-01 6.18934631e-02 3.93748283e-02 1.00000000e+00
220 P st 41 cl 0 sigma 0.17627  G 4.32968140e-02 1.40488148e-01 6.50644302e-02 1.00000000e+00
220 P st 42 cl 0 sigma 0.17627  G -7.47799873e-02 1.21134520e-01 7.30633736e-02 1.00000000e+00
220 P st 43 cl 0 sigma 0.17627  G -6.94632530e-02 1.34766102e-01 5.66959381e-02 1.00000000e+00
220 P st 44 cl 0 sigma 0.17627  G 8.93115997e-02 1.28185749e-01 4.12583351e-02 1.00000000e+00
220 P st 46 cl 0 sigma 0.17627  G -1.00195408e-01 -3.66330147e-02 1.20300055e-01 1.00000000e+00
220 S st 13 cl 1 sigma 0.13790  G -4.44114208e-02 -1.42961740e-01 2.30294466e-01 1.00000000e+00
220 S st 19 cl 1 sigma 0.13790  G 1.40416622e-01 -4.28080559e-02 2.37572193e-01 1.00000000e+00
220 S st 20 cl 1 sigma 0.13790  G -1.01470947e-01 2.05802917e-01 1.59358978e-01 1.00000000e+00
220 S st 27 cl 0 sigma 0.10762  G 1.94799900e-01 -1.79207325e-01 8.76307487e-02 1.00000000e+00
220 S st 34 cl 0 sigma 0.10762  G 3.45766544e-02 -3.65734100e-02 2.74646282e-01 1.00000000e+00
220 S st 37 cl 1 sigma 0.13790  G -2.54309177e-01 5.97596169e-02 9.84311104e-02 1.00000000e+00
220 S st 41 cl 0 sigma 0.10762  G 7.49230385e-02 2.43067741e-01 1.12545490e-01 1.00000000e+00
220 S st 42 cl 1 sigma 0.13790  G -1.29365921e-01 2.09569931e-01 1.26409531e-01 1.00000000e+00
220 S st 44 cl 1 sigma 0.13790  G 1.54542923e-01 2.21776962e-01 7.13348389e-02 1.00000000e+00
# EVENT 221  nrows 36  ncols 4  params[x y z ot]  hypo -3.8610 4.9928 0.3167
221 P st 12 cl 0 sigma 0.17627  G 1.27404928e-01 9.42409039e-02 8.00073147e-02 1.00000000e+00
221 P st 13 cl 0 sigma 0.17627  G 4.38928604e-02 1.55264139e-01 6.08384609e-02 1.00000000e+00
221 P st 16 cl 0 sigma 0.17627  G -5.50389290e-02 1.51717663e-01 -8.31246376e-02 1.00000000e+00
221 P st 19 cl 0 sigma 0.17627  G 9.85026360e-02 1.33782625e-01 -2.46345997e-02 1.00000000e+00
221 P st 20 cl 0 sigma 0.17627  G -5.79357147e-03 1.61325932e-01 -8.26716423e-02 1.00000000e+00
221 P st 21 cl 0 sigma 0.17627  G -2.25663185e-02 -1.62672997e-01 -6.53028488e-02 1.00000000e+00
221 P st 23 cl 1 sigma 0.40238  G 1.43861771e-01 -7.34925270e-02 -8.23259354e-02 1.00000000e+00
221 P st 24 cl 0 sigma 0.17627  G 9.88245010e-02 -1.31899118e-01 4.43100929e-02 1.00000000e+00
221 P st 25 cl 0 sigma 0.17627  G -8.72671604e-02 -1.39033794e-01 5.10334969e-02 1.00000000e+00
221 P st 26 cl 0 sigma 0.17627  G -1.53303146e-01 -5.62191010e-02 -7.30514526e-02 1.00000000e+00
221 P st 27 cl 0 sigma 0.17627  G 1.63745880e-01 3.33786011e-04 -6.68525696e-02 1.00000000e+00
221 P st 28 cl 0 sigma 0.17627  G -1.52671337e-01 1.46538019e-02 9.84579325e-02 1.00000000e+00
221 P st 29 cl 0 sigma 0.17627  G -1.62279606e-01 2.37345695e-02 -6.12497330e-02 1.00000000e+00
221 P st 30 cl 0 sigma 0.17627  G 1.35111809e-01 9.65535641e-02 1.10864639e-03 1.00000000e+00
221 P st 31 cl 0 sigma 0.17627  G -1.46651268e-01 7.66515732e-02 2.25245953e-02 1.00000000e+00
221 P st 32 cl 1 sigma 0.40238  G -1.54972076e-01 4.44531441e-02 -8.39114189e-02 1.00000000e+00
221 P st 34 cl 0 sigma 0.17627  G 5.84661961e-02 1.55609846e-01 -4.99486923e-03 1.00000000e+00
221 P st 36 cl 0 sigma 0.17627  G 1.11174583e-01 1.16932392e-01 -8.34584236e-02 1.00000000e+00
221 P st 37 cl 0 sigma 0.17627  G -9.75489616e-02 1.28829479e-01 -8.14557076e-02 1.00000000e+00
221 P st 38 cl 0 sigma 0.17627  G 7.92860985e-02 1.40500069e-01 -8.32319260e-02 1.00000000e+00
221 P st 39 cl 0 sigma 0.17627  G -1.01971626e-01 1.24788284e-01 -8.41498375e-02 1.00000000e+00
221 P st 41 cl 0 sigma 0.17627  G 4.64916229e-02 1.54316425e-01 -8.41498375e-02 1.00000000e+00
221 P st 42 cl 0 sigma 0.17627  G -2.19821930e-02 1.59716606e-01 -8.37922096e-02 1.00000000e+00
221 P st 43 cl 0 sigma 0.17627  G -2.35557556e-02 1.59442425e-01 -8.41498375e-02 1.00000000e+00
221 P st 45 cl 0 sigma 0.17627  G -3.84092331e-02 1.56521797e-01 -8.41856003e-02 1.00000000e+00
221 P st 46 cl 0 sigma 0.17627  G -3.97920609e-02 1.60622597e-01 2.30848789e-02 1.00000000e+00
221 S st 12 cl 0 sigma 0.10762  G 2.20412016e-01 1.63036585e-01 1.38413906e-01 1.00000000e+00
221 S st 20 cl 1 sigma 0.13790  G -1.00135803e-02 2.79092789e-01 -1.43027306e-01 1.00000000e+00
221 S st 24 cl 1 sigma 0.13790  G 1.70964003e-01 -2.28172541e-01 7.66694546e-02 1.00000000e+00
221 S st 25 cl 1 sigma 0.13790  G -1.50966644e-01 -2.40528584e-01 8.82983208e-02 1.00000000e+00
221 S st 27 cl 0 sigma 0.10762  G 2.83265114e-01 5.84125519e-04 -1.15644932e-01 1.00000000e+00
221 S st 29 cl 1 sigma 0.13790  G -2.80714035e-01 4.10795212e-02 -1.05977058e-01 1.00000000e+00
221 S st 31 cl 1 sigma 0.13790  G -2.53701210e-01 1.32608414e-01 3.89575958e-02 1.00000000e+00
221 S st 36 cl 1 sigma 0.13790  G 1.92332268e-01 2.02322006e-01 -1.44410133e-01 1.00000000e+00
221 S st 38 cl 1 sigma 0.13790  G 1.37162209e-01 2.43091583e-01 -1.43957138e-01 1.00000000e+00
221 S st 41 cl 1 sigma 0.13790  G 8.04662704e-02 2.67004967e-01 -1.45578384e-01 1.00000000e+00
# EVENT 222  nrows 41  ncols 4  params[x y z ot]  hypo -3.7859 4.6810 1.5658
222 P st 10 cl 0 sigma 0.17627  G 1.44994259e-01 -5.60879707e-02 4.70042229e-02 1.00000000e+00
222 P st 12 cl 0 sigma 0.17627  G 1.10220909e-01 6.82711601e-02 1.04552507e-01 1.00000000e+00
222 P st 13 cl 0 sigma 0.17627  G 4.22418118e-02 1.30563974e-01 9.02891159e-02 1.00000000e+00
222 P st 16 cl 0 sigma 0.17627  G -5.49077988e-02 1.49965286e-01 2.72750854e-02 1.00000000e+00
222 P st 19 cl 0 sigma 0.17627  G 9.62436199e-02 1.22231245e-01 4.86791134e-02 1.00000000e+00
222 P st 20 cl 0 sigma 0.17627  G -4.86373901e-03 1.59442425e-01 2.81333923e-02 1.00000000e+00
222 P st 21 cl 0 sigma 0.17627  G -1.98841095e-02 -1.57260895e-01 3.50713730e-02 1.00000000e+00
222 P st 22 cl 0 sigma 0.17627  G -8.34107399e-02 -1.33943558e-01 3.78012657e-02 1.00000000e+00
222 P st 23 cl 0 sigma 0.17627  G 1.40738487e-01 -7.55310059e-02 2.72035599e-02 1.00000000e+00
222 P st 24 cl 0 sigma 0.17627  G 8.54909420e-02 -1.19912624e-01 6.98924065e-02 1.00000000e+00
222 P st 25 cl 0 sigma 0.17627  G -7.20083714e-02 -1.26582384e-01 7.42256641e-02 1.00000000e+00
222 P st 27 cl 0 sigma 0.17627  G 1.58286095e-01 -4.72068787e-03 3.54766846e-02 1.00000000e+00
222 P st 28 cl 0 sigma 0.17627  G -1.05184317e-01 -8.22544098e-04 1.19829178e-01 1.00000000e+00
222 P st 29 cl 0 sigma 0.17627  G -1.56676769e-01 1.78933144e-02 3.80396843e-02 1.00000000e+00
222 P st 30 cl 0 sigma 0.17627  G 1.27941370e-01 8.33272934e-02 5.58972359e-02 1.00000000e+00
222 P st 31 cl 0 sigma 0.17627  G -1.35332346e-01 6.36637211e-02 6.56604767e-02 1.00000000e+00
222 P st 34 cl 0 sigma 0.17627  G 5.76198101e-02 1.41835213e-01 5.53727150e-02 1.00000000e+00
222 P st 35 cl 0 sigma 0.17627  G -1.40738487e-01 7.48157501e-02 2.89201736e-02 1.00000000e+00
222 P st 36 cl 0 sigma 0.17627  G 1.12497807e-01 1.13451481e-01 2.59876251e-02 1.00000000e+00
222 P st 37 cl 0 sigma 0.17627  G -9.76443291e-02 1.25908852e-01 2.98023224e-02 1.00000000e+00
222 P st 38 cl 0 sigma 0.17627  G 8.08954239e-02 1.37650967e-01 2.67505646e-02 1.00000000e+00
222 P st 39 cl 0 sigma 0.17627  G -1.02555752e-01 1.23238564e-01 2.06589699e-02 1.00000000e+00
222 P st 40 cl 0 sigma 0.17627  G 8.81314278e-02 1.34038925e-01 1.96099281e-02 1.00000000e+00
222 P st 41 cl 0 sigma 0.17627  G 4.78386879e-02 1.52945518e-01 2.08973885e-02 1.00000000e+00
222 P st 42 cl 0 sigma 0.17627  G -2.14338303e-02 1.58452988e-01 2.51054764e-02 1.00000000e+00
222 P st 43 cl 0 sigma 0.17627  G -2.31266022e-02 1.58584118e-01 2.09927559e-02 1.00000000e+00
222 P st 45 cl 0 sigma 0.17627  G -3.82661819e-02 1.55949593e-01 1.71422958e-02 1.00000000e+00
222 P st 46 cl 0 sigma 0.17627  G -3.60131264e-02 1.45167112e-01 6.73592091e-02 1.00000000e+00
222 S st 12 cl 0 sigma 0.10762  G 1.90681219e-01 1.18112564e-01 1.80888176e-01 1.00000000e+00
222 S st 22 cl 1 sigma 0.13790  G -1.44314766e-01 -2.31695175e-01 6.54101372e-02 1.00000000e+00
222 S st 23 cl 1 sigma 0.13790  G 2.43520737e-01 -1.30653381e-01 4.70638275e-02 1.00000000e+00
222 S st 24 cl 1 sigma 0.13790  G 1.47891045e-01 -2.07436085e-01 1.20878220e-01 1.00000000e+00
222 S st 25 cl 0 sigma 0.10762  G -1.24549866e-01 -2.18999386e-01 1.28400326e-01 1.00000000e+00
222 S st 27 cl 0 sigma 0.10762  G 2.73835659e-01 -8.16583633e-03 6.13570213e-02 1.00000000e+00
222 S st 30 cl 1 sigma 0.13790  G 2.21347809e-01 1.44147873e-01 9.67025757e-02 1.00000000e+00
222 S st 31 cl 1 sigma 0.13790  G -2.34115124e-01 1.10149384e-01 1.13582611e-01 1.00000000e+00
222 S st 35 cl 1 sigma 0.13790  G -2.43473053e-01 1.29461288e-01 4.99963760e-02 1.00000000e+00
222 S st 36 cl 1 sigma 0.13790  G 1.94621086e-01 1.96290016e-01 4.49419022e-02 1.00000000e+00
222 S st 37 cl 1 sigma 0.13790  G -1.68919563e-01 2.17819214e-01 5.15460968e-02 1.00000000e+00
222 S st 40 cl 0 sigma 0.10762  G 1.52373314e-01 2.31885910e-01 3.38792801e-02 1.00000000e+00
222 S st 41 cl 1 sigma 0.13790  G 8.27550888e-02 2.64596939e-01 3.61204147e-02 1.00000000e+00
# EVENT 223  nrows 28  ncols 4  params[x y z ot]  hypo -3.8945 4.7368 -0.1421
223 P st 12 cl 0 sigma 0.17627  G 1.40130520e-01 9.26554203e-02 7.01636076e-02 1.00000000e+00
223 P st 13 cl 0 sigma 0.17627  G 4.78446484e-02 1.63686275e-01 6.03199005e-02 1.00000000e+00
223 P st 16 cl 0 sigma 0.17627  G -5.76496124e-02 1.54185295e-01 -5.24759293e-02 1.00000000e+00
223 P st 19 cl 0 sigma 0.17627  G 1.06602907e-01 1.39892101e-01 3.66389751e-02 1.00000000e+00
223 P st 20 cl 0 sigma 0.17627  G -6.54459000e-03 1.65796280e-01 -4.49299812e-02 1.00000000e+00
223 P st 23 cl 1 sigma 0.40238  G 1.45888329e-01 -7.83324242e-02 -4.86850739e-02 1.00000000e+00
223 P st 24 cl 0 sigma 0.17627  G 9.95635986e-02 -1.42860413e-01 4.95374203e-02 1.00000000e+00
223 P st 25 cl 0 sigma 0.17627  G -8.91327858e-02 -1.48636103e-01 5.15818596e-02 1.00000000e+00
223 P st 27 cl 0 sigma 0.17627  G 1.71124935e-01 -4.17232513e-03 1.01447105e-02 1.00000000e+00
223 P st 28 cl 0 sigma 0.17627  G -1.63564086e-01 1.76131725e-03 8.10414553e-02 1.00000000e+00
223 P st 31 cl 0 sigma 0.17627  G -1.58351660e-01 7.46309757e-02 4.57882881e-02 1.00000000e+00
223 P st 34 cl 0 sigma 0.17627  G 6.33120537e-02 1.64204836e-01 4.10258770e-02 1.00000000e+00
223 P st 36 cl 0 sigma 0.17627  G 1.14524364e-01 1.17623806e-01 -5.91397285e-02 1.00000000e+00
223 P st 37 cl 0 sigma 0.17627  G -1.02853775e-01 1.31380558e-01 -3.26871872e-02 1.00000000e+00
223 P st 39 cl 0 sigma 0.17627  G -1.03569031e-01 1.23679638e-01 -7.92264938e-02 1.00000000e+00
223 P st 40 cl 0 sigma 0.17627  G 8.75473022e-02 1.35385990e-01 -7.97271729e-02 1.00000000e+00
223 P st 41 cl 0 sigma 0.17627  G 4.70042229e-02 1.54459476e-01 -7.89284706e-02 1.00000000e+00
223 P st 46 cl 0 sigma 0.17627  G -4.48822975e-02 1.69217587e-01 4.69684601e-02 1.00000000e+00
223 S st 12 cl 0 sigma 0.10762  G 2.42429972e-01 1.60288811e-01 1.21390820e-01 1.00000000e+00
223 S st 13 cl 1 sigma 0.13790  G 8.27670097e-02 2.83175707e-01 1.04355812e-01 1.00000000e+00
223 S st 20 cl 1 sigma 0.13790  G -1.13010406e-02 2.86817551e-01 -7.77244568e-02 1.00000000e+00
223 S st 23 cl 1 sigma 0.13790  G 2.52389908e-01 -1.35517120e-01 -8.42094421e-02 1.00000000e+00
223 S st 24 cl 1 sigma 0.13790  G 1.72245502e-01 -2.47144699e-01 8.57114792e-02 1.00000000e+00
223 S st 25 cl 0 sigma 0.10762  G -1.54185295e-01 -2.57134438e-01 8.92519951e-02 1.00000000e+00
223 S st 27 cl 0 sigma 0.10762  G 2.96056271e-01 -7.21216202e-03 1.75476074e-02 1.00000000e+00
223 S st 28 cl 1 sigma 0.13790  G -2.82967091e-01 3.06367874e-03 1.40190125e-01 1.00000000e+00
223 S st 31 cl 1 sigma 0.13790  G -2.73942947e-01 1.29103661e-01 7.92145729e-02 1.00000000e+00
223 S st 41 cl 1 sigma 0.13790  G 8.13007355e-02 2.67219543e-01 -1.36518478e-01 1.00000000e+00
# EVENT 224  nrows 27  ncols 4  params[x y z ot]  hypo -11.5634 4.5081 4.5149
224 P st 10 cl 0 sigma 0.17627  G -1.08599663e-02 -7.38501549e-02 1.45852566e-01 1.00000000e+00
224 P st 13 cl 0 sigma 0.17627  G -1.12402439e-01 6.64114952e-02 1.00231171e-01 1.00000000e+00
224 P st 19 cl 0 sigma 0.17627  G -5.67018986e-02 1.06734037e-01 1.10930204e-01 1.00000000e+00
224 P st 20 cl 0 sigma 0.17627  G -8.67009163e-02 1.24239922e-01 5.84483147e-02 1.00000000e+00
224 P st 23 cl 0 sigma 0.17627  G 5.28693199e-02 -1.09171867e-01 1.10447407e-01 1.00000000e+00
224 P st 24 cl 0 sigma 0.17627  G -8.76665115e-02 -8.53538513e-02 1.09833479e-01 1.00000000e+00
224 P st 27 cl 0 sigma 0.17627  G 5.40792942e-02 -1.24394894e-02 1.53285265e-01 1.00000000e+00
224 P st 30 cl 0 sigma 0.17627  G -4.45842743e-02 7.90655613e-02 1.36154890e-01 1.00000000e+00
224 P st 31 cl 0 sigma 0.17627  G -1.47867203e-01 2.59637833e-02 6.22272491e-02 1.00000000e+00
224 P st 33 cl 0 sigma 0.17627  G 5.36978245e-02 9.79542732e-02 1.19084120e-01 1.00000000e+00
224 P st 36 cl 0 sigma 0.17627  G 1.89185143e-02 1.35660172e-01 8.89182091e-02 1.00000000e+00
224 P st 38 cl 0 sigma 0.17627  G -2.00152397e-02 1.42407417e-01 7.69495964e-02 1.00000000e+00
224 P st 40 cl 0 sigma 0.17627  G 1.23620033e-02 1.49405003e-01 6.20007515e-02 1.00000000e+00
224 P st 41 cl 0 sigma 0.17627  G -3.21865082e-02 1.48475170e-01 5.64217567e-02 1.00000000e+00
224 P st 42 cl 0 sigma 0.17627  G -9.13143158e-02 1.23560429e-01 5.23686409e-02 1.00000000e+00
224 P st 43 cl 0 sigma 0.17627  G -8.59498978e-02 1.29354000e-01 4.64677811e-02 1.00000000e+00
224 P st 44 cl 0 sigma 0.17627  G 1.39713287e-02 1.53601170e-01 4.92334366e-02 1.00000000e+00
224 S st 13 cl 1 sigma 0.13790  G -1.94466114e-01 1.14881992e-01 1.73413754e-01 1.00000000e+00
224 S st 20 cl 0 sigma 0.10762  G -1.50012970e-01 2.14910507e-01 1.01113319e-01 1.00000000e+00
224 S st 23 cl 0 sigma 0.10762  G 9.14454460e-02 -1.88875198e-01 1.91056728e-01 1.00000000e+00
224 S st 24 cl 1 sigma 0.13790  G -1.51658058e-01 -1.47652626e-01 1.90043449e-01 1.00000000e+00
224 S st 27 cl 0 sigma 0.10762  G 9.35435295e-02 -2.15291977e-02 2.65192986e-01 1.00000000e+00
224 S st 30 cl 1 sigma 0.13790  G -7.71164894e-02 1.36792660e-01 2.35545635e-01 1.00000000e+00
224 S st 33 cl 0 sigma 0.10762  G 9.28878784e-02 1.69467926e-01 2.06005573e-01 1.00000000e+00
224 S st 36 cl 1 sigma 0.13790  G 3.27229500e-02 2.34675407e-01 1.53839588e-01 1.00000000e+00
224 S st 41 cl 1 sigma 0.13790  G -5.56707382e-02 2.56872177e-01 9.75847244e-02 1.00000000e+00
224 S st 42 cl 1 sigma 0.13790  G -1.57928467e-01 2.13766098e-01 9.06467438e-02 1.00000000e+00
# EVENT 225  nrows 43  ncols 4  params[x y z ot]  hypo -11.5541 3.8750 4.0605
225 P st 10 cl 0 sigma 0.17627  G -1.03950500e-02 -8.74638557e-02 1.37132406e-01 1.00000000e+00
225 P st 12 cl 0 sigma 0.17627  G -1.02084875e-01 2.34901905e-02 1.23292208e-01 1.00000000e+00
225 P st 13 cl 0 sigma 0.17627  G -1.17713213e-01 5.81383705e-02 9.67741013e-02 1.00000000e+00
225 P st 16 cl 0 sigma 0.17627  G -1.16157532e-01 1.02376938e-01 4.72545624e-02 1.00000000e+00
225 P st 19 cl 0 sigma 0.17627  G -6.18636608e-02 1.03241205e-01 1.11198425e-01 1.00000000e+00
225 P st 20 cl 0 sigma 0.17627  G -9.05513763e-02 1.22809410e-01 5.52296638e-02 1.00000000e+00
225 P st 21 cl 0 sigma 0.17627  G -9.96470451e-02 -1.15811825e-01 5.42402267e-02 1.00000000e+00
225 P st 23 cl 0 sigma 0.17627  G 5.24997711e-02 -1.20353699e-01 9.81688499e-02 1.00000000e+00
225 P st 24 cl 0 sigma 0.17627  G -8.53061676e-02 -9.48429108e-02 9.88185406e-02 1.00000000e+00
225 P st 27 cl 0 sigma 0.17627  G 5.21183014e-02 -2.81870365e-02 1.50042772e-01 1.00000000e+00
225 P st 29 cl 0 sigma 0.17627  G -1.55735016e-01 2.40802765e-03 4.43577766e-02 1.00000000e+00
225 P st 30 cl 0 sigma 0.17627  G -4.93824482e-02 7.24196434e-02 1.38467550e-01 1.00000000e+00
225 P st 31 cl 0 sigma 0.17627  G -1.50847435e-01 1.91569328e-02 5.72085381e-02 1.00000000e+00
225 P st 33 cl 0 sigma 0.17627  G 5.91635704e-02 9.39071178e-02 1.19972229e-01 1.00000000e+00
225 P st 34 cl 0 sigma 0.17627  G -9.22262669e-02 9.74357128e-02 9.40442085e-02 1.00000000e+00
225 P st 36 cl 0 sigma 0.17627  G 2.02775002e-02 1.34813786e-01 8.79406929e-02 1.00000000e+00
225 P st 37 cl 0 sigma 0.17627  G -1.36315823e-01 7.50184059e-02 4.48822975e-02 1.00000000e+00
225 P st 38 cl 0 sigma 0.17627  G -2.13146210e-02 1.43539906e-01 7.49707222e-02 1.00000000e+00
225 P st 40 cl 0 sigma 0.17627  G 1.31845474e-02 1.50489807e-01 5.93066216e-02 1.00000000e+00
225 P st 41 cl 0 sigma 0.17627  G -3.37123871e-02 1.49190426e-01 5.35845757e-02 1.00000000e+00
225 P st 42 cl 0 sigma 0.17627  G -9.48071480e-02 1.22082233e-01 4.91261482e-02 1.00000000e+00
225 P st 43 cl 0 sigma 0.17627  G -8.89062881e-02 1.28304958e-01 4.33325768e-02 1.00000000e+00
225 P st 44 cl 0 sigma 0.17627  G 1.46985054e-02 1.54435635e-01 4.63485718e-02 1.00000000e+00
225 P st 45 cl 0 sigma 0.17627  G -9.14573669e-02 1.28340721e-01 3.57627869e-02 1.00000000e+00
225 S st 10 cl 1 sigma 0.13790  G -1.80006027e-02 -1.51324272e-01 2.37238407e-01 1.00000000e+00
225 S st 13 cl 1 sigma 0.13790  G -2.03645229e-01 1.00576878e-01 1.67429447e-01 1.00000000e+00
225 S st 16 cl 1 sigma 0.13790  G -2.00939178e-01 1.77121162e-01 8.17060471e-02 1.00000000e+00
225 S st 19 cl 0 sigma 0.10762  G -1.07038021e-01 1.78647041e-01 1.92379951e-01 1.00000000e+00
225 S st 20 cl 1 sigma 0.13790  G -1.56664848e-01 2.12454796e-01 9.55581665e-02 1.00000000e+00
225 S st 23 cl 0 sigma 0.10762  G 9.08136368e-02 -2.08222866e-01 1.69837475e-01 1.00000000e+00
225 S st 24 cl 1 sigma 0.13790  G -1.47604942e-01 -1.64091587e-01 1.70981884e-01 1.00000000e+00
225 S st 27 cl 0 sigma 0.10762  G 9.01460648e-02 -4.87565994e-02 2.59578228e-01 1.00000000e+00
225 S st 30 cl 0 sigma 0.10762  G -8.54492188e-02 1.25300884e-01 2.39539146e-01 1.00000000e+00
225 S st 31 cl 1 sigma 0.13790  G -2.60972977e-01 3.31163406e-02 9.89675522e-02 1.00000000e+00
225 S st 33 cl 0 sigma 0.10762  G 1.02353096e-01 1.62458420e-01 2.07567215e-01 1.00000000e+00
225 S st 34 cl 0 sigma 0.10762  G -1.59537792e-01 1.68573856e-01 1.62708759e-01 1.00000000e+00
225 S st 36 cl 0 sigma 0.10762  G 3.50713730e-02 2.33209133e-01 1.52146816e-01 1.00000000e+00
225 S st 37 cl 1 sigma 0.13790  G -2.35795975e-01 1.29818916e-01 7.76529312e-02 1.00000000e+00
225 S st 38 cl 1 sigma 0.13790  G -3.68833542e-02 2.48289108e-01 1.29747391e-01 1.00000000e+00
225 S st 40 cl 1 sigma 0.13790  G 2.27689743e-02 2.60353088e-01 1.02639198e-01 1.00000000e+00
225 S st 41 cl 1 sigma 0.13790  G -5.83410263e-02 2.58135796e-01 9.26971436e-02 1.00000000e+00
225 S st 42 cl 1 sigma 0.13790  G -1.64008141e-01 2.11215019e-01 8.49485397e-02 1.00000000e+00
225 S st 44 cl 1 sigma 0.13790  G 2.54154205e-02 2.67219543e-01 8.02040100e-02 1.00000000e+00
# EVENT 226  nrows 17  ncols 4  params[x y z ot]  hypo -16.0444 -8.0898 6.7226
226 P st 10 cl 0 sigma 0.17627  G -4.39405441e-02 -1.39319897e-01 6.79016113e-02 1.00000000e+00
226 P st 12 cl 1 sigma 0.40238  G -9.18745995e-02 -1.08575821e-01 7.60674477e-02 1.00000000e+00
226 P st 13 cl 0 sigma 0.17627  G -1.11114979e-01 -8.88705254e-02 7.69257545e-02 1.00000000e+00
226 P st 16 cl 0 sigma 0.17627  G -1.45769119e-01 -1.30891800e-02 6.69836998e-02 1.00000000e+00
226 P st 20 cl 0 sigma 0.17627  G -1.37376785e-01 -1.02281570e-02 8.44597816e-02 1.00000000e+00
226 P st 30 cl 0 sigma 0.17627  G -7.70092010e-02 -1.06871128e-01 9.39488411e-02 1.00000000e+00
226 P st 34 cl 0 sigma 0.17627  G -1.11699104e-01 -7.44462013e-02 9.00268555e-02 1.00000000e+00
226 P st 36 cl 0 sigma 0.17627  G -5.19514084e-02 -5.89251518e-02 1.39248371e-01 1.00000000e+00
226 P st 37 cl 1 sigma 0.40238  G -1.47938728e-01 -3.02076340e-02 5.72323799e-02 1.00000000e+00
226 P st 38 cl 0 sigma 0.17627  G -9.08374786e-02 -3.13401222e-02 1.28757954e-01 1.00000000e+00
226 P st 39 cl 0 sigma 0.17627  G -1.52921677e-01 -5.65052032e-03 5.09500504e-02 1.00000000e+00
226 P st 40 cl 0 sigma 0.17627  G -5.70237637e-02 1.25169754e-02 1.48546696e-01 1.00000000e+00
226 P st 41 cl 0 sigma 0.17627  G -1.05702877e-01 2.74658203e-02 1.17373466e-01 1.00000000e+00
226 P st 42 cl 0 sigma 0.17627  G -1.41561031e-01 3.23057175e-03 7.82489777e-02 1.00000000e+00
226 P st 43 cl 0 sigma 0.17627  G -1.40821934e-01 2.37941742e-02 7.52568245e-02 1.00000000e+00
226 P st 44 cl 0 sigma 0.17627  G -4.86135483e-02 7.02381134e-02 1.36888027e-01 1.00000000e+00
226 P st 45 cl 0 sigma 0.17627  G -1.41227245e-01 4.31776047e-02 6.42776489e-02 1.00000000e+00
# EVENT 227  nrows 41  ncols 4  params[x y z ot]  hypo -3.9878 5.1938 1.1871
227 P st 5 cl 0 sigma 0.17627  G -3.51667404e-03 1.55395269e-01 4.47332859e-02 1.00000000e+00
227 P st 7 cl 0 sigma 0.17627  G 5.24044037e-02 1.51288509e-01 2.23398209e-02 1.00000000e+00
227 P st 10 cl 0 sigma 0.17627  G 1.49863958e-01 -4.88936901e-02 3.57806683e-02 1.00000000e+00
227 P st 12 cl 0 sigma 0.17627  G 1.05893612e-01 8.92758369e-02 8.29696655e-02 1.00000000e+00
227 P st 13 cl 0 sigma 0.17627  G 3.49342823e-02 1.44296885e-01 6.44683838e-02 1.00000000e+00
227 P st 16 cl 0 sigma 0.17627  G -5.53369522e-02 1.50656700e-01 1.80363655e-02 1.00000000e+00
227 P st 19 cl 0 sigma 0.17627  G 9.00506973e-02 1.29801035e-01 3.30865383e-02 1.00000000e+00
227 P st 20 cl 0 sigma 0.17627  G -7.29560852e-03 1.60229206e-01 1.85847282e-02 1.00000000e+00
227 P st 21 cl 0 sigma 0.17627  G -2.45511532e-02 -1.57618523e-01 2.59935856e-02 1.00000000e+00
227 P st 22 cl 0 sigma 0.17627  G -9.07301903e-02 -1.30999088e-01 2.76327133e-02 1.00000000e+00
227 P st 23 cl 0 sigma 0.17627  G 1.43539906e-01 -7.14421272e-02 1.96933746e-02 1.00000000e+00
227 P st 24 cl 0 sigma 0.17627  G 8.98301601e-02 -1.18917227e-01 6.03079796e-02 1.00000000e+00
227 P st 25 cl 0 sigma 0.17627  G -8.35955143e-02 -1.21253729e-01 6.18159771e-02 1.00000000e+00
227 P st 27 cl 0 sigma 0.17627  G 1.59633160e-01 3.67164612e-03 2.53319740e-02 1.00000000e+00
227 P st 28 cl 0 sigma 0.17627  G -1.26749277e-01 1.97887421e-02 1.00743771e-01 1.00000000e+00
227 P st 30 cl 0 sigma 0.17627  G 1.24484301e-01 9.55641270e-02 3.97861004e-02 1.00000000e+00
227 P st 31 cl 0 sigma 0.17627  G -1.36369467e-01 7.46607780e-02 4.49955463e-02 1.00000000e+00
227 P st 33 cl 0 sigma 0.17627  G 1.40464306e-01 7.72953033e-02 1.95145607e-02 1.00000000e+00
227 P st 36 cl 0 sigma 0.17627  G 1.08516216e-01 1.18267536e-01 1.77383423e-02 1.00000000e+00
227 P st 37 cl 0 sigma 0.17627  G -9.65714455e-02 1.27995014e-01 1.95741653e-02 1.00000000e+00
227 P st 38 cl 0 sigma 0.17627  G 7.65562057e-02 1.41036510e-01 1.80482864e-02 1.00000000e+00
227 P st 40 cl 0 sigma 0.17627  G 8.45909119e-02 1.36709213e-01 1.36137009e-02 1.00000000e+00
227 P st 41 cl 0 sigma 0.17627  G 4.46319580e-02 1.54399872e-01 1.43289566e-02 1.00000000e+00
227 P st 42 cl 1 sigma 0.40238  G -2.30312347e-02 1.58905983e-01 1.67489052e-02 1.00000000e+00
227 P st 43 cl 0 sigma 0.17627  G -2.44498253e-02 1.58870220e-01 1.42812729e-02 1.00000000e+00
227 P st 45 cl 0 sigma 0.17627  G -3.89575958e-02 1.56068802e-01 1.19090080e-02 1.00000000e+00
227 P st 46 cl 0 sigma 0.17627  G -3.92019749e-02 1.50448084e-01 4.50074673e-02 1.00000000e+00
227 S st 7 cl 1 sigma 0.13790  G 9.06705856e-02 2.61712074e-01 3.86714935e-02 1.00000000e+00
227 S st 10 cl 1 sigma 0.13790  G 2.59268284e-01 -8.46028328e-02 6.18934631e-02 1.00000000e+00
227 S st 12 cl 0 sigma 0.10762  G 1.83194876e-01 1.54447556e-01 1.43545866e-01 1.00000000e+00
227 S st 20 cl 1 sigma 0.13790  G -1.26361847e-02 2.77209282e-01 3.21388245e-02 1.00000000e+00
227 S st 23 cl 1 sigma 0.13790  G 2.48336792e-01 -1.23596191e-01 3.40461731e-02 1.00000000e+00
227 S st 24 cl 1 sigma 0.13790  G 1.55389309e-01 -2.05719471e-01 1.04355812e-01 1.00000000e+00
227 S st 25 cl 1 sigma 0.13790  G -1.44624710e-01 -2.09772587e-01 1.06942654e-01 1.00000000e+00
227 S st 27 cl 0 sigma 0.10762  G 2.76172161e-01 6.36577606e-03 4.38213348e-02 1.00000000e+00
227 S st 30 cl 1 sigma 0.13790  G 2.15363503e-01 1.65319443e-01 6.88195229e-02 1.00000000e+00
227 S st 31 cl 1 sigma 0.13790  G -2.35891342e-01 1.29175186e-01 7.78317451e-02 1.00000000e+00
227 S st 33 cl 1 sigma 0.13790  G 2.42972374e-01 1.33728981e-01 3.37362289e-02 1.00000000e+00
227 S st 38 cl 1 sigma 0.13790  G 1.32441521e-01 2.43973732e-01 3.12089920e-02 1.00000000e+00
227 S st 40 cl 1 sigma 0.13790  G 1.46341324e-01 2.36487389e-01 2.35557556e-02 1.00000000e+00
227 S st 41 cl 1 sigma 0.13790  G 7.71999359e-02 2.67124176e-01 2.47955322e-02 1.00000000e+00
# EVENT 228  nrows 27  ncols 4  params[x y z ot]  hypo -3.6084 -7.6333 0.5241
228 P st 5 cl 0 sigma 0.17627  G 5.79357147e-03 -1.60712004e-01 2.41756439e-02 1.00000000e+00
228 P st 7 cl 0 sigma 0.17627  G 1.26105547e-01 -9.54747200e-02 4.23371792e-02 1.00000000e+00
228 P st 12 cl 0 sigma 0.17627  G 4.77075577e-02 -1.53911114e-01 1.22547150e-02 1.00000000e+00
228 P st 13 cl 0 sigma 0.17627  G 2.81035900e-02 -1.58584118e-01 1.65283680e-02 1.00000000e+00
228 P st 16 cl 0 sigma 0.17627  G -1.51520967e-01 -3.88562679e-02 5.37216663e-02 1.00000000e+00
228 P st 20 cl 0 sigma 0.17627  G -2.01731920e-02 -5.30511141e-02 1.56044960e-01 1.00000000e+00
228 P st 29 cl 0 sigma 0.17627  G -1.01947784e-01 -1.24800205e-01 9.58442688e-03 1.00000000e+00
228 P st 31 cl 0 sigma 0.17627  G -7.33494759e-02 -1.43456459e-01 1.20282173e-02 1.00000000e+00
228 P st 34 cl 0 sigma 0.17627  G 6.66975975e-02 -1.46263838e-01 2.49624252e-02 1.00000000e+00
228 P st 36 cl 0 sigma 0.17627  G 1.52027607e-01 -5.33103943e-02 1.43170357e-02 1.00000000e+00
228 P st 37 cl 0 sigma 0.17627  G -1.43128633e-01 -7.37011433e-02 1.98245049e-02 1.00000000e+00
228 P st 38 cl 0 sigma 0.17627  G 1.56021118e-01 -3.85642052e-02 2.52723694e-02 1.00000000e+00
228 P st 39 cl 0 sigma 0.17627  G -1.60992146e-01 -6.03199005e-03 1.42097473e-02 1.00000000e+00
228 P st 40 cl 0 sigma 0.17627  G 1.59698725e-01 2.11119652e-02 1.51991844e-02 1.00000000e+00
228 P st 41 cl 0 sigma 0.17627  G 1.41572952e-01 7.21454620e-02 3.80337238e-02 1.00000000e+00
228 P st 42 cl 0 sigma 0.17627  G -8.49723816e-02 4.14490700e-02 1.32223964e-01 1.00000000e+00
228 P st 43 cl 0 sigma 0.17627  G -8.70883465e-02 1.23924017e-01 7.21573830e-02 1.00000000e+00
228 P st 46 cl 0 sigma 0.17627  G -2.72691250e-02 -1.58470869e-01 2.22206116e-02 1.00000000e+00
228 S st 7 cl 0 sigma 0.10762  G 2.18164921e-01 -1.65164471e-01 7.32421875e-02 1.00000000e+00
228 S st 12 cl 1 sigma 0.13790  G 8.25285912e-02 -2.66265869e-01 2.11954117e-02 1.00000000e+00
228 S st 13 cl 1 sigma 0.13790  G 4.86135483e-02 -2.74348259e-01 2.86102295e-02 1.00000000e+00
228 S st 16 cl 1 sigma 0.13790  G -2.62105465e-01 -6.72101974e-02 9.29415226e-02 1.00000000e+00
228 S st 20 cl 0 sigma 0.10762  G -3.48985195e-02 -9.17792320e-02 2.69955397e-01 1.00000000e+00
228 S st 29 cl 1 sigma 0.13790  G -1.76358223e-01 -2.15888023e-01 1.65700912e-02 1.00000000e+00
228 S st 31 cl 1 sigma 0.13790  G -1.26922131e-01 -2.48205662e-01 2.08497047e-02 1.00000000e+00
228 S st 40 cl 1 sigma 0.13790  G 2.76291370e-01 3.65376472e-02 2.62737274e-02 1.00000000e+00
228 S st 42 cl 0 sigma 0.10762  G -1.47008896e-01 7.17163086e-02 2.28750706e-01 1.00000000e+00
# EVENT 229  nrows 37  ncols 4  params[x y z ot]  hypo -0.1961 -2.6762 2.7313
229 P st 5 cl 0 sigma 0.17627  G 1.04808807e-01 -4.76717949e-02 1.16187334e-01 1.00000000e+00
229 P st 7 cl 0 sigma 0.17627  G 1.40815973e-01 4.01973724e-02 7.02559948e-02 1.00000000e+00
229 P st 12 cl 0 sigma 0.17627  G 1.15895271e-01 -9.53614712e-02 6.12139702e-02 1.00000000e+00
229 P st 13 cl 0 sigma 0.17627  G 1.10763311e-01 -7.60555267e-02 8.70585442e-02 1.00000000e+00
229 P st 16 cl 0 sigma 0.17627  G -1.47283077e-02 1.06090307e-01 1.16854906e-01 1.00000000e+00
229 P st 19 cl 0 sigma 0.17627  G 1.46061182e-01 -2.44796276e-02 6.35325909e-02 1.00000000e+00
229 P st 20 cl 0 sigma 0.17627  G 7.80224800e-02 1.08134747e-01 9.42409039e-02 1.00000000e+00
229 P st 21 cl 0 sigma 0.17627  G 2.19583511e-02 -1.57332420e-01 2.86221504e-02 1.00000000e+00
229 P st 27 cl 0 sigma 0.17627  G 1.37221813e-01 -7.84158707e-02 3.26037407e-02 1.00000000e+00
229 P st 28 cl 0 sigma 0.17627  G 1.27196312e-02 -1.43224001e-01 7.19189644e-02 1.00000000e+00
229 P st 29 cl 0 sigma 0.17627  G -1.00970268e-01 -1.09982491e-01 6.35862350e-02 1.00000000e+00
229 P st 30 cl 0 sigma 0.17627  G 1.42836571e-01 -5.50746918e-02 5.32865524e-02 1.00000000e+00
229 P st 31 cl 0 sigma 0.17627  G -4.08470631e-02 -1.22898817e-01 9.81271267e-02 1.00000000e+00
229 P st 32 cl 0 sigma 0.17627  G -1.42264366e-01 -5.59091568e-02 5.15580177e-02 1.00000000e+00
229 P st 34 cl 0 sigma 0.17627  G 1.35666132e-01 -2.31623650e-02 8.44120979e-02 1.00000000e+00
229 P st 35 cl 0 sigma 0.17627  G -1.37829781e-01 -3.60250473e-02 7.74025917e-02 1.00000000e+00
229 P st 36 cl 0 sigma 0.17627  G 1.54864788e-01 2.13027000e-02 4.09960747e-02 1.00000000e+00
229 P st 37 cl 0 sigma 0.17627  G -9.69588757e-02 4.45365906e-02 1.22797489e-01 1.00000000e+00
229 P st 38 cl 0 sigma 0.17627  G 1.44994259e-01 4.92572784e-02 5.08546829e-02 1.00000000e+00
229 P st 39 cl 0 sigma 0.17627  G -1.18017197e-01 8.52584839e-02 6.91056252e-02 1.00000000e+00
229 P st 40 cl 0 sigma 0.17627  G 1.40953064e-01 6.95466995e-02 3.66210938e-02 1.00000000e+00
229 P st 41 cl 0 sigma 0.17627  G 1.14786625e-01 1.03509426e-01 4.82559204e-02 1.00000000e+00
229 P st 42 cl 0 sigma 0.17627  G 4.12285328e-02 1.29896402e-01 8.93473625e-02 1.00000000e+00
229 P st 43 cl 0 sigma 0.17627  G 2.49743462e-02 1.43241882e-01 6.82353973e-02 1.00000000e+00
229 P st 45 cl 0 sigma 0.17627  G -1.16229057e-02 1.53541565e-01 5.03540039e-02 1.00000000e+00
229 P st 46 cl 0 sigma 0.17627  G 6.65962696e-02 -5.64098358e-02 1.32310390e-01 1.00000000e+00
229 S st 7 cl 0 sigma 0.10762  G 2.43592262e-01 6.95347786e-02 1.21533871e-01 1.00000000e+00
229 S st 16 cl 0 sigma 0.10762  G -2.54631042e-02 1.83534622e-01 2.02155113e-01 1.00000000e+00
229 S st 27 cl 1 sigma 0.13790  G 2.37417221e-01 -1.35684013e-01 5.64336777e-02 1.00000000e+00
229 S st 31 cl 0 sigma 0.10762  G -7.06672668e-02 -2.12633610e-01 1.69730186e-01 1.00000000e+00
229 S st 34 cl 1 sigma 0.13790  G 2.34711170e-01 -4.00662422e-02 1.46031380e-01 1.00000000e+00
229 S st 35 cl 1 sigma 0.13790  G -2.38442421e-01 -6.23106956e-02 1.33907795e-01 1.00000000e+00
229 S st 36 cl 1 sigma 0.13790  G 2.67887115e-01 3.68595123e-02 7.09533691e-02 1.00000000e+00
229 S st 37 cl 0 sigma 0.10762  G -1.67739391e-01 7.70449638e-02 2.12419033e-01 1.00000000e+00
229 S st 40 cl 1 sigma 0.13790  G 2.43878365e-01 1.20329857e-01 6.33478165e-02 1.00000000e+00
229 S st 42 cl 0 sigma 0.10762  G 7.13109970e-02 2.24733353e-01 1.54590607e-01 1.00000000e+00
229 S st 43 cl 1 sigma 0.13790  G 4.32014465e-02 2.47800350e-01 1.18052959e-01 1.00000000e+00
# EVENT 230  nrows 26  ncols 4  params[x y z ot]  hypo 0.7401 -3.6722 2.1369
230 P st 5 cl 0 sigma 0.17627  G 1.19870901e-01 -6.92486763e-02 8.50617886e-02 1.00000000e+00
230 P st 7 cl 0 sigma 0.17627  G 1.51550770e-01 1.98364258e-02 5.45203686e-02 1.00000000e+00
230 P st 12 cl 0 sigma 0.17627  G 1.18565559e-01 -1.01089478e-01 4.37974930e-02 1.00000000e+00
230 P st 13 cl 0 sigma 0.17627  G 1.20085478e-01 -8.97407532e-02 6.19828701e-02 1.00000000e+00
230 P st 16 cl 0 sigma 0.17627  G 1.25944614e-02 9.53733921e-02 1.25771761e-01 1.00000000e+00
230 P st 19 cl 0 sigma 0.17627  G 1.50704384e-01 -3.89575958e-02 4.67181206e-02 1.00000000e+00
230 P st 20 cl 0 sigma 0.17627  G 1.05530024e-01 8.81433487e-02 8.47101212e-02 1.00000000e+00
230 P st 28 cl 0 sigma 0.17627  G 2.87175179e-02 -1.51163340e-01 5.28991222e-02 1.00000000e+00
230 P st 29 cl 0 sigma 0.17627  G -8.49127769e-02 -1.27887726e-01 5.25474548e-02 1.00000000e+00
230 P st 31 cl 0 sigma 0.17627  G -1.65998936e-02 -1.41304731e-01 7.62104988e-02 1.00000000e+00
230 P st 34 cl 0 sigma 0.17627  G 1.43617392e-01 -4.14609909e-02 6.19769096e-02 1.00000000e+00
230 P st 36 cl 0 sigma 0.17627  G 1.58536434e-01 8.64267349e-03 3.13520432e-02 1.00000000e+00
230 P st 37 cl 0 sigma 0.17627  G -8.10027122e-02 1.76787376e-02 1.35266781e-01 1.00000000e+00
230 P st 39 cl 0 sigma 0.17627  G -1.21557713e-01 8.08238983e-02 7.22408295e-02 1.00000000e+00
230 P st 40 cl 0 sigma 0.17627  G 1.48391724e-01 5.71131706e-02 2.89797783e-02 1.00000000e+00
230 P st 41 cl 0 sigma 0.17627  G 1.28734112e-01 9.01699066e-02 3.96490097e-02 1.00000000e+00
230 P st 42 cl 0 sigma 0.17627  G 6.83546066e-02 1.17504597e-01 8.61585140e-02 1.00000000e+00
230 P st 43 cl 0 sigma 0.17627  G 4.73737717e-02 1.41000748e-01 6.49571419e-02 1.00000000e+00
230 P st 46 cl 0 sigma 0.17627  G 9.31382179e-02 -8.48591328e-02 1.02108717e-01 1.00000000e+00
230 S st 7 cl 1 sigma 0.13790  G 2.62188911e-01 3.43203545e-02 9.43064690e-02 1.00000000e+00
230 S st 19 cl 1 sigma 0.13790  G 2.60674953e-01 -6.74247742e-02 8.08477402e-02 1.00000000e+00
230 S st 20 cl 1 sigma 0.13790  G 1.82580948e-01 1.52492523e-01 1.46555901e-01 1.00000000e+00
230 S st 28 cl 1 sigma 0.13790  G 4.96625900e-02 -2.61509418e-01 9.15169716e-02 1.00000000e+00
230 S st 31 cl 0 sigma 0.10762  G -2.86936760e-02 -2.44462490e-01 1.31821632e-01 1.00000000e+00
230 S st 34 cl 1 sigma 0.13790  G 2.48467922e-01 -7.17401505e-02 1.07204914e-01 1.00000000e+00
230 S st 43 cl 1 sigma 0.13790  G 8.19563866e-02 2.43937969e-01 1.12390518e-01 1.00000000e+00
# EVENT 231  nrows 26  ncols 4  params[x y z ot]  hypo -4.2676 -4.8658 -2.2250
231 P st 5 cl 0 sigma 0.17627  G -1.95801258e-02 -1.78968906e-01 -3.28415632e-01 1.00000000e+00
231 P st 7 cl 0 sigma 0.17627  G 2.20483541e-01 -8.70823860e-03 -2.67744064e-01 1.00000000e+00
231 P st 13 cl 0 sigma 0.17627  G 2.61366367e-02 -1.78128481e-01 -3.28421593e-01 1.00000000e+00
231 P st 16 cl 0 sigma 0.17627  G -1.68329477e-01 6.38604164e-02 -3.28421593e-01 1.00000000e+00
231 P st 19 cl 0 sigma 0.17627  G 1.37275457e-01 -1.16485357e-01 -3.28421593e-01 1.00000000e+00
231 P st 20 cl 0 sigma 0.17627  G -1.23006105e-01 3.33607197e-01 1.46478415e-02 1.00000000e+00
231 P st 23 cl 0 sigma 0.17627  G 9.38177109e-02 -1.41286850e-01 -3.33523750e-01 1.00000000e+00
231 P st 26 cl 1 sigma 0.40238  G -1.08349323e-01 -1.42788887e-01 -3.28958035e-01 1.00000000e+00
231 P st 27 cl 0 sigma 0.17627  G 1.23786926e-01 -1.30736828e-01 -3.28409672e-01 1.00000000e+00
231 P st 28 cl 0 sigma 0.17627  G -6.05344772e-02 -1.69551373e-01 -3.28421593e-01 1.00000000e+00
231 P st 30 cl 0 sigma 0.17627  G 1.21223927e-01 -1.33109093e-01 -3.28409672e-01 1.00000000e+00
231 P st 31 cl 0 sigma 0.17627  G -1.12783909e-01 -1.40321255e-01 -3.28433514e-01 1.00000000e+00
231 P st 34 cl 0 sigma 0.17627  G 9.72807407e-02 -1.51497126e-01 -3.28415632e-01 1.00000000e+00
231 P st 35 cl 0 sigma 0.17627  G -1.69157982e-01 -6.16073608e-02 -3.28397751e-01 1.00000000e+00
231 P st 36 cl 0 sigma 0.17627  G 1.79791451e-01 -9.58442688e-03 -3.28409672e-01 1.00000000e+00
231 P st 37 cl 0 sigma 0.17627  G -1.79272890e-01 -1.65820122e-02 -3.28415632e-01 1.00000000e+00
231 P st 38 cl 0 sigma 0.17627  G 1.76513195e-01 3.54290009e-02 -3.28421593e-01 1.00000000e+00
231 P st 39 cl 0 sigma 0.17627  G -1.75440311e-01 4.04238701e-02 -3.28409672e-01 1.00000000e+00
231 P st 40 cl 0 sigma 0.17627  G 1.62804127e-01 7.68542290e-02 -3.28421593e-01 1.00000000e+00
231 P st 41 cl 0 sigma 0.17627  G 1.11913681e-01 1.41036510e-01 -3.28415632e-01 1.00000000e+00
231 P st 42 cl 0 sigma 0.17627  G -1.03390217e-01 1.62738562e-01 -3.11326981e-01 1.00000000e+00
231 P st 43 cl 0 sigma 0.17627  G -7.73906708e-02 1.62553787e-01 -3.28421593e-01 1.00000000e+00
231 P st 45 cl 1 sigma 0.40238  G -9.09447670e-02 1.55377388e-01 -3.28421593e-01 1.00000000e+00
231 P st 46 cl 0 sigma 0.17627  G -7.39037991e-02 -1.64169073e-01 -3.28415632e-01 1.00000000e+00
231 S st 20 cl 0 sigma 0.10762  G -2.12794542e-01 5.77133894e-01 2.53379345e-02 1.00000000e+00
231 S st 27 cl 0 sigma 0.10762  G 2.14171410e-01 -2.26140022e-01 -5.68151474e-01 1.00000000e+00
# EVENT 232  nrows 31  ncols 4  params[x y z ot]  hypo -3.5995 -7.7741 1.0524
232 P st 5 cl 0 sigma 0.17627  G 5.77569008e-03 -1.57570839e-01 3.99708748e-02 1.00000000e+00
232 P st 7 cl 0 sigma 0.17627  G 1.17754936e-01 -9.32693481e-02 6.15537167e-02 1.00000000e+00
232 P st 12 cl 0 sigma 0.17627  G 4.70757484e-02 -1.53481960e-01 2.09569931e-02 1.00000000e+00
232 P st 13 cl 0 sigma 0.17627  G 2.75790691e-02 -1.57326460e-01 2.87830830e-02 1.00000000e+00
232 P st 16 cl 0 sigma 0.17627  G -1.40804052e-01 -4.12106514e-02 7.44581223e-02 1.00000000e+00
232 P st 19 cl 0 sigma 0.17627  G 9.58085060e-02 -1.27208233e-01 3.17811966e-02 1.00000000e+00
232 P st 20 cl 0 sigma 0.17627  G -1.28984451e-02 -4.60624695e-02 1.52108073e-01 1.00000000e+00
232 P st 30 cl 0 sigma 0.17627  G 9.04798508e-02 -1.32441521e-01 2.27928162e-02 1.00000000e+00
232 P st 31 cl 0 sigma 0.17627  G -7.21573830e-02 -1.43396854e-01 2.05755234e-02 1.00000000e+00
232 P st 33 cl 0 sigma 0.17627  G 1.32763386e-01 -9.05394554e-02 1.74999237e-02 1.00000000e+00
232 P st 38 cl 0 sigma 0.17627  G 1.51896477e-01 -4.08053398e-02 4.21643257e-02 1.00000000e+00
232 P st 39 cl 0 sigma 0.17627  G -1.59859657e-01 -8.29696655e-03 2.52127647e-02 1.00000000e+00
232 P st 40 cl 0 sigma 0.17627  G 1.58846378e-01 1.85310841e-02 2.70962715e-02 1.00000000e+00
232 P st 41 cl 0 sigma 0.17627  G 1.37048960e-01 6.56843185e-02 5.88655472e-02 1.00000000e+00
232 P st 42 cl 0 sigma 0.17627  G -7.64429569e-02 3.06963921e-02 1.35719776e-01 1.00000000e+00
232 P st 43 cl 0 sigma 0.17627  G -7.63416290e-02 1.03825331e-01 9.69350338e-02 1.00000000e+00
232 P st 44 cl 0 sigma 0.17627  G 1.44529343e-01 6.96063042e-02 2.25543976e-02 1.00000000e+00
232 P st 45 cl 0 sigma 0.17627  G -9.64641571e-02 1.24216080e-01 4.10318375e-02 1.00000000e+00
232 P st 46 cl 0 sigma 0.17627  G -2.61425972e-02 -1.56235695e-01 3.73184681e-02 1.00000000e+00
232 S st 7 cl 1 sigma 0.13790  G 2.03740597e-01 -1.61349773e-01 1.06489658e-01 1.00000000e+00
232 S st 12 cl 1 sigma 0.13790  G 8.14199448e-02 -2.65514851e-01 3.62634659e-02 1.00000000e+00
232 S st 16 cl 1 sigma 0.13790  G -2.43592262e-01 -7.12931156e-02 1.28811598e-01 1.00000000e+00
232 S st 19 cl 0 sigma 0.10762  G 1.65724754e-01 -2.20072269e-01 5.49912453e-02 1.00000000e+00
232 S st 20 cl 0 sigma 0.10762  G -2.23159790e-02 -7.96973705e-02 2.63142586e-01 1.00000000e+00
232 S st 31 cl 1 sigma 0.13790  G -1.24824047e-01 -2.48086452e-01 3.55958939e-02 1.00000000e+00
232 S st 39 cl 1 sigma 0.13790  G -2.76541710e-01 -1.43766403e-02 4.36067581e-02 1.00000000e+00
232 S st 40 cl 0 sigma 0.10762  G 2.74801254e-01 3.20315361e-02 4.68730927e-02 1.00000000e+00
232 S st 41 cl 1 sigma 0.13790  G 2.37083435e-01 1.13630295e-01 1.01840496e-01 1.00000000e+00
232 S st 42 cl 1 sigma 0.13790  G -1.32238865e-01 5.31077385e-02 2.34782696e-01 1.00000000e+00
232 S st 44 cl 1 sigma 0.13790  G 2.50029564e-01 1.20425224e-01 3.90291214e-02 1.00000000e+00
232 S st 45 cl 1 sigma 0.13790  G -1.66881084e-01 2.14898586e-01 7.09772110e-02 1.00000000e+00
# EVENT 233  nrows 31  ncols 4  params[x y z ot]  hypo -4.0299 -6.7729 -0.0297
233 P st 5 cl 0 sigma 0.17627  G -5.53727150e-03 -1.74182653e-01 4.67777252e-02 1.00000000e+00
233 P st 7 cl 0 sigma 0.17627  G 1.42610073e-01 -8.52525234e-02 6.44207001e-02 1.00000000e+00
233 P st 12 cl 0 sigma 0.17627  G 4.74572182e-02 -1.61528587e-01 1.68085098e-03 1.00000000e+00
233 P st 13 cl 0 sigma 0.17627  G 2.44319439e-02 -1.73169374e-01 3.59356403e-02 1.00000000e+00
233 P st 16 cl 0 sigma 0.17627  G -1.68985128e-01 -5.97834587e-03 5.88715076e-02 1.00000000e+00
233 P st 17 cl 0 sigma 0.17627  G -1.55615807e-01 7.83324242e-02 3.21269035e-02 1.00000000e+00
233 P st 19 cl 0 sigma 0.17627  G 1.10590458e-01 -1.36166811e-01 3.97682190e-02 1.00000000e+00
233 P st 20 cl 0 sigma 0.17627  G -5.65558672e-02 3.53515148e-02 1.71068311e-01 1.00000000e+00
233 P st 25 cl 0 sigma 0.17627  G -2.83002853e-02 -1.58679485e-01 -7.97867775e-02 1.00000000e+00
233 P st 28 cl 0 sigma 0.17627  G -4.35471535e-02 -1.57225132e-01 -4.53948975e-02 1.00000000e+00
233 P st 29 cl 0 sigma 0.17627  G -1.09612942e-01 -1.18482113e-01 -7.45654106e-02 1.00000000e+00
233 P st 30 cl 0 sigma 0.17627  G 9.97304916e-02 -1.39284134e-01 1.65462494e-02 1.00000000e+00
233 P st 31 cl 0 sigma 0.17627  G -8.55445862e-02 -1.40929222e-01 -1.31487846e-02 1.00000000e+00
233 P st 34 cl 0 sigma 0.17627  G 7.14421272e-02 -1.58625841e-01 4.84049320e-02 1.00000000e+00
233 P st 35 cl 0 sigma 0.17627  G -1.42693520e-01 -7.85350800e-02 -4.55617905e-02 1.00000000e+00
233 P st 36 cl 0 sigma 0.17627  G 1.65593624e-01 -4.46200371e-02 2.33888626e-02 1.00000000e+00
233 P st 37 cl 0 sigma 0.17627  G -1.64443254e-01 -5.97774982e-02 3.60310078e-02 1.00000000e+00
233 P st 39 cl 0 sigma 0.17627  G -1.67202950e-01 8.14199448e-03 1.84774399e-03 1.00000000e+00
233 P st 40 cl 0 sigma 0.17627  G 1.68073177e-01 4.00364399e-02 2.41398811e-02 1.00000000e+00
233 P st 41 cl 0 sigma 0.17627  G 1.37084723e-01 1.03574991e-01 5.15222549e-02 1.00000000e+00
233 P st 42 cl 0 sigma 0.17627  G -1.17504597e-01 9.55164433e-02 9.69886780e-02 1.00000000e+00
233 P st 43 cl 0 sigma 0.17627  G -9.22441483e-02 1.41078234e-01 6.10768795e-02 1.00000000e+00
233 P st 44 cl 0 sigma 0.17627  G 1.40869617e-01 8.66174698e-02 -1.16229057e-02 1.00000000e+00
233 S st 13 cl 1 sigma 0.13790  G 4.22596931e-02 -2.99584866e-01 6.21795654e-02 1.00000000e+00
233 S st 16 cl 1 sigma 0.13790  G -2.92348862e-01 -1.03354454e-02 1.01852417e-01 1.00000000e+00
233 S st 17 cl 1 sigma 0.13790  G -2.69222260e-01 1.35493279e-01 5.55515289e-02 1.00000000e+00
233 S st 19 cl 1 sigma 0.13790  G 1.91318989e-01 -2.35581398e-01 6.87956810e-02 1.00000000e+00
233 S st 20 cl 0 sigma 0.10762  G -9.78529453e-02 6.11603260e-02 2.95948982e-01 1.00000000e+00
233 S st 36 cl 0 sigma 0.10762  G 2.86471844e-01 -7.71760941e-02 4.04715538e-02 1.00000000e+00
233 S st 43 cl 1 sigma 0.13790  G -1.59585476e-01 2.44069099e-01 1.05655193e-01 1.00000000e+00
233 S st 44 cl 1 sigma 0.13790  G 2.43699551e-01 1.49846077e-01 -2.00986862e-02 1.00000000e+00
# EVENT 234  nrows 23  ncols 4  params[x y z ot]  hypo -3.0732 3.6325 1.6103
234 P st 7 cl 0 sigma 0.17627  G 7.28070736e-02 1.39927864e-01 3.67879868e-02 1.00000000e+00
234 P st 10 cl 0 sigma 0.17627  G 1.41322613e-01 -6.82234764e-02 4.00781631e-02 1.00000000e+00
234 P st 12 cl 0 sigma 0.17627  G 1.25509501e-01 2.80737877e-02 9.82522964e-02 1.00000000e+00
234 P st 13 cl 0 sigma 0.17627  G 7.25150108e-02 1.06716156e-01 1.04546547e-01 1.00000000e+00
234 P st 20 cl 0 sigma 0.17627  G 5.17368317e-03 1.58810616e-01 3.15070152e-02 1.00000000e+00
234 P st 24 cl 0 sigma 0.17627  G 8.84652138e-02 -1.25205517e-01 5.51342964e-02 1.00000000e+00
234 P st 25 cl 0 sigma 0.17627  G -4.73260880e-02 -1.40309334e-01 6.51657581e-02 1.00000000e+00
234 P st 28 cl 0 sigma 0.17627  G -8.19027424e-02 -3.94999981e-02 1.28573179e-01 1.00000000e+00
234 P st 30 cl 0 sigma 0.17627  G 1.41912699e-01 5.92410564e-02 5.44846058e-02 1.00000000e+00
234 P st 31 cl 1 sigma 0.40238  G -1.35278702e-01 4.22239304e-02 8.08000565e-02 1.00000000e+00
234 P st 33 cl 0 sigma 0.17627  G 1.49679184e-01 5.48362732e-02 2.75492668e-02 1.00000000e+00
234 P st 36 cl 1 sigma 0.40238  G 1.23059750e-01 1.01745129e-01 2.64286995e-02 1.00000000e+00
234 P st 37 cl 0 sigma 0.17627  G -9.79304314e-02 1.24263763e-01 3.44753265e-02 1.00000000e+00
234 P st 38 cl 0 sigma 0.17627  G 9.35316086e-02 1.29008293e-01 2.80976295e-02 1.00000000e+00
234 P st 41 cl 0 sigma 0.17627  G 5.80072403e-02 1.49226189e-01 2.21133232e-02 1.00000000e+00
234 P st 46 cl 0 sigma 0.17627  G -1.96516514e-02 1.34944916e-01 8.51571560e-02 1.00000000e+00
234 S st 7 cl 1 sigma 0.13790  G 1.25920773e-01 2.42078304e-01 6.36577606e-02 1.00000000e+00
234 S st 12 cl 1 sigma 0.13790  G 2.17121840e-01 4.85777855e-02 1.69986486e-01 1.00000000e+00
234 S st 24 cl 1 sigma 0.13790  G 1.53028965e-01 -2.16591358e-01 9.53793526e-02 1.00000000e+00
234 S st 33 cl 1 sigma 0.13790  G 2.58970261e-01 9.48429108e-02 4.76360321e-02 1.00000000e+00
234 S st 36 cl 1 sigma 0.13790  G 2.12907791e-01 1.76000595e-01 4.57286835e-02 1.00000000e+00
234 S st 37 cl 1 sigma 0.13790  G -1.69444084e-01 2.14970112e-01 5.96284866e-02 1.00000000e+00
234 S st 38 cl 1 sigma 0.13790  G 1.61838531e-01 2.23159790e-01 4.86135483e-02 1.00000000e+00
# EVENT 235  nrows 29  ncols 4  params[x y z ot]  hypo -8.3770 -5.0695 -0.7587
235 P st 5 cl 0 sigma 0.17627  G -1.33246183e-01 -1.19054317e-01 2.69472599e-02 1.00000000e+00
235 P st 7 cl 0 sigma 0.17627  G -1.20505691e-01 -4.56750393e-02 1.25575066e-01 1.00000000e+00
235 P st 10 cl 1 sigma 0.40238  G 3.72648239e-02 -1.70886517e-01 -7.15255737e-03 1.00000000e+00
235 P st 13 cl 0 sigma 0.17627  G -8.89658928e-02 -1.55127048e-01 2.51889229e-02 1.00000000e+00
235 P st 16 cl 0 sigma 0.17627  G -1.76435709e-01 3.13043594e-02 2.02059746e-02 1.00000000e+00
235 P st 20 cl 0 sigma 0.17627  G -1.63835287e-01 6.88612461e-02 3.04102898e-02 1.00000000e+00
235 P st 21 cl 0 sigma 0.17627  G -4.62889671e-02 -1.54387951e-01 -8.48770142e-02 1.00000000e+00
235 P st 23 cl 1 sigma 0.40238  G 5.89013100e-02 -1.51276588e-01 -8.05258751e-02 1.00000000e+00
235 P st 25 cl 0 sigma 0.17627  G -7.34329224e-02 -1.46174431e-01 -7.53521919e-02 1.00000000e+00
235 P st 27 cl 0 sigma 0.17627  G 8.20279121e-02 -1.58226490e-01 1.30057335e-02 1.00000000e+00
235 P st 30 cl 0 sigma 0.17627  G 3.41475010e-02 -1.75249577e-01 2.78174877e-02 1.00000000e+00
235 P st 31 cl 0 sigma 0.17627  G -1.41000748e-01 -1.04856491e-01 1.15633011e-03 1.00000000e+00
235 P st 34 cl 0 sigma 0.17627  G -8.91506672e-02 -1.51395798e-01 3.93211842e-02 1.00000000e+00
235 P st 36 cl 0 sigma 0.17627  G 1.74134970e-01 -2.59637833e-02 3.70442867e-02 1.00000000e+00
235 P st 37 cl 0 sigma 0.17627  G -1.77097321e-01 -1.36613846e-02 1.11699104e-02 1.00000000e+00
235 P st 38 cl 0 sigma 0.17627  G 1.33621693e-01 7.55101442e-02 8.11487436e-02 1.00000000e+00
235 P st 40 cl 0 sigma 0.17627  G 1.34068727e-01 1.17522478e-01 2.89618969e-02 1.00000000e+00
235 P st 41 cl 0 sigma 0.17627  G 8.82148743e-04 1.77353621e-01 3.36170197e-02 1.00000000e+00
235 P st 42 cl 1 sigma 0.40238  G -1.58357620e-01 8.31604004e-02 2.46584415e-02 1.00000000e+00
235 P st 44 cl 0 sigma 0.17627  G 9.74833965e-02 1.50340796e-01 2.08497047e-02 1.00000000e+00
235 S st 20 cl 0 sigma 0.10762  G -2.83420086e-01 1.19137764e-01 5.25951385e-02 1.00000000e+00
235 S st 25 cl 0 sigma 0.10762  G -1.27005577e-01 -2.52914429e-01 -1.30367279e-01 1.00000000e+00
235 S st 27 cl 1 sigma 0.13790  G 1.41930580e-01 -2.73728371e-01 2.25067139e-02 1.00000000e+00
235 S st 30 cl 1 sigma 0.13790  G 5.90801239e-02 -3.03184986e-01 4.81128693e-02 1.00000000e+00
235 S st 31 cl 1 sigma 0.13790  G -2.43926048e-01 -1.81436539e-01 2.02655792e-03 1.00000000e+00
235 S st 34 cl 0 sigma 0.10762  G -1.54215097e-01 -2.61920691e-01 6.80208206e-02 1.00000000e+00
235 S st 36 cl 1 sigma 0.13790  G 3.01241875e-01 -4.49061394e-02 6.40988350e-02 1.00000000e+00
235 S st 40 cl 0 sigma 0.10762  G 2.31933594e-01 2.03299522e-01 5.01036644e-02 1.00000000e+00
235 S st 44 cl 0 sigma 0.10762  G 1.68657303e-01 2.60066986e-01 3.60608101e-02 1.00000000e+00
# EVENT 236  nrows 21  ncols 4  params[x y z ot]  hypo 0.0761 -3.4734 -0.8305
236 P st 5 cl 0 sigma 0.17627  G 1.50662661e-01 -9.41395760e-02 3.37362289e-02 1.00000000e+00
236 P st 7 cl 0 sigma 0.17627  G 1.76686049e-01 2.98440456e-02 2.28226185e-02 1.00000000e+00
236 P st 11 cl 0 sigma 0.17627  G 1.29055977e-01 -1.21390820e-01 -1.31130219e-04 1.00000000e+00
236 P st 13 cl 0 sigma 0.17627  G 1.39456987e-01 -1.12271309e-01 2.52008438e-02 1.00000000e+00
236 P st 19 cl 0 sigma 0.17627  G 1.73735619e-01 -4.43696976e-02 2.05039978e-02 1.00000000e+00
236 P st 20 cl 0 sigma 0.17627  G 1.22779608e-01 1.28972530e-01 3.19004059e-02 1.00000000e+00
236 P st 26 cl 0 sigma 0.17627  G -7.67588615e-02 -1.57797337e-01 -1.56044960e-02 1.00000000e+00
236 P st 29 cl 0 sigma 0.17627  G -1.09958649e-01 -1.41620636e-01 2.05874443e-02 1.00000000e+00
236 P st 31 cl 0 sigma 0.17627  G -4.13894653e-02 -1.73860788e-01 2.76923180e-02 1.00000000e+00
236 P st 32 cl 1 sigma 0.40238  G -1.60992146e-01 -7.86185265e-02 1.75595284e-02 1.00000000e+00
236 P st 33 cl 1 sigma 0.40238  G 1.65987015e-01 -3.45945358e-02 -5.52296638e-02 1.00000000e+00
236 P st 36 cl 0 sigma 0.17627  G 1.76024437e-01 1.28149986e-02 -5.67436218e-03 1.00000000e+00
236 P st 37 cl 0 sigma 0.17627  G -1.70373917e-01 4.02390957e-02 4.89056110e-02 1.00000000e+00
236 P st 40 cl 0 sigma 0.17627  G 1.60098076e-01 6.73174858e-02 -3.11970711e-02 1.00000000e+00
236 P st 41 cl 0 sigma 0.17627  G 1.41322613e-01 1.10054016e-01 1.67012215e-02 1.00000000e+00
236 P st 44 cl 0 sigma 0.17627  G 1.37555599e-01 9.26613808e-02 -7.34806061e-02 1.00000000e+00
236 P st 46 cl 0 sigma 0.17627  G 1.20255351e-01 -1.29052997e-01 4.11659479e-02 1.00000000e+00
236 S st 13 cl 1 sigma 0.13790  G 2.41267681e-01 -1.94227695e-01 4.35948372e-02 1.00000000e+00
236 S st 19 cl 1 sigma 0.13790  G 3.00574303e-01 -7.67350197e-02 3.54766846e-02 1.00000000e+00
236 S st 36 cl 1 sigma 0.13790  G 3.04508209e-01 2.21490860e-02 -9.84668732e-03 1.00000000e+00
236 S st 44 cl 1 sigma 0.13790  G 2.37989426e-01 1.60312653e-01 -1.27100945e-01 1.00000000e+00
# EVENT 237  nrows 25  ncols 4  params[x y z ot]  hypo 0.9532 -3.2171 0.4534
237 P st 5 cl 0 sigma 0.17627  G 1.46472454e-01 -6.69777393e-02 4.13775444e-02 1.00000000e+00
237 P st 7 cl 0 sigma 0.17627  G 1.59537792e-01 2.90095806e-02 -4.56213951e-02 1.00000000e+00
237 P st 13 cl 0 sigma 0.17627  G 1.36405230e-01 -8.80539417e-02 -1.17540359e-02 1.00000000e+00
237 P st 16 cl 0 sigma 0.17627  G 2.63541937e-02 1.48823857e-01 8.59230757e-02 1.00000000e+00
237 P st 20 cl 0 sigma 0.17627  G 1.20186806e-01 1.07991695e-01 2.88128853e-02 1.00000000e+00
237 P st 21 cl 1 sigma 0.40238  G 3.17215919e-02 -1.58011913e-01 -8.41736794e-02 1.00000000e+00
237 P st 29 cl 0 sigma 0.17627  G -9.10043716e-02 -1.34420395e-01 -3.23176384e-02 1.00000000e+00
237 P st 31 cl 0 sigma 0.17627  G -1.41441822e-02 -1.60455704e-01 3.63349915e-02 1.00000000e+00
237 P st 33 cl 1 sigma 0.40238  G 1.58643723e-01 -2.84790993e-02 -8.41617584e-02 1.00000000e+00
237 P st 34 cl 0 sigma 0.17627  G 1.58625841e-01 -3.45706940e-02 -1.64330006e-02 1.00000000e+00
237 P st 35 cl 0 sigma 0.17627  G -1.49762630e-01 -6.11662865e-02 2.82049179e-02 1.00000000e+00
237 P st 37 cl 0 sigma 0.17627  G -1.14774704e-01 5.20169735e-02 1.16819143e-01 1.00000000e+00
237 P st 38 cl 0 sigma 0.17627  G 1.56354904e-01 3.98993492e-02 -8.02993774e-02 1.00000000e+00
237 P st 39 cl 0 sigma 0.17627  G -1.27989054e-01 9.95993614e-02 1.27851963e-02 1.00000000e+00
237 P st 40 cl 0 sigma 0.17627  G 1.48999691e-01 6.14166260e-02 -8.41021538e-02 1.00000000e+00
237 P st 41 cl 0 sigma 0.17627  G 1.30105019e-01 9.53912735e-02 -8.06927681e-02 1.00000000e+00
237 P st 43 cl 0 sigma 0.17627  G 5.28514385e-02 1.53505802e-01 -1.81674957e-02 1.00000000e+00
237 P st 46 cl 0 sigma 0.17627  G 1.28352642e-01 -9.23037529e-02 6.83367252e-02 1.00000000e+00
237 S st 13 cl 1 sigma 0.13790  G 2.35974789e-01 -1.52325630e-01 -2.03251839e-02 1.00000000e+00
237 S st 31 cl 1 sigma 0.13790  G -2.44736671e-02 -2.77602673e-01 6.28590584e-02 1.00000000e+00
237 S st 34 cl 1 sigma 0.13790  G 2.74407864e-01 -5.97953796e-02 -2.84194946e-02 1.00000000e+00
237 S st 35 cl 1 sigma 0.13790  G -2.59101391e-01 -1.05810165e-01 4.87804413e-02 1.00000000e+00
237 S st 38 cl 1 sigma 0.13790  G 2.70533562e-01 6.90221786e-02 -1.38902664e-01 1.00000000e+00
237 S st 39 cl 1 sigma 0.13790  G -2.21395493e-01 1.72305107e-01 2.21490860e-02 1.00000000e+00
237 S st 40 cl 1 sigma 0.13790  G 2.57778168e-01 1.06239319e-01 -1.45530701e-01 1.00000000e+00
# EVENT 238  nrows 50  ncols 4  params[x y z ot]  hypo 1.8274 -3.7731 2.4008
238 P st 5 cl 0 sigma 0.17627  G 1.28006935e-01 -6.20603561e-02 7.19368458e-02 1.00000000e+00
238 P st 7 cl 0 sigma 0.17627  G 1.52599812e-01 1.59621239e-02 4.75525856e-02 1.00000000e+00
238 P st 10 cl 0 sigma 0.17627  G 1.20127201e-01 -1.04737282e-01 2.37464905e-02 1.00000000e+00
238 P st 11 cl 0 sigma 0.17627  G 1.22511387e-01 -1.00016594e-01 2.98738480e-02 1.00000000e+00
238 P st 12 cl 0 sigma 0.17627  G 1.24239922e-01 -9.40918922e-02 3.96013260e-02 1.00000000e+00
238 P st 13 cl 0 sigma 0.17627  G 1.27017498e-01 -8.18312168e-02 5.42342663e-02 1.00000000e+00
238 P st 15 cl 0 sigma 0.17627  G 9.65893269e-02 3.65197659e-02 1.19924545e-01 1.00000000e+00
238 P st 16 cl 0 sigma 0.17627  G 4.73618507e-02 9.12725925e-02 1.21796131e-01 1.00000000e+00
238 P st 19 cl 0 sigma 0.17627  G 1.51371956e-01 -3.64780426e-02 4.12583351e-02 1.00000000e+00
238 P st 21 cl 0 sigma 0.17627  G 3.76939774e-02 -1.55174732e-01 2.14338303e-02 1.00000000e+00
238 P st 23 cl 0 sigma 0.17627  G 1.20687485e-01 -1.05261803e-01 1.84059143e-02 1.00000000e+00
238 P st 24 cl 0 sigma 0.17627  G 8.95023346e-02 -1.31499767e-01 2.61068344e-02 1.00000000e+00
238 P st 25 cl 0 sigma 0.17627  G 3.52859497e-02 -1.53875351e-01 3.14831734e-02 1.00000000e+00
238 P st 26 cl 0 sigma 0.17627  G -4.98175621e-02 -1.49691105e-01 3.29971313e-02 1.00000000e+00
238 P st 27 cl 0 sigma 0.17627  G 1.38723850e-01 -7.87138939e-02 2.28524208e-02 1.00000000e+00
238 P st 28 cl 0 sigma 0.17627  G 4.58359718e-02 -1.45053864e-01 5.04851341e-02 1.00000000e+00
238 P st 29 cl 0 sigma 0.17627  G -6.80088997e-02 -1.33907795e-01 5.58733940e-02 1.00000000e+00
238 P st 30 cl 0 sigma 0.17627  G 1.45184994e-01 -6.00337982e-02 3.49998474e-02 1.00000000e+00
238 P st 31 cl 0 sigma 0.17627  G 9.34004784e-03 -1.42014027e-01 7.52568245e-02 1.00000000e+00
238 P st 33 cl 0 sigma 0.17627  G 1.55949593e-01 -3.18527222e-02 2.46644020e-02 1.00000000e+00
238 P st 34 cl 0 sigma 0.17627  G 1.45810843e-01 -3.82900238e-02 5.33461571e-02 1.00000000e+00
238 P st 35 cl 0 sigma 0.17627  G -1.16765499e-01 -6.96659088e-02 8.48650932e-02 1.00000000e+00
238 P st 36 cl 0 sigma 0.17627  G 1.58393383e-01 6.89029694e-03 2.86817551e-02 1.00000000e+00
238 P st 37 cl 0 sigma 0.17627  G -4.67121601e-02 1.52468681e-02 1.50322914e-01 1.00000000e+00
238 P st 38 cl 0 sigma 0.17627  G 1.54364109e-01 2.92897224e-02 3.55720520e-02 1.00000000e+00
238 P st 39 cl 0 sigma 0.17627  G -1.06614828e-01 8.60214233e-02 8.42809677e-02 1.00000000e+00
238 P st 40 cl 0 sigma 0.17627  G 1.49917603e-01 5.23090363e-02 2.68578529e-02 1.00000000e+00
238 P st 41 cl 0 sigma 0.17627  G 1.33693218e-01 8.23736191e-02 3.62992287e-02 1.00000000e+00
238 P st 42 cl 0 sigma 0.17627  G 8.95977020e-02 1.08104944e-01 7.86960125e-02 1.00000000e+00
238 P st 43 cl 0 sigma 0.17627  G 6.65307045e-02 1.32590532e-01 6.18875027e-02 1.00000000e+00
238 P st 44 cl 0 sigma 0.17627  G 1.38175488e-01 7.93933868e-02 2.36392021e-02 1.00000000e+00
238 P st 45 cl 0 sigma 0.17627  G 1.98006630e-02 1.51789188e-01 4.73976135e-02 1.00000000e+00
238 P st 46 cl 0 sigma 0.17627  G 1.10191107e-01 -7.73668289e-02 8.63313675e-02 1.00000000e+00
238 S st 7 cl 0 sigma 0.10762  G 2.63988972e-01 2.76088715e-02 8.22424889e-02 1.00000000e+00
238 S st 15 cl 0 sigma 0.10762  G 1.67101622e-01 6.31868839e-02 2.07465887e-01 1.00000000e+00
238 S st 16 cl 0 sigma 0.10762  G 8.19444656e-02 1.57892704e-01 2.10702419e-01 1.00000000e+00
238 S st 19 cl 0 sigma 0.10762  G 2.61867046e-01 -6.31451607e-02 7.13944435e-02 1.00000000e+00
238 S st 24 cl 1 sigma 0.13790  G 1.54852867e-01 -2.27427483e-01 4.51087952e-02 1.00000000e+00
238 S st 25 cl 0 sigma 0.10762  G 6.10113144e-02 -2.66170502e-01 5.44786453e-02 1.00000000e+00
238 S st 30 cl 1 sigma 0.13790  G 2.51173973e-01 -1.03855133e-01 6.05583191e-02 1.00000000e+00
238 S st 31 cl 0 sigma 0.10762  G 1.61528587e-02 -2.45690346e-01 1.30188465e-01 1.00000000e+00
238 S st 33 cl 1 sigma 0.13790  G 2.69770622e-01 -5.50985336e-02 4.26769257e-02 1.00000000e+00
238 S st 34 cl 0 sigma 0.10762  G 2.52270699e-01 -6.62326813e-02 9.22799110e-02 1.00000000e+00
238 S st 36 cl 1 sigma 0.13790  G 2.73990631e-01 1.18970871e-02 4.96149063e-02 1.00000000e+00
238 S st 37 cl 1 sigma 0.13790  G -8.08119774e-02 2.63810158e-02 2.60055065e-01 1.00000000e+00
238 S st 38 cl 0 sigma 0.10762  G 2.67052650e-01 5.06877899e-02 6.15358353e-02 1.00000000e+00
238 S st 40 cl 0 sigma 0.10762  G 2.59375572e-01 9.05036926e-02 4.64677811e-02 1.00000000e+00
238 S st 42 cl 1 sigma 0.13790  G 1.54995918e-01 1.87015533e-01 1.36160851e-01 1.00000000e+00
238 S st 43 cl 1 sigma 0.13790  G 1.15096569e-01 2.29370594e-01 1.07049942e-01 1.00000000e+00
238 S st 44 cl 1 sigma 0.13790  G 2.39038467e-01 1.37352943e-01 4.08887863e-02 1.00000000e+00
# EVENT 239  nrows 34  ncols 4  params[x y z ot]  hypo 0.7545 -1.5712 -0.6827
239 P st 5 cl 0 sigma 0.17627  G 1.75523758e-01 -2.09510326e-02 3.36885452e-02 1.00000000e+00
239 P st 7 cl 0 sigma 0.17627  G 1.66958570e-01 6.46710396e-02 2.04324722e-02 1.00000000e+00
239 P st 13 cl 0 sigma 0.17627  G 1.66505575e-01 -6.41763210e-02 2.63333321e-02 1.00000000e+00
239 P st 15 cl 0 sigma 0.17627  G 8.96334648e-02 1.50331855e-01 3.88234854e-02 1.00000000e+00
239 P st 17 cl 0 sigma 0.17627  G -4.88042831e-02 1.72305107e-01 1.98125839e-02 1.00000000e+00
239 P st 19 cl 0 sigma 0.17627  G 1.78992748e-01 -5.49554825e-03 1.97529793e-02 1.00000000e+00
239 P st 20 cl 0 sigma 0.17627  G 1.07043982e-01 1.42908096e-01 2.46465206e-02 1.00000000e+00
239 P st 26 cl 0 sigma 0.17627  G -8.09550285e-02 -1.58596039e-01 1.37448311e-02 1.00000000e+00
239 P st 27 cl 0 sigma 0.17627  G 1.49095058e-01 -6.80446625e-02 -7.23242760e-02 1.00000000e+00
239 P st 28 cl 0 sigma 0.17627  G 4.42147255e-02 -1.72799826e-01 2.60710716e-02 1.00000000e+00
239 P st 29 cl 0 sigma 0.17627  G -1.21694803e-01 -1.30802393e-01 2.48789787e-02 1.00000000e+00
239 P st 30 cl 0 sigma 0.17627  G 1.73532963e-01 -4.21524048e-02 1.69157982e-02 1.00000000e+00
239 P st 31 cl 0 sigma 0.17627  G -3.07828188e-02 -1.72272325e-01 3.94761562e-02 1.00000000e+00
239 P st 36 cl 0 sigma 0.17627  G 1.66678429e-01 3.49283218e-02 -2.77757645e-02 1.00000000e+00
239 P st 37 cl 0 sigma 0.17627  G -1.16270781e-01 1.30134821e-01 4.36127186e-02 1.00000000e+00
239 P st 38 cl 0 sigma 0.17627  G 1.63471699e-01 6.73055649e-02 1.04069710e-02 1.00000000e+00
239 P st 39 cl 0 sigma 0.17627  G -1.23065710e-01 1.29717588e-01 2.28106976e-02 1.00000000e+00
239 P st 40 cl 0 sigma 0.17627  G 1.45304203e-01 7.85827637e-02 -6.46591187e-02 1.00000000e+00
239 P st 41 cl 0 sigma 0.17627  G 1.28316879e-01 1.19197369e-01 2.57492065e-03 1.00000000e+00
239 P st 42 cl 0 sigma 0.17627  G 6.70790672e-02 1.65581703e-01 2.41398811e-02 1.00000000e+00
239 P st 43 cl 0 sigma 0.17627  G 4.48822975e-02 1.73342228e-01 2.00748444e-02 1.00000000e+00
239 P st 45 cl 0 sigma 0.17627  G 2.34842300e-03 1.76799297e-01 1.14202499e-02 1.00000000e+00
239 S st 7 cl 1 sigma 0.13790  G 2.88832188e-01 1.11889839e-01 3.53574753e-02 1.00000000e+00
239 S st 15 cl 1 sigma 0.13790  G 1.55061483e-01 2.60072947e-01 6.71625137e-02 1.00000000e+00
239 S st 17 cl 1 sigma 0.13790  G -8.44240189e-02 2.98070908e-01 3.42607498e-02 1.00000000e+00
239 S st 20 cl 1 sigma 0.13790  G 1.85179710e-01 2.47240067e-01 4.26292419e-02 1.00000000e+00
239 S st 27 cl 1 sigma 0.13790  G 2.57945061e-01 -1.17754936e-01 -1.25098228e-01 1.00000000e+00
239 S st 29 cl 1 sigma 0.13790  G -2.10523605e-01 -2.26283073e-01 4.30345535e-02 1.00000000e+00
239 S st 31 cl 0 sigma 0.10762  G -5.32627106e-02 -2.98029184e-01 6.82950020e-02 1.00000000e+00
239 S st 37 cl 0 sigma 0.10762  G -2.01153755e-01 2.25138664e-01 7.54475594e-02 1.00000000e+00
239 S st 40 cl 1 sigma 0.13790  G 2.51364708e-01 1.35922432e-01 -1.11865997e-01 1.00000000e+00
239 S st 41 cl 1 sigma 0.13790  G 2.22015381e-01 2.06232071e-01 4.45842743e-03 1.00000000e+00
239 S st 42 cl 1 sigma 0.13790  G 1.16038322e-01 2.86459923e-01 4.17470932e-02 1.00000000e+00
239 S st 43 cl 1 sigma 0.13790  G 7.76529312e-02 2.99882889e-01 3.47137451e-02 1.00000000e+00
# EVENT 240  nrows 38  ncols 4  params[x y z ot]  hypo -6.0586 -6.6811 1.0274
240 P st 5 cl 0 sigma 0.17627  G -5.71429729e-02 -1.46186352e-01 4.60863113e-02 1.00000000e+00
240 P st 7 cl 0 sigma 0.17627  G 5.96016645e-02 -8.43822956e-02 1.21015310e-01 1.00000000e+00
240 P st 10 cl 0 sigma 0.17627  G 5.40494919e-02 -1.51526928e-01 1.49965286e-02 1.00000000e+00
240 P st 12 cl 0 sigma 0.17627  G 1.31547451e-02 -1.59651041e-01 2.52723694e-02 1.00000000e+00
240 P st 13 cl 0 sigma 0.17627  G -2.08795071e-02 -1.57189369e-01 3.50356102e-02 1.00000000e+00
240 P st 15 cl 0 sigma 0.17627  G -1.44690275e-01 -5.24759293e-02 5.73277473e-02 1.00000000e+00
240 P st 16 cl 0 sigma 0.17627  G -1.56903267e-01 -1.54972076e-03 4.30703163e-02 1.00000000e+00
240 P st 17 cl 0 sigma 0.17627  G -1.48713589e-01 6.00337982e-02 2.39133835e-02 1.00000000e+00
240 P st 19 cl 0 sigma 0.17627  G 6.36637211e-02 -1.41561031e-01 4.92274761e-02 1.00000000e+00
240 P st 20 cl 0 sigma 0.17627  G -1.16926432e-01 2.08556652e-02 1.14899874e-01 1.00000000e+00
240 P st 24 cl 1 sigma 0.40238  G 8.57114792e-03 -1.60646439e-01 1.40786171e-02 1.00000000e+00
240 P st 26 cl 0 sigma 0.17627  G -9.94682312e-02 -1.26576424e-01 1.17063522e-02 1.00000000e+00
240 P st 27 cl 0 sigma 0.17627  G 8.72254372e-02 -1.35087967e-01 1.63197517e-02 1.00000000e+00
240 P st 29 cl 0 sigma 0.17627  G -1.20496750e-01 -1.06596947e-01 1.46389008e-02 1.00000000e+00
240 P st 30 cl 0 sigma 0.17627  G 6.63697720e-02 -1.44821405e-01 3.10003757e-02 1.00000000e+00
240 P st 31 cl 0 sigma 0.17627  G -1.03402138e-01 -1.22940540e-01 1.96456909e-02 1.00000000e+00
240 P st 33 cl 0 sigma 0.17627  G 1.28149986e-01 -9.64641571e-02 2.28643417e-02 1.00000000e+00
240 P st 36 cl 0 sigma 0.17627  G 1.49899721e-01 -5.04970551e-02 3.93509865e-02 1.00000000e+00
240 P st 37 cl 0 sigma 0.17627  G -1.54405832e-01 -4.21226025e-02 2.54809856e-02 1.00000000e+00
240 P st 38 cl 0 sigma 0.17627  G 1.43706799e-01 -2.31504440e-02 7.87973404e-02 1.00000000e+00
240 P st 39 cl 0 sigma 0.17627  G -1.60491467e-01 7.70092010e-03 1.90496445e-02 1.00000000e+00
240 P st 40 cl 0 sigma 0.17627  G 1.49923563e-01 4.87565994e-02 3.94403934e-02 1.00000000e+00
240 P st 41 cl 0 sigma 0.17627  G 8.21709633e-02 1.19042397e-01 7.97510147e-02 1.00000000e+00
240 P st 42 cl 0 sigma 0.17627  G -1.33097172e-01 5.69164753e-02 7.39753246e-02 1.00000000e+00
240 P st 43 cl 0 sigma 0.17627  G -1.17284060e-01 1.00713968e-01 5.10215759e-02 1.00000000e+00
240 P st 44 cl 0 sigma 0.17627  G 1.24633312e-01 1.00344419e-01 2.75492668e-02 1.00000000e+00
240 P st 45 cl 0 sigma 0.17627  G -1.14464760e-01 1.11734867e-01 2.67744064e-02 1.00000000e+00
240 S st 5 cl 1 sigma 0.13790  G -9.88364220e-02 -2.52914429e-01 7.97271729e-02 1.00000000e+00
240 S st 12 cl 0 sigma 0.10762  G 2.27689743e-02 -2.76184082e-01 4.37259674e-02 1.00000000e+00
240 S st 16 cl 1 sigma 0.13790  G -2.71439552e-01 -2.68220901e-03 7.45058060e-02 1.00000000e+00
240 S st 27 cl 0 sigma 0.10762  G 1.50895119e-01 -2.33697891e-01 2.82287598e-02 1.00000000e+00
240 S st 29 cl 1 sigma 0.13790  G -2.08473206e-01 -1.84392929e-01 2.53200531e-02 1.00000000e+00
240 S st 33 cl 0 sigma 0.10762  G 2.21693516e-01 -1.66869164e-01 3.95655632e-02 1.00000000e+00
240 S st 37 cl 1 sigma 0.13790  G -2.67112255e-01 -7.28964806e-02 4.40835953e-02 1.00000000e+00
240 S st 39 cl 1 sigma 0.13790  G -2.77686119e-01 1.33275986e-02 3.29732895e-02 1.00000000e+00
240 S st 40 cl 0 sigma 0.10762  G 2.59375572e-01 8.43405724e-02 6.82353973e-02 1.00000000e+00
240 S st 41 cl 0 sigma 0.10762  G 1.42157078e-01 2.05934048e-01 1.37948990e-01 1.00000000e+00
240 S st 44 cl 0 sigma 0.10762  G 2.15601921e-01 1.73604488e-01 4.76598740e-02 1.00000000e+00
# EVENT 241  nrows 22  ncols 4  params[x y z ot]  hypo -6.8428 -6.5335 1.4758
241 P st 5 cl 0 sigma 0.17627  G -7.29084015e-02 -1.34146214e-01 4.42028046e-02 1.00000000e+00
241 P st 7 cl 0 sigma 0.17627  G 2.45273113e-02 -7.49826431e-02 1.30486488e-01 1.00000000e+00
241 P st 13 cl 0 sigma 0.17627  G -3.69071960e-02 -1.51067972e-01 3.50356102e-02 1.00000000e+00
241 P st 15 cl 0 sigma 0.17627  G -1.44904852e-01 -4.13596630e-02 4.87387180e-02 1.00000000e+00
241 P st 19 cl 0 sigma 0.17627  G 4.40180302e-02 -1.41406059e-01 5.41031361e-02 1.00000000e+00
241 P st 20 cl 0 sigma 0.17627  G -1.17301941e-01 2.11954117e-02 9.16421413e-02 1.00000000e+00
241 P st 30 cl 0 sigma 0.17627  G 5.31375408e-02 -1.46704912e-01 3.33726406e-02 1.00000000e+00
241 P st 31 cl 0 sigma 0.17627  G -1.09827518e-01 -1.16240978e-01 1.88827515e-02 1.00000000e+00
241 P st 36 cl 0 sigma 0.17627  G 1.42794847e-01 -5.09023666e-02 4.64320183e-02 1.00000000e+00
241 P st 37 cl 0 sigma 0.17627  G -1.54840946e-01 -3.66091728e-02 2.32219696e-02 1.00000000e+00
241 P st 38 cl 0 sigma 0.17627  G 1.16384029e-01 -1.79886818e-02 9.95993614e-02 1.00000000e+00
241 P st 40 cl 0 sigma 0.17627  G 1.41572952e-01 5.58376312e-02 4.56035137e-02 1.00000000e+00
241 P st 41 cl 0 sigma 0.17627  G 5.12063503e-02 1.16336346e-01 8.56757164e-02 1.00000000e+00
241 P st 42 cl 0 sigma 0.17627  G -1.36083364e-01 5.29050827e-02 6.07848167e-02 1.00000000e+00
241 P st 44 cl 0 sigma 0.17627  G 1.15525723e-01 1.07389688e-01 2.97367573e-02 1.00000000e+00
241 S st 13 cl 1 sigma 0.13790  G -6.38604164e-02 -2.61342525e-01 6.05940819e-02 1.00000000e+00
241 S st 15 cl 1 sigma 0.13790  G -2.50697136e-01 -7.15494156e-02 8.43048096e-02 1.00000000e+00
241 S st 20 cl 1 sigma 0.13790  G -2.02935934e-01 3.66628170e-02 1.58542395e-01 1.00000000e+00
241 S st 36 cl 1 sigma 0.13790  G 2.47037411e-01 -8.80479813e-02 8.03112984e-02 1.00000000e+00
241 S st 40 cl 1 sigma 0.13790  G 2.44915485e-01 9.65952873e-02 7.88927078e-02 1.00000000e+00
241 S st 41 cl 1 sigma 0.13790  G 8.85725021e-02 2.01272964e-01 1.48224831e-01 1.00000000e+00
241 S st 44 cl 0 sigma 0.10762  G 1.99854374e-01 1.85799599e-01 5.14507294e-02 1.00000000e+00
# EVENT 242  nrows 37  ncols 4  params[x y z ot]  hypo 0.3240 -3.6376 1.8815
242 P st 5 cl 0 sigma 0.17627  G 1.16187334e-01 -7.28547573e-02 7.75754452e-02 1.00000000e+00
242 P st 7 cl 0 sigma 0.17627  G 1.51890516e-01 2.16186047e-02 4.62949276e-02 1.00000000e+00
242 P st 11 cl 0 sigma 0.17627  G 1.16288662e-01 -1.08528137e-01 2.57253647e-02 1.00000000e+00
242 P st 12 cl 0 sigma 0.17627  G 1.16896629e-01 -1.04892254e-01 3.57747078e-02 1.00000000e+00
242 P st 13 cl 0 sigma 0.17627  G 1.17558241e-01 -9.38653946e-02 5.32388687e-02 1.00000000e+00
242 P st 15 cl 0 sigma 0.17627  G 6.79999590e-02 5.60730696e-02 1.34873390e-01 1.00000000e+00
242 P st 16 cl 0 sigma 0.17627  G -9.11951065e-04 1.00731850e-01 1.17707253e-01 1.00000000e+00
242 P st 17 cl 0 sigma 0.17627  G -6.02006912e-02 1.39200687e-01 5.01990318e-02 1.00000000e+00
242 P st 19 cl 0 sigma 0.17627  G 1.50966644e-01 -4.02808189e-02 3.88503075e-02 1.00000000e+00
242 P st 20 cl 0 sigma 0.17627  G 1.03086233e-01 9.66131687e-02 7.60138035e-02 1.00000000e+00
242 P st 25 cl 0 sigma 0.17627  G 1.82509422e-02 -1.58154964e-01 2.52246857e-02 1.00000000e+00
242 P st 27 cl 0 sigma 0.17627  G 1.36017799e-01 -8.41975212e-02 1.93595886e-02 1.00000000e+00
242 P st 28 cl 0 sigma 0.17627  G 2.15411186e-02 -1.52957439e-01 4.27365303e-02 1.00000000e+00
242 P st 29 cl 0 sigma 0.17627  G -9.10282135e-02 -1.25622749e-01 4.05669212e-02 1.00000000e+00
242 P st 31 cl 0 sigma 0.17627  G -2.70545483e-02 -1.43033266e-01 6.31332397e-02 1.00000000e+00
242 P st 36 cl 0 sigma 0.17627  G 1.58917904e-01 9.35792923e-03 2.51650810e-02 1.00000000e+00
242 P st 37 cl 0 sigma 0.17627  G -9.82880592e-02 1.94609165e-02 1.21253729e-01 1.00000000e+00
242 P st 38 cl 0 sigma 0.17627  G 1.53803825e-01 3.54051590e-02 3.22461128e-02 1.00000000e+00
242 P st 39 cl 0 sigma 0.17627  G -1.26844645e-01 7.89225101e-02 5.60939312e-02 1.00000000e+00
242 P st 40 cl 0 sigma 0.17627  G 1.48010254e-01 5.91874123e-02 2.30789185e-02 1.00000000e+00
242 P st 41 cl 0 sigma 0.17627  G 1.26910210e-01 9.36508179e-02 3.20196152e-02 1.00000000e+00
242 P st 42 cl 0 sigma 0.17627  G 6.16133213e-02 1.25640631e-01 7.58111477e-02 1.00000000e+00
242 P st 43 cl 0 sigma 0.17627  G 3.99470329e-02 1.45763159e-01 5.38587570e-02 1.00000000e+00
242 P st 44 cl 0 sigma 0.17627  G 1.34134293e-01 8.70823860e-02 1.98483467e-02 1.00000000e+00
242 P st 45 cl 0 sigma 0.17627  G -4.52995300e-03 1.56748295e-01 3.70740891e-02 1.00000000e+00
242 S st 15 cl 1 sigma 0.13790  G 1.17635727e-01 9.70005989e-02 2.33340263e-01 1.00000000e+00
242 S st 16 cl 1 sigma 0.13790  G -1.57952309e-03 1.74254179e-01 2.03645229e-01 1.00000000e+00
242 S st 20 cl 1 sigma 0.13790  G 1.78337097e-01 1.67131424e-01 1.31511688e-01 1.00000000e+00
242 S st 27 cl 1 sigma 0.13790  G 2.35295296e-01 -1.45649910e-01 3.34501266e-02 1.00000000e+00
242 S st 28 cl 1 sigma 0.13790  G 3.72648239e-02 -2.64608860e-01 7.39336014e-02 1.00000000e+00
242 S st 31 cl 0 sigma 0.10762  G -4.68015671e-02 -2.47442722e-01 1.09207630e-01 1.00000000e+00
242 S st 36 cl 1 sigma 0.13790  G 2.74896622e-01 1.62124634e-02 4.35352325e-02 1.00000000e+00
242 S st 37 cl 0 sigma 0.10762  G -1.70052052e-01 3.36647034e-02 2.09760666e-01 1.00000000e+00
242 S st 38 cl 1 sigma 0.13790  G 2.66075134e-01 6.12497330e-02 5.57661057e-02 1.00000000e+00
242 S st 39 cl 1 sigma 0.13790  G -2.19464302e-01 1.36542320e-01 9.70602036e-02 1.00000000e+00
242 S st 40 cl 0 sigma 0.10762  G 2.56085396e-01 1.02376938e-01 3.99589539e-02 1.00000000e+00
242 S st 45 cl 1 sigma 0.13790  G -7.85589218e-03 2.71153450e-01 6.41226768e-02 1.00000000e+00
# EVENT 243  nrows 23  ncols 4  params[x y z ot]  hypo -5.7556 -2.2440 0.9084
243 P st 7 cl 0 sigma 0.17627  G 7.67737627e-02 1.13049150e-01 8.16315413e-02 1.00000000e+00
243 P st 12 cl 0 sigma 0.17627  G 3.26454639e-02 -1.51687860e-01 3.71038914e-02 1.00000000e+00
243 P st 13 cl 0 sigma 0.17627  G -2.92032957e-02 -1.28763914e-01 8.00490379e-02 1.00000000e+00
243 P st 16 cl 0 sigma 0.17627  G -1.29723549e-01 9.29176807e-02 1.97410583e-02 1.00000000e+00
243 P st 19 cl 0 sigma 0.17627  G 1.16223097e-01 -4.07457352e-02 8.89539719e-02 1.00000000e+00
243 P st 20 cl 0 sigma 0.17627  G -6.63876534e-02 1.39772892e-01 3.50475311e-02 1.00000000e+00
243 P st 27 cl 1 sigma 0.40238  G 1.18124485e-01 -1.08909607e-01 1.27196312e-02 1.00000000e+00
243 P st 33 cl 1 sigma 0.40238  G 1.56831741e-01 -3.24070454e-02 1.59442425e-02 1.00000000e+00
243 P st 38 cl 0 sigma 0.17627  G 1.17468834e-01 1.02877617e-01 3.27587128e-02 1.00000000e+00
243 P st 40 cl 0 sigma 0.17627  G 1.16157532e-01 1.10673904e-01 1.43766403e-02 1.00000000e+00
243 P st 41 cl 1 sigma 0.40238  G 5.11169434e-02 1.51288509e-01 1.81436539e-02 1.00000000e+00
243 P st 42 cl 0 sigma 0.17627  G -8.23616982e-02 1.35791302e-01 2.26438046e-02 1.00000000e+00
243 P st 44 cl 1 sigma 0.40238  G 9.45210457e-02 1.30093098e-01 1.08838081e-02 1.00000000e+00
243 P st 45 cl 0 sigma 0.17627  G -8.08119774e-02 1.39069557e-01 1.08003616e-02 1.00000000e+00
243 S st 7 cl 0 sigma 0.10762  G 1.32811069e-01 1.95574760e-01 1.41227245e-01 1.00000000e+00
243 S st 12 cl 0 sigma 0.10762  G 5.64932823e-02 -2.62415409e-01 6.41942024e-02 1.00000000e+00
243 S st 13 cl 1 sigma 0.13790  G -5.05268574e-02 -2.22772360e-01 1.38491392e-01 1.00000000e+00
243 S st 16 cl 1 sigma 0.13790  G -2.24423409e-01 1.60753727e-01 3.41653824e-02 1.00000000e+00
243 S st 19 cl 0 sigma 0.10762  G 2.01064348e-01 -7.04944134e-02 1.53893232e-01 1.00000000e+00
243 S st 20 cl 1 sigma 0.13790  G -1.14870071e-01 2.41827965e-01 6.06298447e-02 1.00000000e+00
243 S st 38 cl 1 sigma 0.13790  G 2.03216076e-01 1.77979469e-01 5.66601753e-02 1.00000000e+00
243 S st 40 cl 1 sigma 0.13790  G 2.00951099e-01 1.91497803e-01 2.48432159e-02 1.00000000e+00
243 S st 45 cl 1 sigma 0.13790  G -1.39760971e-01 2.40588188e-01 1.87397003e-02 1.00000000e+00
# EVENT 244  nrows 30  ncols 4  params[x y z ot]  hypo -3.3914 -6.6497 0.7672
244 P st 5 cl 0 sigma 0.17627  G 1.27613544e-02 -1.57558918e-01 3.15725803e-02 1.00000000e+00
244 P st 7 cl 0 sigma 0.17627  G 1.37203932e-01 -6.48617744e-02 4.73201275e-02 1.00000000e+00
244 P st 10 cl 1 sigma 0.40238  G 7.71403313e-02 -1.41358376e-01 8.65459442e-03 1.00000000e+00
244 P st 13 cl 0 sigma 0.17627  G 3.59714031e-02 -1.56015158e-01 1.95860863e-02 1.00000000e+00
244 P st 15 cl 0 sigma 0.17627  G -1.03694201e-01 -8.30084085e-02 9.04262066e-02 1.00000000e+00
244 P st 16 cl 0 sigma 0.17627  G -1.48111582e-01 -1.25765800e-03 6.11305237e-02 1.00000000e+00
244 P st 20 cl 0 sigma 0.17627  G 3.52263451e-03 4.33892012e-02 1.56277418e-01 1.00000000e+00
244 P st 26 cl 0 sigma 0.17627  G -8.41259956e-02 -1.37341022e-01 7.95125961e-03 1.00000000e+00
244 P st 28 cl 0 sigma 0.17627  G -3.51309776e-02 -1.57034397e-01 1.16109848e-02 1.00000000e+00
244 P st 29 cl 0 sigma 0.17627  G -1.05929375e-01 -1.21212006e-01 1.01447105e-02 1.00000000e+00
244 P st 30 cl 0 sigma 0.17627  G 1.01280212e-01 -1.24740601e-01 1.41978264e-02 1.00000000e+00
244 P st 31 cl 0 sigma 0.17627  G -7.67946243e-02 -1.41274929e-01 1.32441521e-02 1.00000000e+00
244 P st 33 cl 0 sigma 0.17627  G 1.40082836e-01 -7.92503357e-02 1.07645988e-02 1.00000000e+00
244 P st 36 cl 0 sigma 0.17627  G 1.56307220e-01 -3.72171402e-02 1.44481659e-02 1.00000000e+00
244 P st 37 cl 0 sigma 0.17627  G -1.48957968e-01 -5.66482544e-02 2.26855278e-02 1.00000000e+00
244 P st 38 cl 0 sigma 0.17627  G 1.58512592e-01 -1.46031380e-02 2.49624252e-02 1.00000000e+00
244 P st 39 cl 0 sigma 0.17627  G -1.60348415e-01 1.03712082e-02 1.45792961e-02 1.00000000e+00
244 P st 40 cl 0 sigma 0.17627  G 1.56450272e-01 3.67999077e-02 1.44004822e-02 1.00000000e+00
244 P st 41 cl 0 sigma 0.17627  G 1.30712986e-01 8.93890858e-02 3.06904316e-02 1.00000000e+00
244 P st 42 cl 0 sigma 0.17627  G -6.57558441e-02 8.41498375e-02 1.19131804e-01 1.00000000e+00
244 P st 43 cl 0 sigma 0.17627  G -6.37412071e-02 1.35844946e-01 5.50687313e-02 1.00000000e+00
244 S st 13 cl 1 sigma 0.13790  G 6.22510910e-02 -2.69901752e-01 3.39031219e-02 1.00000000e+00
244 S st 30 cl 1 sigma 0.13790  G 1.75225735e-01 -2.15780735e-01 2.45571136e-02 1.00000000e+00
244 S st 31 cl 1 sigma 0.13790  G -1.32834911e-01 -2.44414806e-01 2.29001045e-02 1.00000000e+00
244 S st 33 cl 1 sigma 0.13790  G 2.42328644e-01 -1.37138367e-01 1.86443329e-02 1.00000000e+00
244 S st 37 cl 1 sigma 0.13790  G -2.57682800e-01 -9.80138779e-02 3.92436981e-02 1.00000000e+00
244 S st 38 cl 1 sigma 0.13790  G 2.74240971e-01 -2.52723694e-02 4.31895256e-02 1.00000000e+00
244 S st 39 cl 1 sigma 0.13790  G -2.77352333e-01 1.79529190e-02 2.52246857e-02 1.00000000e+00
244 S st 40 cl 1 sigma 0.13790  G 2.70628929e-01 6.36458397e-02 2.49385834e-02 1.00000000e+00
244 S st 42 cl 0 sigma 0.10762  G -1.13749504e-01 1.45596266e-01 2.06106901e-01 1.00000000e+00
# EVENT 245  nrows 31  ncols 4  params[x y z ot]  hypo -3.6737 -6.4423 0.9377
245 P st 7 cl 0 sigma 0.17627  G 1.35362148e-01 -6.13272190e-02 5.36739826e-02 1.00000000e+00
245 P st 11 cl 0 sigma 0.17627  G 6.75678253e-02 -1.45947933e-01 1.07288361e-02 1.00000000e+00
245 P st 13 cl 0 sigma 0.17627  G 3.08334827e-02 -1.56027079e-01 2.07662582e-02 1.00000000e+00
245 P st 15 cl 0 sigma 0.17627  G -1.06915832e-01 -6.64442778e-02 8.59141350e-02 1.00000000e+00
245 P st 16 cl 0 sigma 0.17627  G -1.48701668e-01 6.48498535e-03 5.48005104e-02 1.00000000e+00
245 P st 19 cl 0 sigma 0.17627  G 1.08397007e-01 -1.16151571e-01 2.24888325e-02 1.00000000e+00
245 P st 20 cl 0 sigma 0.17627  G -1.64628029e-02 4.69297171e-02 1.52054429e-01 1.00000000e+00
245 P st 27 cl 0 sigma 0.17627  G 1.05488300e-01 -1.21521950e-01 9.15527344e-03 1.00000000e+00
245 P st 29 cl 0 sigma 0.17627  G -1.08945370e-01 -1.18386745e-01 1.01208687e-02 1.00000000e+00
245 P st 30 cl 0 sigma 0.17627  G 9.98020172e-02 -1.25312805e-01 1.48177147e-02 1.00000000e+00
245 P st 31 cl 0 sigma 0.17627  G -8.14914703e-02 -1.38330460e-01 1.33037567e-02 1.00000000e+00
245 P st 33 cl 1 sigma 0.40238  G 1.40213966e-01 -7.87138939e-02 1.10507011e-02 1.00000000e+00
245 P st 37 cl 0 sigma 0.17627  G -1.50793791e-01 -5.03301620e-02 2.16841698e-02 1.00000000e+00
245 P st 38 cl 0 sigma 0.17627  G 1.56879425e-01 -1.00135803e-02 2.69532204e-02 1.00000000e+00
245 P st 39 cl 0 sigma 0.17627  G -1.59811974e-01 1.34229660e-02 1.40428543e-02 1.00000000e+00
245 P st 40 cl 0 sigma 0.17627  G 1.54864788e-01 4.11272049e-02 1.48415565e-02 1.00000000e+00
245 P st 41 cl 0 sigma 0.17627  G 1.23298168e-01 9.47654247e-02 3.16560268e-02 1.00000000e+00
245 P st 42 cl 0 sigma 0.17627  G -7.59065151e-02 9.01103020e-02 1.07395649e-01 1.00000000e+00
245 P st 43 cl 0 sigma 0.17627  G -6.88314438e-02 1.33824348e-01 4.91976738e-02 1.00000000e+00
245 S st 11 cl 0 sigma 0.10762  G 1.16920471e-01 -2.52461433e-01 1.85489655e-02 1.00000000e+00
245 S st 16 cl 1 sigma 0.13790  G -2.57253647e-01 1.12295151e-02 9.48071480e-02 1.00000000e+00
245 S st 27 cl 1 sigma 0.13790  G 1.82485580e-01 -2.10237503e-01 1.58548355e-02 1.00000000e+00
245 S st 30 cl 1 sigma 0.13790  G 1.72662735e-01 -2.16770172e-01 2.56419182e-02 1.00000000e+00
245 S st 31 cl 1 sigma 0.13790  G -1.41000748e-01 -2.39324570e-01 2.29835510e-02 1.00000000e+00
245 S st 33 cl 1 sigma 0.13790  G 2.42567062e-01 -1.36160851e-01 1.91211700e-02 1.00000000e+00
245 S st 37 cl 1 sigma 0.13790  G -2.60865688e-01 -8.70704651e-02 3.75270844e-02 1.00000000e+00
245 S st 38 cl 1 sigma 0.13790  G 2.71391869e-01 -1.73211098e-02 4.66465950e-02 1.00000000e+00
245 S st 39 cl 1 sigma 0.13790  G -2.76470184e-01 2.32219696e-02 2.43186951e-02 1.00000000e+00
245 S st 40 cl 1 sigma 0.13790  G 2.67934799e-01 7.11560249e-02 2.57015228e-02 1.00000000e+00
245 S st 41 cl 1 sigma 0.13790  G 2.13301182e-01 1.63948536e-01 5.47528267e-02 1.00000000e+00
245 S st 42 cl 0 sigma 0.10762  G -1.31309032e-01 1.55889988e-01 1.85793638e-01 1.00000000e+00
# EVENT 246  nrows 22  ncols 4  params[x y z ot]  hypo -6.1269 -7.0567 -0.5790
246 P st 5 cl 1 sigma 0.40238  G -6.29305840e-02 -1.66594982e-01 2.57253647e-02 1.00000000e+00
246 P st 7 cl 0 sigma 0.17627  G 8.26150179e-02 -1.46925449e-01 5.62995672e-02 1.00000000e+00
246 P st 11 cl 0 sigma 0.17627  G 3.99947166e-02 -1.68764591e-01 -7.15255737e-05 1.00000000e+00
246 P st 12 cl 1 sigma 0.40238  G 1.28984451e-02 -1.78360939e-01 1.82509422e-02 1.00000000e+00
246 P st 13 cl 0 sigma 0.17627  G -2.39372253e-02 -1.77049637e-01 2.22265720e-02 1.00000000e+00
246 P st 15 cl 0 sigma 0.17627  G -1.62392855e-01 -7.05897808e-02 2.98976898e-02 1.00000000e+00
246 P st 19 cl 0 sigma 0.17627  G 6.73472881e-02 -1.64783001e-01 2.69770622e-02 1.00000000e+00
246 P st 20 cl 0 sigma 0.17627  G -1.67766213e-01 5.85615635e-03 5.70416451e-02 1.00000000e+00
246 P st 27 cl 1 sigma 0.40238  G 8.72015953e-02 -1.40655041e-01 -3.99708748e-02 1.00000000e+00
246 P st 36 cl 0 sigma 0.17627  G 1.65814161e-01 -6.57677650e-02 2.45928764e-02 1.00000000e+00
246 P st 37 cl 0 sigma 0.17627  G -1.70719624e-01 -5.32031059e-02 1.87873840e-02 1.00000000e+00
246 P st 38 cl 0 sigma 0.17627  G 1.69116259e-01 -4.37736511e-02 3.97026539e-02 1.00000000e+00
246 P st 39 cl 0 sigma 0.17627  G -1.73997879e-01 2.99215317e-03 4.31537628e-03 1.00000000e+00
246 P st 40 cl 0 sigma 0.17627  G 1.72042847e-01 4.66704369e-02 2.52366066e-02 1.00000000e+00
246 P st 41 cl 0 sigma 0.17627  G 1.03932619e-01 1.37919188e-01 4.41014767e-02 1.00000000e+00
246 P st 42 cl 0 sigma 0.17627  G -1.65665150e-01 5.45382500e-02 3.85582447e-02 1.00000000e+00
246 P st 43 cl 0 sigma 0.17627  G -1.40899420e-01 1.07562542e-01 2.97069550e-02 1.00000000e+00
246 S st 11 cl 1 sigma 0.13790  G 6.92367554e-02 -2.91919708e-01 -1.19209290e-04 1.00000000e+00
246 S st 13 cl 1 sigma 0.13790  G -4.14252281e-02 -3.06296349e-01 3.84569168e-02 1.00000000e+00
246 S st 20 cl 0 sigma 0.10762  G -2.90232897e-01 1.01327896e-02 9.86814499e-02 1.00000000e+00
246 S st 37 cl 1 sigma 0.13790  G -2.95341015e-01 -9.20295715e-02 3.25202942e-02 1.00000000e+00
246 S st 38 cl 0 sigma 0.10762  G 2.92563438e-01 -7.57217407e-02 6.86883926e-02 1.00000000e+00
# EVENT 247  nrows 20  ncols 4  params[x y z ot]  hypo 2.3118 -0.0023 0.4939
247 P st 5 cl 0 sigma 0.17627  G 1.58786774e-01 2.62856483e-02 1.74939632e-02 1.00000000e+00
247 P st 7 cl 0 sigma 0.17627  G 1.44934654e-01 7.05003738e-02 -6.05344772e-02 1.00000000e+00
247 P st 12 cl 1 sigma 0.40238  G 1.54203176e-01 -4.70638275e-02 -5.05447388e-02 1.00000000e+00
247 P st 13 cl 0 sigma 0.17627  G 1.60521269e-01 -1.47700310e-02 -1.09910965e-02 1.00000000e+00
247 P st 15 cl 0 sigma 0.17627  G 9.42409039e-02 1.30474567e-01 2.07901001e-02 1.00000000e+00
247 P st 16 cl 0 sigma 0.17627  G 4.57882881e-02 1.54459476e-01 2.15768814e-03 1.00000000e+00
247 P st 19 cl 0 sigma 0.17627  G 1.60074234e-01 1.90258026e-02 -6.03079796e-02 1.00000000e+00
247 P st 27 cl 0 sigma 0.17627  G 1.53779984e-01 -4.81367111e-02 -6.59227371e-02 1.00000000e+00
247 P st 29 cl 0 sigma 0.17627  G -1.05834007e-01 -1.17152929e-01 5.59926033e-02 1.00000000e+00
247 P st 30 cl 0 sigma 0.17627  G 1.60670280e-01 -1.26242638e-02 -6.34551048e-02 1.00000000e+00
247 P st 31 cl 0 sigma 0.17627  G 4.65601683e-02 -1.18058920e-01 1.11266971e-01 1.00000000e+00
247 P st 33 cl 1 sigma 0.40238  G 1.61099434e-01 4.62532043e-03 -6.59227371e-02 1.00000000e+00
247 P st 36 cl 0 sigma 0.17627  G 1.54709816e-01 4.51207161e-02 -6.57796860e-02 1.00000000e+00
247 P st 37 cl 0 sigma 0.17627  G -2.86459923e-02 1.54197216e-01 6.45995140e-02 1.00000000e+00
247 P st 38 cl 0 sigma 0.17627  G 1.44910812e-01 7.05122948e-02 -6.53982162e-02 1.00000000e+00
247 P st 39 cl 0 sigma 0.17627  G -7.54714012e-02 1.42502785e-01 -2.25782394e-02 1.00000000e+00
247 S st 13 cl 1 sigma 0.13790  G 2.77721882e-01 -2.55465508e-02 -1.90258026e-02 1.00000000e+00
247 S st 31 cl 0 sigma 0.10762  G 8.05497169e-02 -2.04241276e-01 1.92487240e-01 1.00000000e+00
247 S st 37 cl 1 sigma 0.13790  G -4.95553017e-02 2.66754627e-01 1.11746788e-01 1.00000000e+00
247 S st 38 cl 1 sigma 0.13790  G 2.50720978e-01 1.21974945e-01 -1.13105774e-01 1.00000000e+00
# EVENT 248  nrows 33  ncols 4  params[x y z ot]  hypo -3.6684 -7.4715 1.5862
248 P st 1 cl 1 sigma 0.40238  G 3.92794609e-02 -1.55782700e-01 1.53660774e-02 1.00000000e+00
248 P st 7 cl 0 sigma 0.17627  G 1.14589930e-01 -8.32080841e-02 8.29041004e-02 1.00000000e+00
248 P st 10 cl 1 sigma 0.40238  G 7.14182854e-02 -1.43647194e-01 1.89423561e-02 1.00000000e+00
248 P st 11 cl 0 sigma 0.17627  G 6.26325607e-02 -1.47247314e-01 2.37941742e-02 1.00000000e+00
248 P st 13 cl 0 sigma 0.17627  G 2.67505646e-02 -1.54310465e-01 4.29153442e-02 1.00000000e+00
248 P st 15 cl 0 sigma 0.17627  G -8.60571861e-02 -9.02533531e-02 1.06126070e-01 1.00000000e+00
248 P st 16 cl 0 sigma 0.17627  G -1.33550167e-01 -2.83539295e-02 9.27448273e-02 1.00000000e+00
248 P st 20 cl 0 sigma 0.17627  G -1.14679337e-02 -1.51038170e-02 1.57949328e-01 1.00000000e+00
248 P st 21 cl 1 sigma 0.40238  G -8.13007355e-03 -1.60574913e-01 1.41382217e-02 1.00000000e+00
248 P st 24 cl 0 sigma 0.17627  G 3.07917595e-02 -1.57463551e-01 1.84774399e-02 1.00000000e+00
248 P st 25 cl 0 sigma 0.17627  G -2.37107277e-02 -1.58655643e-01 1.86443329e-02 1.00000000e+00
248 P st 27 cl 0 sigma 0.17627  G 9.98973846e-02 -1.25372410e-01 1.99437141e-02 1.00000000e+00
248 P st 31 cl 0 sigma 0.17627  G -7.40647316e-02 -1.40774250e-01 3.04222107e-02 1.00000000e+00
248 P st 33 cl 0 sigma 0.17627  G 1.33502483e-01 -8.78334045e-02 2.55942345e-02 1.00000000e+00
248 P st 36 cl 0 sigma 0.17627  G 1.49929523e-01 -5.02705574e-02 3.69906425e-02 1.00000000e+00
248 P st 37 cl 0 sigma 0.17627  G -1.39915943e-01 -6.80446625e-02 4.86612320e-02 1.00000000e+00
248 P st 39 cl 1 sigma 0.40238  G -1.58095360e-01 -3.27825546e-03 3.59416008e-02 1.00000000e+00
248 P st 40 cl 0 sigma 0.17627  G 1.55985355e-01 2.35795975e-02 3.89218330e-02 1.00000000e+00
248 P st 41 cl 0 sigma 0.17627  G 1.26409531e-01 6.95526600e-02 7.46548176e-02 1.00000000e+00
248 P st 42 cl 0 sigma 0.17627  G -6.38961792e-02 3.62992287e-02 1.39588118e-01 1.00000000e+00
248 P st 43 cl 0 sigma 0.17627  G -7.05897808e-02 1.02990866e-01 1.06149912e-01 1.00000000e+00
248 S st 7 cl 1 sigma 0.13790  G 1.98245049e-01 -1.43945217e-01 1.43420696e-01 1.00000000e+00
248 S st 10 cl 1 sigma 0.13790  G 1.23548508e-01 -2.48503685e-01 3.27825546e-02 1.00000000e+00
248 S st 11 cl 1 sigma 0.13790  G 1.08361244e-01 -2.54726410e-01 4.11987305e-02 1.00000000e+00
248 S st 13 cl 1 sigma 0.13790  G 4.62651253e-02 -2.66957283e-01 7.42435455e-02 1.00000000e+00
248 S st 20 cl 1 sigma 0.13790  G -1.98423862e-02 -2.61366367e-02 2.73251534e-01 1.00000000e+00
248 S st 21 cl 1 sigma 0.13790  G -1.40428543e-02 -2.77757645e-01 2.44617462e-02 1.00000000e+00
248 S st 24 cl 0 sigma 0.10762  G 5.33103943e-02 -2.72393227e-01 3.19719315e-02 1.00000000e+00
248 S st 31 cl 1 sigma 0.13790  G -1.28114223e-01 -2.43544579e-01 5.26428223e-02 1.00000000e+00
248 S st 33 cl 1 sigma 0.13790  G 2.30979919e-01 -1.51944160e-01 4.42504883e-02 1.00000000e+00
248 S st 36 cl 1 sigma 0.13790  G 2.59351730e-01 -8.69512558e-02 6.39557838e-02 1.00000000e+00
248 S st 40 cl 1 sigma 0.13790  G 2.69889832e-01 4.07934189e-02 6.73174858e-02 1.00000000e+00
248 S st 41 cl 1 sigma 0.13790  G 2.18701363e-01 1.20341778e-01 1.29139423e-01 1.00000000e+00
# EVENT 249  nrows 23  ncols 4  params[x y z ot]  hypo 3.9525 1.8350 2.0543
249 P st 5 cl 0 sigma 0.17627  G 1.44195557e-01 5.28156757e-02 5.36680222e-02 1.00000000e+00
249 P st 7 cl 1 sigma 0.40238  G 1.37555599e-01 7.94768333e-02 3.18646431e-02 1.00000000e+00
249 P st 11 cl 0 sigma 0.17627  G 1.54137611e-01 -3.84330750e-02 3.15070152e-02 1.00000000e+00
249 P st 12 cl 0 sigma 0.17627  G 1.56724453e-01 -1.38759613e-02 3.97682190e-02 1.00000000e+00
249 P st 13 cl 0 sigma 0.17627  G 1.54298544e-01 1.97708607e-02 4.83572483e-02 1.00000000e+00
249 P st 15 cl 1 sigma 0.40238  G 9.42707062e-02 1.22654438e-01 5.18918037e-02 1.00000000e+00
249 P st 16 cl 1 sigma 0.40238  G 6.09517097e-02 1.43063068e-01 4.80473042e-02 1.00000000e+00
249 P st 19 cl 0 sigma 0.17627  G 1.53839588e-01 3.86118889e-02 3.30448151e-02 1.00000000e+00
249 P st 20 cl 0 sigma 0.17627  G 1.00290775e-01 1.22153759e-01 3.70264053e-02 1.00000000e+00
249 P st 24 cl 0 sigma 0.17627  G 1.32346153e-01 -8.79883766e-02 3.17692757e-02 1.00000000e+00
249 P st 28 cl 0 sigma 0.17627  G 1.22386217e-01 -7.30991364e-02 8.22544098e-02 1.00000000e+00
249 P st 29 cl 0 sigma 0.17627  G -5.47528267e-02 -5.98967075e-02 1.37245655e-01 1.00000000e+00
249 P st 30 cl 1 sigma 0.40238  G 1.58655643e-01 1.06215477e-02 3.13162804e-02 1.00000000e+00
249 P st 31 cl 0 sigma 0.17627  G 9.67919827e-02 -1.50203705e-02 1.32483244e-01 1.00000000e+00
249 P st 33 cl 1 sigma 0.40238  G 1.58798695e-01 2.01463699e-02 2.18272209e-02 1.00000000e+00
249 P st 36 cl 0 sigma 0.17627  G 1.49869919e-01 5.58495522e-02 2.28643417e-02 1.00000000e+00
249 P st 37 cl 0 sigma 0.17627  G 2.07304955e-02 1.44541264e-01 7.51674175e-02 1.00000000e+00
249 P st 38 cl 0 sigma 0.17627  G 1.39319897e-01 7.81059265e-02 2.56180763e-02 1.00000000e+00
249 S st 13 cl 1 sigma 0.13790  G 2.66945362e-01 3.41892242e-02 8.36610794e-02 1.00000000e+00
249 S st 15 cl 1 sigma 0.13790  G 1.63078308e-01 2.12192535e-01 8.97645950e-02 1.00000000e+00
249 S st 24 cl 1 sigma 0.13790  G 2.28977203e-01 -1.52206421e-01 5.49554825e-02 1.00000000e+00
249 S st 31 cl 0 sigma 0.10762  G 1.67453289e-01 -2.59816647e-02 2.29191780e-01 1.00000000e+00
249 S st 37 cl 0 sigma 0.10762  G 3.58581543e-02 2.50065327e-01 1.30033493e-01 1.00000000e+00
# EVENT 250  nrows 12  ncols 4  params[x y z ot]  hypo -17.2837 -3.5868 -1.4472
250 P st 1 cl 1 sigma 0.40238  G -8.27908516e-02 -1.46746635e-01 -7.61508942e-02 1.00000000e+00
250 P st 13 cl 0 sigma 0.17627  G -1.69897079e-01 -5.93781471e-02 8.77380371e-03 1.00000000e+00
250 P st 16 cl 0 sigma 0.17627  G -1.67393684e-01 2.87532806e-02 -7.46130943e-02 1.00000000e+00
250 P st 19 cl 1 sigma 0.40238  G -1.74134970e-01 -4.55260277e-02 1.15573406e-02 1.00000000e+00
250 P st 20 cl 1 sigma 0.40238  G -1.73974037e-01 4.47630882e-02 3.76701355e-03 1.00000000e+00
250 P st 23 cl 1 sigma 0.40238  G -3.64780426e-02 -1.75833702e-01 3.01599503e-03 1.00000000e+00
250 P st 28 cl 0 sigma 0.17627  G -1.49583817e-01 -7.54833221e-02 -8.01920891e-02 1.00000000e+00
250 P st 31 cl 0 sigma 0.17627  G -1.54960155e-01 -4.81128693e-02 -8.88466835e-02 1.00000000e+00
250 P st 33 cl 1 sigma 0.40238  G -1.24627352e-01 -1.29675865e-01 1.81496143e-02 1.00000000e+00
250 P st 40 cl 0 sigma 0.17627  G -1.18917227e-01 1.35099888e-01 1.34289265e-02 1.00000000e+00
250 P st 42 cl 0 sigma 0.17627  G -1.69825554e-01 5.36322594e-02 -2.06708908e-02 1.00000000e+00
250 S st 40 cl 0 sigma 0.10762  G -2.05707550e-01 2.33709812e-01 2.32577324e-02 1.00000000e+00
# EVENT 251  nrows 23  ncols 4  params[x y z ot]  hypo -8.3347 -2.2836 4.9886
251 P st 5 cl 0 sigma 0.17627  G -9.13858414e-02 -2.56896019e-02 1.29383802e-01 1.00000000e+00
251 P st 7 cl 0 sigma 0.17627  G -2.15291977e-02 5.84065914e-02 1.49011612e-01 1.00000000e+00
251 P st 10 cl 0 sigma 0.17627  G 3.80277634e-02 -1.33776665e-01 7.97271729e-02 1.00000000e+00
251 P st 11 cl 0 sigma 0.17627  G 1.09016895e-02 -1.20198727e-01 1.02823973e-01 1.00000000e+00
251 P st 12 cl 0 sigma 0.17627  G -2.86161900e-02 -9.70721245e-02 1.23029947e-01 1.00000000e+00
251 P st 13 cl 0 sigma 0.17627  G -6.50346279e-02 -5.91874123e-02 1.32018328e-01 1.00000000e+00
251 P st 20 cl 0 sigma 0.17627  G -8.26299191e-02 8.19146633e-02 1.07485056e-01 1.00000000e+00
251 P st 21 cl 0 sigma 0.17627  G -5.05328178e-02 -1.45423412e-01 4.68492508e-02 1.00000000e+00
251 P st 25 cl 0 sigma 0.17627  G -7.82966614e-02 -1.26373768e-01 6.11424446e-02 1.00000000e+00
251 P st 27 cl 0 sigma 0.17627  G 7.74145126e-02 -1.07026100e-01 8.83102417e-02 1.00000000e+00
251 P st 30 cl 0 sigma 0.17627  G 2.47061253e-02 -6.55472279e-02 1.42526627e-01 1.00000000e+00
251 P st 31 cl 0 sigma 0.17627  G -1.28507614e-01 -5.93423843e-02 7.50064850e-02 1.00000000e+00
251 P st 36 cl 0 sigma 0.17627  G 8.38220119e-02 3.99172306e-02 1.28072500e-01 1.00000000e+00
251 P st 37 cl 1 sigma 0.40238  G -1.42467022e-01 2.37226486e-02 7.05599785e-02 1.00000000e+00
251 P st 38 cl 0 sigma 0.17627  G 3.64422798e-02 7.81774521e-02 1.35779381e-01 1.00000000e+00
251 P st 40 cl 0 sigma 0.17627  G 6.89148903e-02 1.04141235e-01 9.81211662e-02 1.00000000e+00
251 P st 41 cl 0 sigma 0.17627  G 1.06096268e-03 1.23715401e-01 1.00123882e-01 1.00000000e+00
251 P st 42 cl 1 sigma 0.40238  G -9.41753387e-02 9.13143158e-02 9.08017159e-02 1.00000000e+00
251 S st 7 cl 1 sigma 0.13790  G -3.72409821e-02 1.01029873e-01 2.57778168e-01 1.00000000e+00
251 S st 13 cl 1 sigma 0.13790  G -1.12509727e-01 -1.02412701e-01 2.28393078e-01 1.00000000e+00
251 S st 27 cl 0 sigma 0.10762  G 1.33955479e-01 -1.85155869e-01 1.52766705e-01 1.00000000e+00
251 S st 30 cl 1 sigma 0.13790  G 4.27484512e-02 -1.13415718e-01 2.46572495e-01 1.00000000e+00
251 S st 40 cl 1 sigma 0.13790  G 1.19221210e-01 1.80149078e-01 1.69730186e-01 1.00000000e+00
# EVENT 252  nrows 36  ncols 4  params[x y z ot]  hypo 3.1152 1.2267 1.4144
252 P st 11 cl 0 sigma 0.17627  G 1.52647495e-01 -4.83632088e-02 1.80125237e-02 1.00000000e+00
252 P st 12 cl 1 sigma 0.40238  G 1.57380104e-01 -2.47240067e-02 2.34842300e-02 1.00000000e+00
252 P st 13 cl 0 sigma 0.17627  G 1.57231092e-01 1.05321407e-02 3.05414200e-02 1.00000000e+00
252 P st 15 cl 0 sigma 0.17627  G 9.06884670e-02 1.27983093e-01 3.41355801e-02 1.00000000e+00
252 P st 16 cl 0 sigma 0.17627  G 5.23567200e-02 1.48600340e-01 3.01718712e-02 1.00000000e+00
252 P st 17 cl 0 sigma 0.17627  G -2.09808350e-03 1.59835815e-01 1.99079514e-02 1.00000000e+00
252 P st 19 cl 0 sigma 0.17627  G 1.56235695e-01 3.38554382e-02 1.95026398e-02 1.00000000e+00
252 P st 20 cl 0 sigma 0.17627  G 9.81569290e-02 1.25730038e-01 2.22682953e-02 1.00000000e+00
252 P st 21 cl 0 sigma 0.17627  G 6.38604164e-02 -1.47116184e-01 1.56283379e-02 1.00000000e+00
252 P st 24 cl 0 sigma 0.17627  G 1.26218796e-01 -9.85980034e-02 1.76548958e-02 1.00000000e+00
252 P st 25 cl 0 sigma 0.17627  G 7.43865967e-02 -1.39975548e-01 2.72393227e-02 1.00000000e+00
252 P st 27 cl 0 sigma 0.17627  G 1.56736374e-01 -3.51548195e-02 1.31011009e-02 1.00000000e+00
252 P st 28 cl 0 sigma 0.17627  G 1.11329556e-01 -9.76026058e-02 5.69283962e-02 1.00000000e+00
252 P st 29 cl 0 sigma 0.17627  G -8.50379467e-02 -8.23915005e-02 9.66608524e-02 1.00000000e+00
252 P st 31 cl 0 sigma 0.17627  G 6.95854425e-02 -4.13388014e-02 1.28629804e-01 1.00000000e+00
252 P st 33 cl 1 sigma 0.40238  G 1.59859657e-01 1.56521797e-02 1.27434731e-02 1.00000000e+00
252 P st 37 cl 0 sigma 0.17627  G 7.15255737e-04 1.48427486e-01 5.42759895e-02 1.00000000e+00
252 P st 38 cl 0 sigma 0.17627  G 1.40619278e-01 7.73429871e-02 1.50442123e-02 1.00000000e+00
252 P st 39 cl 0 sigma 0.17627  G -5.34415245e-02 1.49118900e-01 2.80261040e-02 1.00000000e+00
252 P st 40 cl 0 sigma 0.17627  G 1.35552883e-01 8.63790512e-02 1.20043755e-02 1.00000000e+00
252 P st 41 cl 0 sigma 0.17627  G 1.14595890e-01 1.12438202e-01 1.41143799e-02 1.00000000e+00
252 P st 42 cl 0 sigma 0.17627  G 7.49230385e-02 1.40702724e-01 2.20060349e-02 1.00000000e+00
252 P st 43 cl 1 sigma 0.40238  G 5.91993332e-02 1.48725510e-01 1.83701515e-02 1.00000000e+00
252 S st 11 cl 0 sigma 0.10762  G 2.64072418e-01 -8.36849213e-02 3.11613083e-02 1.00000000e+00
252 S st 12 cl 0 sigma 0.10762  G 2.72274017e-01 -4.27722931e-02 4.06146049e-02 1.00000000e+00
252 S st 13 cl 0 sigma 0.10762  G 2.72023678e-01 1.82032585e-02 5.28335571e-02 1.00000000e+00
252 S st 15 cl 1 sigma 0.13790  G 1.56903267e-01 2.21395493e-01 5.90801239e-02 1.00000000e+00
252 S st 19 cl 1 sigma 0.13790  G 2.70271301e-01 5.86032867e-02 3.37362289e-02 1.00000000e+00
252 S st 21 cl 1 sigma 0.13790  G 1.10483170e-01 -2.54535675e-01 2.70128250e-02 1.00000000e+00
252 S st 24 cl 0 sigma 0.10762  G 2.18391418e-01 -1.70564651e-01 3.05414200e-02 1.00000000e+00
252 S st 27 cl 1 sigma 0.13790  G 2.71129608e-01 -6.08444214e-02 2.26974487e-02 1.00000000e+00
252 S st 28 cl 1 sigma 0.13790  G 1.92570686e-01 -1.68859959e-01 9.85026360e-02 1.00000000e+00
252 S st 31 cl 1 sigma 0.13790  G 1.20383501e-01 -7.15196133e-02 2.22527981e-01 1.00000000e+00
252 S st 33 cl 1 sigma 0.13790  G 2.76589394e-01 2.70843506e-02 2.20775604e-02 1.00000000e+00
252 S st 37 cl 1 sigma 0.13790  G 1.22785568e-03 2.56764889e-01 9.39011574e-02 1.00000000e+00
252 S st 39 cl 0 sigma 0.10762  G -9.24587250e-02 2.57992744e-01 4.84943390e-02 1.00000000e+00
# EVENT 253  nrows 23  ncols 4  params[x y z ot]  hypo -3.8931 5.1487 1.9138
253 P st 1 cl 0 sigma 0.17627  G 8.80658627e-02 -1.27428770e-01 4.23014164e-02 1.00000000e+00
253 P st 7 cl 0 sigma 0.17627  G 5.31196594e-02 1.48499012e-01 3.22461128e-02 1.00000000e+00
253 P st 11 cl 0 sigma 0.17627  G 1.40798092e-01 2.30669975e-03 7.64429569e-02 1.00000000e+00
253 P st 12 cl 0 sigma 0.17627  G 9.48131084e-02 7.59124756e-02 1.00255013e-01 1.00000000e+00
253 P st 19 cl 0 sigma 0.17627  G 8.88347626e-02 1.24508142e-01 4.63426113e-02 1.00000000e+00
253 P st 20 cl 0 sigma 0.17627  G -6.03199005e-03 1.58643723e-01 2.68459320e-02 1.00000000e+00
253 P st 21 cl 0 sigma 0.17627  G -2.23875046e-02 -1.54769421e-01 3.71456146e-02 1.00000000e+00
253 P st 24 cl 0 sigma 0.17627  G 8.39471817e-02 -1.08891726e-01 7.62403011e-02 1.00000000e+00
253 P st 25 cl 0 sigma 0.17627  G -7.42971897e-02 -1.12736225e-01 7.93635845e-02 1.00000000e+00
253 P st 27 cl 0 sigma 0.17627  G 1.56760216e-01 2.83718109e-03 3.59773636e-02 1.00000000e+00
253 P st 28 cl 0 sigma 0.17627  G -1.08915567e-01 1.59204006e-02 1.17069483e-01 1.00000000e+00
253 P st 29 cl 0 sigma 0.17627  G -1.54554844e-01 2.50697136e-02 3.71932983e-02 1.00000000e+00
253 P st 30 cl 0 sigma 0.17627  G 1.21086836e-01 9.03666019e-02 5.41448593e-02 1.00000000e+00
253 P st 31 cl 0 sigma 0.17627  G -1.29693747e-01 7.11739063e-02 6.18875027e-02 1.00000000e+00
253 P st 38 cl 0 sigma 0.17627  G 7.69734383e-02 1.39069557e-01 2.58922577e-02 1.00000000e+00
253 P st 40 cl 1 sigma 0.40238  G 8.50796700e-02 1.35540962e-01 1.91450119e-02 1.00000000e+00
253 P st 43 cl 1 sigma 0.40238  G -2.34484673e-02 1.58095360e-01 2.02894211e-02 1.00000000e+00
253 S st 11 cl 0 sigma 0.10762  G 2.43604183e-01 3.99351120e-03 1.32238865e-01 1.00000000e+00
253 S st 12 cl 0 sigma 0.10762  G 1.64031982e-01 1.31326914e-01 1.73443556e-01 1.00000000e+00
253 S st 21 cl 0 sigma 0.10762  G -3.87191772e-02 -2.67732143e-01 6.42657280e-02 1.00000000e+00
253 S st 24 cl 1 sigma 0.13790  G 1.45244598e-01 -1.88386440e-01 1.31881237e-01 1.00000000e+00
253 S st 25 cl 1 sigma 0.13790  G -1.28519535e-01 -1.95038319e-01 1.37317181e-01 1.00000000e+00
253 S st 27 cl 0 sigma 0.10762  G 2.71165371e-01 4.91142273e-03 6.22391701e-02 1.00000000e+00
# EVENT 254  nrows 49  ncols 4  params[x y z ot]  hypo -4.0142 -7.5862 1.5593
254 P st 1 cl 0 sigma 0.17627  G 3.64661217e-02 -1.56486034e-01 1.53541565e-02 1.00000000e+00
254 P st 5 cl 0 sigma 0.17627  G -3.90410423e-03 -1.53440237e-01 5.66840172e-02 1.00000000e+00
254 P st 7 cl 0 sigma 0.17627  G 1.05053186e-01 -8.75353813e-02 8.64863396e-02 1.00000000e+00
254 P st 10 cl 0 sigma 0.17627  G 6.83069229e-02 -1.45173073e-01 1.90019608e-02 1.00000000e+00
254 P st 11 cl 1 sigma 0.40238  G 5.86986542e-02 -1.48904324e-01 2.38537788e-02 1.00000000e+00
254 P st 12 cl 0 sigma 0.17627  G 4.18066978e-02 -1.53541565e-01 3.12447548e-02 1.00000000e+00
254 P st 13 cl 0 sigma 0.17627  G 2.00748444e-02 -1.55496597e-01 4.25279140e-02 1.00000000e+00
254 P st 15 cl 0 sigma 0.17627  G -9.40561295e-02 -9.02056694e-02 9.84251499e-02 1.00000000e+00
254 P st 16 cl 0 sigma 0.17627  G -1.33824348e-01 -2.96831131e-02 8.54432583e-02 1.00000000e+00
254 P st 19 cl 0 sigma 0.17627  G 9.00685787e-02 -1.26910210e-01 4.76956367e-02 1.00000000e+00
254 P st 20 cl 0 sigma 0.17627  G -3.21805477e-02 -2.37703323e-02 1.54584646e-01 1.00000000e+00
254 P st 21 cl 0 sigma 0.17627  G -1.05857849e-02 -1.60408020e-01 1.40666962e-02 1.00000000e+00
254 P st 24 cl 0 sigma 0.17627  G 2.74181366e-02 -1.58095360e-01 1.84059143e-02 1.00000000e+00
254 P st 25 cl 0 sigma 0.17627  G -2.67267227e-02 -1.58274174e-01 1.84535980e-02 1.00000000e+00
254 P st 27 cl 0 sigma 0.17627  G 9.71794128e-02 -1.27553940e-01 2.00986862e-02 1.00000000e+00
254 P st 28 cl 0 sigma 0.17627  G -3.98397446e-02 -1.54793262e-01 2.58564949e-02 1.00000000e+00
254 P st 29 cl 0 sigma 0.17627  G -1.04212761e-01 -1.21688843e-01 2.20060349e-02 1.00000000e+00
254 P st 30 cl 0 sigma 0.17627  G 8.64386559e-02 -1.33085251e-01 3.44038010e-02 1.00000000e+00
254 P st 31 cl 0 sigma 0.17627  G -7.73668289e-02 -1.39355659e-01 2.95877457e-02 1.00000000e+00
254 P st 33 cl 0 sigma 0.17627  G 1.31440163e-01 -9.08493996e-02 2.61306763e-02 1.00000000e+00
254 P st 36 cl 0 sigma 0.17627  G 1.48338079e-01 -5.36262989e-02 3.84271145e-02 1.00000000e+00
254 P st 37 cl 0 sigma 0.17627  G -1.40511990e-01 -6.72817230e-02 4.59909439e-02 1.00000000e+00
254 P st 38 cl 0 sigma 0.17627  G 1.46222115e-01 -3.74317169e-02 6.22153282e-02 1.00000000e+00
254 P st 39 cl 0 sigma 0.17627  G -1.58584118e-01 -4.95910645e-03 3.43918800e-02 1.00000000e+00
254 P st 40 cl 0 sigma 0.17627  G 1.55699253e-01 2.23994255e-02 4.09305096e-02 1.00000000e+00
254 P st 41 cl 0 sigma 0.17627  G 1.25849247e-01 7.14063644e-02 8.00430775e-02 1.00000000e+00
254 P st 42 cl 0 sigma 0.17627  G -8.22901726e-02 3.39210033e-02 1.35397911e-01 1.00000000e+00
254 P st 43 cl 0 sigma 0.17627  G -8.00728798e-02 9.65774059e-02 1.03574991e-01 1.00000000e+00
254 S st 7 cl 0 sigma 0.10762  G 1.81746483e-01 -1.51419640e-01 1.49631500e-01 1.00000000e+00
254 S st 10 cl 1 sigma 0.13790  G 1.18160248e-01 -2.51173973e-01 3.28540802e-02 1.00000000e+00
254 S st 15 cl 1 sigma 0.13790  G -1.62720680e-01 -1.56062841e-01 1.70272589e-01 1.00000000e+00
254 S st 16 cl 1 sigma 0.13790  G -2.31516361e-01 -5.13553619e-02 1.47831440e-01 1.00000000e+00
254 S st 19 cl 1 sigma 0.13790  G 1.55818462e-01 -2.19523907e-01 8.25285912e-02 1.00000000e+00
254 S st 20 cl 1 sigma 0.13790  G -5.56766987e-02 -4.11212444e-02 2.67428160e-01 1.00000000e+00
254 S st 21 cl 0 sigma 0.10762  G -1.83582306e-02 -2.77519226e-01 2.42948532e-02 1.00000000e+00
254 S st 24 cl 0 sigma 0.10762  G 4.74452972e-02 -2.73537636e-01 3.18288803e-02 1.00000000e+00
254 S st 25 cl 0 sigma 0.10762  G -4.62532043e-02 -2.73776054e-01 3.19242477e-02 1.00000000e+00
254 S st 27 cl 0 sigma 0.10762  G 1.68132782e-01 -2.20680237e-01 3.48329544e-02 1.00000000e+00
254 S st 28 cl 0 sigma 0.10762  G -6.88791275e-02 -2.67791748e-01 4.47511673e-02 1.00000000e+00
254 S st 29 cl 1 sigma 0.13790  G -1.80268288e-01 -2.10499763e-01 3.80754471e-02 1.00000000e+00
254 S st 30 cl 1 sigma 0.13790  G 1.49536133e-01 -2.30252743e-01 5.94973564e-02 1.00000000e+00
254 S st 31 cl 1 sigma 0.13790  G -1.33812428e-01 -2.41088867e-01 5.11765480e-02 1.00000000e+00
254 S st 33 cl 0 sigma 0.10762  G 2.27451324e-01 -1.57189369e-01 4.51803207e-02 1.00000000e+00
254 S st 36 cl 0 sigma 0.10762  G 2.56633759e-01 -9.27686691e-02 6.64710999e-02 1.00000000e+00
254 S st 37 cl 1 sigma 0.13790  G -2.43067741e-01 -1.16395950e-01 7.95602798e-02 1.00000000e+00
254 S st 39 cl 1 sigma 0.13790  G -2.74372101e-01 -8.58306885e-03 5.94854355e-02 1.00000000e+00
254 S st 40 cl 1 sigma 0.13790  G 2.69353390e-01 3.87549400e-02 7.07864761e-02 1.00000000e+00
254 S st 42 cl 0 sigma 0.10762  G -1.42359734e-01 5.86986542e-02 2.34234333e-01 1.00000000e+00
254 S st 43 cl 1 sigma 0.13790  G -1.38521194e-01 1.67071819e-01 1.79183483e-01 1.00000000e+00
# EVENT 255  nrows 50  ncols 4  params[x y z ot]  hypo -8.9692 -5.9679 -1.9296
255 P st 5 cl 0 sigma 0.17627  G -1.29520893e-01 -1.25056505e-01 -3.56644392e-01 1.00000000e+00
255 P st 7 cl 0 sigma 0.17627  G -2.44453549e-01 -1.94734335e-01 -2.45711207e-01 1.00000000e+00
255 P st 10 cl 0 sigma 0.17627  G 2.83598900e-02 -1.77788734e-01 -3.56626511e-01 1.00000000e+00
255 P st 11 cl 0 sigma 0.17627  G 5.12599945e-04 -1.80029869e-01 -3.56626511e-01 1.00000000e+00
255 P st 12 cl 0 sigma 0.17627  G -4.25457954e-02 -1.74939632e-01 -3.56626511e-01 1.00000000e+00
255 P st 13 cl 0 sigma 0.17627  G -9.09149647e-02 -1.55401230e-01 -3.56632471e-01 1.00000000e+00
255 P st 15 cl 0 sigma 0.17627  G -1.78450346e-01 -2.38120556e-02 -3.56638432e-01 1.00000000e+00
255 P st 16 cl 0 sigma 0.17627  G -1.79588795e-01 1.25408173e-02 -3.56626511e-01 1.00000000e+00
255 P st 17 cl 0 sigma 0.17627  G -1.69074535e-01 6.18696213e-02 -3.56626511e-01 1.00000000e+00
255 P st 19 cl 0 sigma 0.17627  G -1.85251236e-02 -1.79088116e-01 -3.56638432e-01 1.00000000e+00
255 P st 20 cl 0 sigma 0.17627  G -1.76072121e-01 3.75688076e-02 -3.56638432e-01 1.00000000e+00
255 P st 21 cl 0 sigma 0.17627  G -4.85658646e-02 -1.53875351e-01 -3.65972519e-01 1.00000000e+00
255 P st 24 cl 0 sigma 0.17627  G -2.45571136e-02 -1.78349018e-01 -3.56638432e-01 1.00000000e+00
255 P st 25 cl 0 sigma 0.17627  G -8.03232193e-02 -1.57022476e-01 -3.58402729e-01 1.00000000e+00
255 P st 26 cl 0 sigma 0.17627  G -1.15871429e-01 -1.13081932e-01 -3.65757942e-01 1.00000000e+00
255 P st 27 cl 0 sigma 0.17627  G 6.99520111e-02 -1.65891647e-01 -3.56638432e-01 1.00000000e+00
255 P st 28 cl 0 sigma 0.17627  G -1.08969212e-01 -1.43277645e-01 -3.56638432e-01 1.00000000e+00
255 P st 29 cl 0 sigma 0.17627  G -1.47819519e-01 -9.73582268e-02 -3.58855724e-01 1.00000000e+00
255 P st 30 cl 0 sigma 0.17627  G 1.50084496e-02 -1.79415941e-01 -3.56638432e-01 1.00000000e+00
255 P st 31 cl 0 sigma 0.17627  G -1.41429901e-01 -1.11401081e-01 -3.56638432e-01 1.00000000e+00
255 P st 33 cl 0 sigma 0.17627  G 1.25390291e-01 -1.29187107e-01 -3.56632471e-01 1.00000000e+00
255 P st 36 cl 0 sigma 0.17627  G 1.66773796e-01 -6.78181648e-02 -3.56632471e-01 1.00000000e+00
255 P st 37 cl 0 sigma 0.17627  G -1.78098679e-01 -2.63333321e-02 -3.56650352e-01 1.00000000e+00
255 P st 38 cl 0 sigma 0.17627  G 3.19194794e-01 1.86592340e-02 1.80840492e-01 1.00000000e+00
255 P st 39 cl 0 sigma 0.17627  G -1.79374218e-01 1.54256821e-02 -3.56650352e-01 1.00000000e+00
255 P st 40 cl 0 sigma 0.17627  G 1.42371655e-01 1.10208988e-01 -3.56644392e-01 1.00000000e+00
255 P st 41 cl 0 sigma 0.17627  G -2.46286392e-02 1.78349018e-01 -3.56638432e-01 1.00000000e+00
255 P st 42 cl 0 sigma 0.17627  G -1.69861317e-01 5.96642494e-02 -3.56638432e-01 1.00000000e+00
255 P st 43 cl 0 sigma 0.17627  G -1.53195858e-01 9.45687294e-02 -3.56638432e-01 1.00000000e+00
255 P st 44 cl 0 sigma 0.17627  G 9.77993011e-02 1.51157379e-01 -3.56626511e-01 1.00000000e+00
255 S st 11 cl 0 sigma 0.10762  G 9.29832458e-04 -3.11470032e-01 -6.17003441e-01 1.00000000e+00
255 S st 12 cl 0 sigma 0.10762  G -7.35998154e-02 -3.02648544e-01 -6.16979599e-01 1.00000000e+00
255 S st 13 cl 1 sigma 0.13790  G -1.57284737e-01 -2.68828869e-01 -6.16991520e-01 1.00000000e+00
255 S st 15 cl 1 sigma 0.13790  G -3.08728218e-01 -4.12225723e-02 -6.16955757e-01 1.00000000e+00
255 S st 16 cl 1 sigma 0.13790  G -3.10695171e-01 2.16484070e-02 -6.16991520e-01 1.00000000e+00
255 S st 20 cl 0 sigma 0.10762  G -3.04603577e-01 6.49929047e-02 -6.16979599e-01 1.00000000e+00
255 S st 21 cl 0 sigma 0.10762  G -8.40425491e-02 -2.66218185e-01 -6.33096695e-01 1.00000000e+00
255 S st 24 cl 0 sigma 0.10762  G -4.25100327e-02 -3.08513641e-01 -6.17003441e-01 1.00000000e+00
255 S st 25 cl 0 sigma 0.10762  G -1.38974190e-01 -2.71606445e-01 -6.20079041e-01 1.00000000e+00
255 S st 27 cl 0 sigma 0.10762  G 1.21045113e-01 -2.86936760e-01 -6.16979599e-01 1.00000000e+00
255 S st 28 cl 1 sigma 0.13790  G -1.88565254e-01 -2.47883797e-01 -6.17003441e-01 1.00000000e+00
255 S st 29 cl 1 sigma 0.13790  G -2.55727768e-01 -1.68395042e-01 -6.20818138e-01 1.00000000e+00
255 S st 31 cl 1 sigma 0.13790  G -2.44665146e-01 -1.92737579e-01 -6.16979599e-01 1.00000000e+00
255 S st 36 cl 1 sigma 0.13790  G 2.88510323e-01 -1.17325783e-01 -6.16991520e-01 1.00000000e+00
255 S st 37 cl 1 sigma 0.13790  G -3.08108330e-01 -4.55617905e-02 -6.16979599e-01 1.00000000e+00
255 S st 40 cl 0 sigma 0.10762  G 2.46286392e-01 1.90663338e-01 -6.16967678e-01 1.00000000e+00
255 S st 41 cl 0 sigma 0.10762  G -4.25934792e-02 3.08537483e-01 -6.16991520e-01 1.00000000e+00
255 S st 42 cl 0 sigma 0.10762  G -2.93827057e-01 1.03235245e-01 -6.17003441e-01 1.00000000e+00
255 S st 43 cl 0 sigma 0.10762  G -2.65038013e-01 1.63638592e-01 -6.16991520e-01 1.00000000e+00
255 S st 44 cl 0 sigma 0.10762  G 1.69181824e-01 2.61485577e-01 -6.16967678e-01 1.00000000e+00
# EVENT 256  nrows 24  ncols 4  params[x y z ot]  hypo 3.3578 -8.0373 -2.3711
256 P st 5 cl 0 sigma 0.17627  G 1.28972530e-01 -1.25610828e-01 -3.28421593e-01 1.00000000e+00
256 P st 7 cl 0 sigma 0.17627  G 1.72173977e-01 -5.26070595e-02 -3.28421593e-01 1.00000000e+00
256 P st 13 cl 0 sigma 0.17627  G 1.25229359e-01 -1.29342079e-01 -3.28421593e-01 1.00000000e+00
256 P st 15 cl 0 sigma 0.17627  G 1.49416924e-01 -1.00439787e-01 -3.28415632e-01 1.00000000e+00
256 P st 16 cl 0 sigma 0.17627  G 2.10374594e-01 -9.93132591e-02 -3.03596258e-01 1.00000000e+00
256 P st 17 cl 0 sigma 0.17627  G 1.38401985e-02 3.71485949e-01 3.04222107e-02 1.00000000e+00
256 P st 29 cl 0 sigma 0.17627  G -3.36647034e-02 -1.76870823e-01 -3.28409672e-01 1.00000000e+00
256 P st 30 cl 0 sigma 0.17627  G 1.47807598e-01 -1.02746487e-01 -3.28433514e-01 1.00000000e+00
256 P st 31 cl 0 sigma 0.17627  G 3.31997871e-02 -1.76954269e-01 -3.28421593e-01 1.00000000e+00
256 P st 37 cl 0 sigma 0.17627  G 1.25348568e-02 -1.79600716e-01 -3.28421593e-01 1.00000000e+00
256 P st 38 cl 0 sigma 0.17627  G 1.78050995e-01 -2.65359879e-02 -3.28421593e-01 1.00000000e+00
256 P st 39 cl 0 sigma 0.17627  G -3.41230631e-01 -9.37163830e-02 -1.53660774e-02 1.00000000e+00
256 P st 40 cl 0 sigma 0.17627  G 1.79624557e-01 8.90493393e-03 -3.28469276e-01 1.00000000e+00
256 P st 41 cl 0 sigma 0.17627  G 1.77371502e-01 3.07321548e-02 -3.28421593e-01 1.00000000e+00
256 P st 42 cl 0 sigma 0.17627  G 1.79600716e-01 1.24573708e-02 -3.28427553e-01 1.00000000e+00
256 P st 43 cl 0 sigma 0.17627  G 1.60521269e-01 8.15212727e-02 -3.28421593e-01 1.00000000e+00
256 S st 13 cl 1 sigma 0.13790  G 2.16650963e-01 -2.23731995e-01 -5.68175316e-01 1.00000000e+00
256 S st 15 cl 0 sigma 0.10762  G 2.58493423e-01 -1.73759460e-01 -5.68151474e-01 1.00000000e+00
256 S st 29 cl 1 sigma 0.13790  G -5.82933426e-02 -3.05962563e-01 -5.68127632e-01 1.00000000e+00
256 S st 37 cl 0 sigma 0.10762  G 2.16841698e-02 -3.10719013e-01 -5.68163395e-01 1.00000000e+00
256 S st 38 cl 1 sigma 0.13790  G 3.08060646e-01 -4.59194183e-02 -5.68175316e-01 1.00000000e+00
256 S st 41 cl 1 sigma 0.13790  G 3.06892395e-01 5.31911850e-02 -5.68151474e-01 1.00000000e+00
256 S st 42 cl 0 sigma 0.10762  G 3.10707092e-01 2.15530396e-02 -5.68175316e-01 1.00000000e+00
256 S st 43 cl 0 sigma 0.10762  G 2.77709961e-01 1.41024590e-01 -5.68163395e-01 1.00000000e+00
# EVENT 257  nrows 34  ncols 4  params[x y z ot]  hypo -13.0162 -1.8770 0.7354
257 P st 5 cl 0 sigma 0.17627  G -1.59990788e-01 -1.49190426e-02 1.47759914e-02 1.00000000e+00
257 P st 7 cl 0 sigma 0.17627  G -1.41531229e-01 7.25448132e-02 2.67982483e-02 1.00000000e+00
257 P st 10 cl 0 sigma 0.17627  G -3.17811966e-02 -1.57558918e-01 1.44124031e-02 1.00000000e+00
257 P st 12 cl 0 sigma 0.17627  G -1.27828121e-01 -9.65774059e-02 1.88887119e-02 1.00000000e+00
257 P st 13 cl 0 sigma 0.17627  G -1.52713060e-01 -4.91619110e-02 1.68383121e-02 1.00000000e+00
257 P st 16 cl 0 sigma 0.17627  G -1.51753426e-01 5.38110733e-02 9.63211060e-03 1.00000000e+00
257 P st 19 cl 0 sigma 0.17627  G -1.53350830e-01 -1.99615955e-02 4.70042229e-02 1.00000000e+00
257 P st 23 cl 0 sigma 0.17627  G 1.79052353e-02 -1.59978867e-01 1.08957291e-02 1.00000000e+00
257 P st 25 cl 0 sigma 0.17627  G -1.17218494e-01 -1.10411644e-01 8.58306885e-03 1.00000000e+00
257 P st 27 cl 0 sigma 0.17627  G 1.31726265e-02 -1.58929825e-01 2.34544277e-02 1.00000000e+00
257 P st 29 cl 0 sigma 0.17627  G -1.54471397e-01 -4.56213951e-02 7.37905502e-03 1.00000000e+00
257 P st 30 cl 0 sigma 0.17627  G -1.17528439e-01 -9.50634480e-02 5.04732132e-02 1.00000000e+00
257 P st 31 cl 0 sigma 0.17627  G -1.54912472e-01 -4.40001488e-02 9.13143158e-03 1.00000000e+00
257 P st 33 cl 0 sigma 0.17627  G 6.39081001e-02 -6.97463751e-02 1.25530362e-01 1.00000000e+00
257 P st 36 cl 0 sigma 0.17627  G -1.07944012e-02 1.26391649e-01 1.07860565e-01 1.00000000e+00
257 P st 37 cl 0 sigma 0.17627  G -1.59418583e-01 2.28524208e-02 8.54730606e-03 1.00000000e+00
257 P st 38 cl 0 sigma 0.17627  G -9.02652740e-02 1.27863884e-01 4.03761864e-02 1.00000000e+00
257 P st 39 cl 0 sigma 0.17627  G -1.55079365e-01 4.35948372e-02 7.17639923e-03 1.00000000e+00
257 P st 40 cl 0 sigma 0.17627  G -7.96914101e-03 1.59281492e-01 2.29418278e-02 1.00000000e+00
257 P st 42 cl 0 sigma 0.17627  G -1.38401985e-01 8.21948051e-02 1.07765198e-02 1.00000000e+00
257 P st 43 cl 0 sigma 0.17627  G -1.28424168e-01 9.71436501e-02 9.69171524e-03 1.00000000e+00
257 P st 44 cl 0 sigma 0.17627  G 1.23977661e-03 1.60813332e-01 1.29699707e-02 1.00000000e+00
257 S st 7 cl 0 sigma 0.10762  G -2.44855881e-01 1.25491619e-01 4.63485718e-02 1.00000000e+00
257 S st 12 cl 0 sigma 0.10762  G -2.21145153e-01 -1.67083740e-01 3.26752663e-02 1.00000000e+00
257 S st 16 cl 1 sigma 0.13790  G -2.62546539e-01 9.31262970e-02 1.66416168e-02 1.00000000e+00
257 S st 25 cl 0 sigma 0.10762  G -2.02822685e-01 -1.91020966e-01 1.48296356e-02 1.00000000e+00
257 S st 30 cl 0 sigma 0.10762  G -2.03323364e-01 -1.64484978e-01 8.73088837e-02 1.00000000e+00
257 S st 31 cl 1 sigma 0.13790  G -2.68006325e-01 -7.61032104e-02 1.57356262e-02 1.00000000e+00
257 S st 33 cl 1 sigma 0.13790  G 1.10554695e-01 -1.20675564e-01 2.17163563e-01 1.00000000e+00
257 S st 36 cl 1 sigma 0.13790  G -1.86681747e-02 2.18653679e-01 1.86586380e-01 1.00000000e+00
257 S st 37 cl 1 sigma 0.13790  G -2.75802612e-01 3.95298004e-02 1.47581100e-02 1.00000000e+00
257 S st 38 cl 1 sigma 0.13790  G -1.56188011e-01 2.21192837e-01 6.98566437e-02 1.00000000e+00
257 S st 39 cl 1 sigma 0.13790  G -2.68292427e-01 7.53879547e-02 1.24454498e-02 1.00000000e+00
257 S st 44 cl 1 sigma 0.13790  G 2.14576721e-03 2.78198719e-01 2.24113464e-02 1.00000000e+00
# EVENT 258  nrows 22  ncols 4  params[x y z ot]  hypo -3.4384 -7.9366 -1.2435
258 P st 5 cl 0 sigma 0.17627  G 1.06036663e-02 -1.79451704e-01 1.33395195e-02 1.00000000e+00
258 P st 7 cl 0 sigma 0.17627  G 1.40112638e-01 -1.12205744e-01 1.59561634e-02 1.00000000e+00
258 P st 12 cl 0 sigma 0.17627  G 5.43594360e-02 -1.71482563e-01 1.00374222e-02 1.00000000e+00
258 P st 16 cl 0 sigma 0.17627  G -1.69229507e-01 -5.88923693e-02 1.90645456e-02 1.00000000e+00
258 P st 19 cl 0 sigma 0.17627  G 1.08700991e-01 -1.43224001e-01 1.21593475e-02 1.00000000e+00
258 P st 24 cl 1 sigma 0.40238  G 3.34858894e-02 -1.64294243e-01 -6.66141510e-02 1.00000000e+00
258 P st 25 cl 0 sigma 0.17627  G -2.20656395e-02 -1.67310238e-01 -6.08563423e-02 1.00000000e+00
258 P st 27 cl 0 sigma 0.17627  G 1.06358528e-01 -1.35326385e-01 -3.66687775e-02 1.00000000e+00
258 P st 30 cl 1 sigma 0.40238  G 1.02043152e-01 -1.48129463e-01 1.04784966e-02 1.00000000e+00
258 P st 31 cl 0 sigma 0.17627  G -7.77482986e-02 -1.62208080e-01 9.98973846e-03 1.00000000e+00
258 P st 33 cl 1 sigma 0.40238  G 1.47962570e-01 -1.01625919e-01 8.39233398e-03 1.00000000e+00
258 P st 37 cl 0 sigma 0.17627  G -1.55884027e-01 -8.96036625e-02 1.28090382e-02 1.00000000e+00
258 P st 39 cl 0 sigma 0.17627  G -1.79421902e-01 -1.25050545e-02 1.12533569e-02 1.00000000e+00
258 P st 40 cl 0 sigma 0.17627  G 1.79004669e-01 1.73568726e-02 1.14083290e-02 1.00000000e+00
258 P st 41 cl 0 sigma 0.17627  G 1.64759159e-01 7.10070133e-02 1.60276890e-02 1.00000000e+00
258 P st 42 cl 0 sigma 0.17627  G -1.55499578e-01 5.13672829e-02 5.76019287e-02 1.00000000e+00
258 P st 43 cl 0 sigma 0.17627  G -1.04129314e-01 1.44755840e-01 2.48730183e-02 1.00000000e+00
258 S st 12 cl 1 sigma 0.13790  G 9.40322876e-02 -2.96652317e-01 1.73330307e-02 1.00000000e+00
258 S st 16 cl 1 sigma 0.13790  G -2.92766094e-01 -1.01882219e-01 3.29911709e-02 1.00000000e+00
258 S st 31 cl 1 sigma 0.13790  G -1.34515762e-01 -2.80618668e-01 1.72972679e-02 1.00000000e+00
258 S st 40 cl 0 sigma 0.10762  G 3.09658051e-01 3.00049782e-02 1.97410583e-02 1.00000000e+00
258 S st 41 cl 1 sigma 0.13790  G 2.85029411e-01 1.22845173e-01 2.77280807e-02 1.00000000e+00
# EVENT 259  nrows 33  ncols 4  params[x y z ot]  hypo -5.2816 0.7392 1.8652
259 P st 5 cl 0 sigma 0.17627  G -5.57005405e-02 6.83844090e-02 1.30891800e-01 1.00000000e+00
259 P st 7 cl 0 sigma 0.17627  G 5.30600548e-02 1.35415792e-01 6.48558140e-02 1.00000000e+00
259 P st 12 cl 0 sigma 0.17627  G 6.11126423e-02 -8.04722309e-02 1.25515461e-01 1.00000000e+00
259 P st 16 cl 0 sigma 0.17627  G -9.51349735e-02 1.24263763e-01 3.74913216e-02 1.00000000e+00
259 P st 19 cl 0 sigma 0.17627  G 1.02251768e-01 6.46829605e-02 1.01882219e-01 1.00000000e+00
259 P st 21 cl 0 sigma 0.17627  G -3.12685966e-02 -1.56414509e-01 2.29954720e-02 1.00000000e+00
259 P st 24 cl 0 sigma 0.17627  G 2.96235085e-02 -1.52170658e-01 4.11570072e-02 1.00000000e+00
259 P st 25 cl 0 sigma 0.17627  G -6.77943230e-02 -1.40810013e-01 3.71098518e-02 1.00000000e+00
259 P st 26 cl 0 sigma 0.17627  G -1.30617619e-01 -9.13500786e-02 2.40802765e-02 1.00000000e+00
259 P st 28 cl 0 sigma 0.17627  G -1.08093023e-01 -9.67204571e-02 6.48736954e-02 1.00000000e+00
259 P st 29 cl 0 sigma 0.17627  G -1.52945518e-01 -4.04596329e-02 3.05414200e-02 1.00000000e+00
259 P st 30 cl 0 sigma 0.17627  G 1.28167868e-01 -5.72800636e-03 9.30905342e-02 1.00000000e+00
259 P st 31 cl 0 sigma 0.17627  G -1.47032738e-01 -3.25560570e-02 5.36084175e-02 1.00000000e+00
259 P st 33 cl 0 sigma 0.17627  G 1.55067444e-01 2.09569931e-02 3.84271145e-02 1.00000000e+00
259 P st 36 cl 0 sigma 0.17627  G 1.28805637e-01 8.82267952e-02 3.96490097e-02 1.00000000e+00
259 P st 37 cl 0 sigma 0.17627  G -1.35397911e-01 7.96437263e-02 3.55482101e-02 1.00000000e+00
259 P st 38 cl 0 sigma 0.17627  G 8.92639160e-02 1.25932693e-01 4.41670418e-02 1.00000000e+00
259 P st 39 cl 0 sigma 0.17627  G -1.30605698e-01 9.13977623e-02 2.33769417e-02 1.00000000e+00
259 P st 40 cl 0 sigma 0.17627  G 9.70840454e-02 1.25777721e-01 2.74538994e-02 1.00000000e+00
259 P st 41 cl 0 sigma 0.17627  G 4.38690186e-02 1.52003765e-01 3.05652618e-02 1.00000000e+00
259 P st 43 cl 0 sigma 0.17627  G -4.96029854e-02 1.50561333e-01 2.85625458e-02 1.00000000e+00
259 S st 7 cl 1 sigma 0.13790  G 9.17911530e-02 2.34258175e-01 1.12199783e-01 1.00000000e+00
259 S st 12 cl 0 sigma 0.10762  G 1.05720758e-01 -1.39212608e-01 2.17139721e-01 1.00000000e+00
259 S st 21 cl 1 sigma 0.13790  G -5.40971756e-02 -2.70581245e-01 3.97920609e-02 1.00000000e+00
259 S st 24 cl 1 sigma 0.13790  G 5.12719154e-02 -2.63261795e-01 7.12156296e-02 1.00000000e+00
259 S st 25 cl 1 sigma 0.13790  G -1.17290020e-01 -2.43604183e-01 6.42061234e-02 1.00000000e+00
259 S st 26 cl 1 sigma 0.13790  G -2.25996971e-01 -1.58023834e-01 4.16517258e-02 1.00000000e+00
259 S st 28 cl 1 sigma 0.13790  G -1.86979771e-01 -1.67322159e-01 1.12235546e-01 1.00000000e+00
259 S st 31 cl 1 sigma 0.13790  G -2.54380703e-01 -5.63144684e-02 9.27448273e-02 1.00000000e+00
259 S st 33 cl 1 sigma 0.13790  G 2.68268585e-01 3.62515450e-02 6.65068626e-02 1.00000000e+00
259 S st 38 cl 1 sigma 0.13790  G 1.54423714e-01 2.17866898e-01 7.64250755e-02 1.00000000e+00
259 S st 40 cl 1 sigma 0.13790  G 1.67942047e-01 2.17628479e-01 4.74929810e-02 1.00000000e+00
259 S st 41 cl 1 sigma 0.13790  G 7.58647919e-02 2.62951851e-01 5.28573990e-02 1.00000000e+00
# EVENT 260  nrows 21  ncols 4  params[x y z ot]  hypo -6.6099 -6.3756 -0.7841
260 P st 5 cl 1 sigma 0.40238  G -8.19861889e-02 -1.58852339e-01 2.71141529e-02 1.00000000e+00
260 P st 7 cl 0 sigma 0.17627  G 7.14033842e-02 -1.42493844e-01 8.02397728e-02 1.00000000e+00
260 P st 16 cl 0 sigma 0.17627  G -1.78784132e-01 6.22272491e-03 2.43246555e-02 1.00000000e+00
260 P st 17 cl 0 sigma 0.17627  G -1.65402889e-01 6.81757927e-02 1.63078308e-02 1.00000000e+00
260 P st 19 cl 0 sigma 0.17627  G 6.14821911e-02 -1.66875124e-01 3.02076340e-02 1.00000000e+00
260 P st 20 cl 0 sigma 0.17627  G -1.69244409e-01 4.12076712e-02 4.75704670e-02 1.00000000e+00
260 P st 21 cl 0 sigma 0.17627  G -3.08871269e-02 -1.58166885e-01 -8.48889351e-02 1.00000000e+00
260 P st 27 cl 0 sigma 0.17627  G 9.10520554e-02 -1.48141384e-01 -1.84416771e-02 1.00000000e+00
260 P st 30 cl 1 sigma 0.40238  G 6.67750835e-02 -1.66141987e-01 2.27093697e-02 1.00000000e+00
260 P st 31 cl 1 sigma 0.40238  G -1.21092796e-01 -1.29497051e-01 7.43865967e-03 1.00000000e+00
260 P st 37 cl 0 sigma 0.17627  G -1.74844265e-01 -3.94940376e-02 1.82032585e-02 1.00000000e+00
260 P st 38 cl 0 sigma 0.17627  G 1.72936916e-01 -1.70528889e-02 4.59730625e-02 1.00000000e+00
260 P st 40 cl 0 sigma 0.17627  G 1.65754557e-01 6.71923161e-02 2.59459019e-02 1.00000000e+00
260 P st 41 cl 0 sigma 0.17627  G 7.67946243e-02 1.58572197e-01 4.05848026e-02 1.00000000e+00
260 P st 42 cl 1 sigma 0.40238  G -1.62410736e-01 7.19189644e-02 3.34262848e-02 1.00000000e+00
260 P st 43 cl 0 sigma 0.17627  G -1.37895346e-01 1.13821030e-01 2.65896320e-02 1.00000000e+00
260 S st 16 cl 1 sigma 0.13790  G -3.09300423e-01 1.07765198e-02 4.20808792e-02 1.00000000e+00
260 S st 37 cl 1 sigma 0.13790  G -3.02493572e-01 -6.82830811e-02 3.14712524e-02 1.00000000e+00
260 S st 38 cl 0 sigma 0.10762  G 2.99191475e-01 -2.95162201e-02 7.95304775e-02 1.00000000e+00
260 S st 40 cl 0 sigma 0.10762  G 2.86781788e-01 1.16229057e-01 4.48822975e-02 1.00000000e+00
260 S st 41 cl 0 sigma 0.10762  G 1.32858753e-01 2.74348259e-01 7.02142715e-02 1.00000000e+00
# EVENT 261  nrows 40  ncols 4  params[x y z ot]  hypo 0.5899 -4.0634 3.7354
261 P st 5 cl 0 sigma 0.17627  G 9.50336456e-02 -6.51419163e-02 1.11240149e-01 1.00000000e+00
261 P st 7 cl 0 sigma 0.17627  G 1.39683485e-01 1.18017197e-02 8.21948051e-02 1.00000000e+00
261 P st 8 cl 0 sigma 0.17627  G -5.39898872e-02 -1.07455254e-01 1.07383728e-01 1.00000000e+00
261 P st 11 cl 0 sigma 0.17627  G 1.10936165e-01 -1.05595589e-01 5.13434410e-02 1.00000000e+00
261 P st 12 cl 0 sigma 0.17627  G 1.08528137e-01 -1.00135803e-01 6.66499138e-02 1.00000000e+00
261 P st 15 cl 0 sigma 0.17627  G 5.73456287e-02 2.72154808e-02 1.50299072e-01 1.00000000e+00
261 P st 16 cl 0 sigma 0.17627  G 6.91413879e-03 7.39693642e-02 1.45125389e-01 1.00000000e+00
261 P st 17 cl 0 sigma 0.17627  G -5.01275063e-02 1.19471550e-01 9.39607620e-02 1.00000000e+00
261 P st 19 cl 0 sigma 0.17627  G 1.37829781e-01 -4.21762466e-02 7.14540482e-02 1.00000000e+00
261 P st 20 cl 0 sigma 0.17627  G 9.04798508e-02 6.95884228e-02 1.16103888e-01 1.00000000e+00
261 P st 21 cl 0 sigma 0.17627  G 2.66432762e-02 -1.55246258e-01 3.53813171e-02 1.00000000e+00
261 P st 23 cl 1 sigma 0.40238  G 1.13916397e-01 -1.09791756e-01 3.15666199e-02 1.00000000e+00
261 P st 25 cl 0 sigma 0.17627  G 1.99675560e-02 -1.51824951e-01 5.06162643e-02 1.00000000e+00
261 P st 27 cl 0 sigma 0.17627  G 1.31869316e-01 -8.40783119e-02 3.99351120e-02 1.00000000e+00
261 P st 28 cl 0 sigma 0.17627  G 2.30669975e-02 -1.40321255e-01 7.58409500e-02 1.00000000e+00
261 P st 30 cl 0 sigma 0.17627  G 1.34205818e-01 -6.61134720e-02 6.08682632e-02 1.00000000e+00
261 P st 31 cl 0 sigma 0.17627  G -1.67489052e-02 -1.24949217e-01 9.93192196e-02 1.00000000e+00
261 P st 33 cl 0 sigma 0.17627  G 1.51050091e-01 -3.63588333e-02 4.38332558e-02 1.00000000e+00
261 P st 36 cl 0 sigma 0.17627  G 1.52945518e-01 3.95774841e-03 5.13076782e-02 1.00000000e+00
261 P st 37 cl 0 sigma 0.17627  G -6.94930553e-02 3.59416008e-03 1.45965815e-01 1.00000000e+00
261 P st 38 cl 0 sigma 0.17627  G 1.46031380e-01 2.69651413e-02 6.32524490e-02 1.00000000e+00
261 P st 39 cl 0 sigma 0.17627  G -1.07538700e-01 6.18755817e-02 1.00773573e-01 1.00000000e+00
261 P st 40 cl 0 sigma 0.17627  G 1.45256519e-01 5.22136688e-02 4.81486320e-02 1.00000000e+00
261 P st 41 cl 0 sigma 0.17627  G 1.23226643e-01 8.23855400e-02 6.40273094e-02 1.00000000e+00
261 P st 42 cl 0 sigma 0.17627  G 5.79059124e-02 9.65952873e-02 1.17480755e-01 1.00000000e+00
261 S st 7 cl 0 sigma 0.10762  G 2.41649151e-01 2.04086304e-02 1.42204762e-01 1.00000000e+00
261 S st 11 cl 1 sigma 0.13790  G 1.91950798e-01 -1.82700157e-01 8.88109207e-02 1.00000000e+00
261 S st 16 cl 0 sigma 0.10762  G 1.19566917e-02 1.27971172e-01 2.51066685e-01 1.00000000e+00
261 S st 19 cl 0 sigma 0.10762  G 2.38454342e-01 -7.29441643e-02 1.23620033e-01 1.00000000e+00
261 S st 20 cl 1 sigma 0.13790  G 1.56521797e-01 1.20377541e-01 2.00867653e-01 1.00000000e+00
261 S st 25 cl 0 sigma 0.10762  G 3.45706940e-02 -2.62665749e-01 8.75234604e-02 1.00000000e+00
261 S st 27 cl 0 sigma 0.10762  G 2.28118896e-01 -1.45459175e-01 6.91175461e-02 1.00000000e+00
261 S st 28 cl 1 sigma 0.13790  G 3.98993492e-02 -2.42769718e-01 1.31177902e-01 1.00000000e+00
261 S st 30 cl 0 sigma 0.10762  G 2.32172012e-01 -1.14369392e-01 1.05309486e-01 1.00000000e+00
261 S st 31 cl 0 sigma 0.10762  G -2.89797783e-02 -2.16162205e-01 1.71840191e-01 1.00000000e+00
261 S st 33 cl 0 sigma 0.10762  G 2.61330605e-01 -6.29425049e-02 7.57932663e-02 1.00000000e+00
261 S st 36 cl 0 sigma 0.10762  G 2.64573097e-01 6.86645508e-03 8.87632370e-02 1.00000000e+00
261 S st 38 cl 1 sigma 0.13790  G 2.52604485e-01 4.66346741e-02 1.09434128e-01 1.00000000e+00
261 S st 39 cl 1 sigma 0.13790  G -1.86038017e-01 1.07073784e-01 1.74355507e-01 1.00000000e+00
261 S st 42 cl 1 sigma 0.13790  G 1.00183487e-01 1.67131424e-01 2.03251839e-01 1.00000000e+00
# EVENT 262  nrows 20  ncols 4  params[x y z ot]  hypo 3.6911 -9.6689 -0.5836
262 P st 5 cl 1 sigma 0.40238  G 1.16145611e-01 -1.33228302e-01 1.08838081e-02 1.00000000e+00
262 P st 7 cl 0 sigma 0.17627  G 1.58274174e-01 -7.01427460e-02 3.14712524e-03 1.00000000e+00
262 P st 8 cl 1 sigma 0.40238  G 8.59498978e-03 -1.77812576e-01 1.57117844e-02 1.00000000e+00
262 P st 12 cl 1 sigma 0.40238  G 1.04570389e-01 -1.23715401e-01 -7.87019730e-02 1.00000000e+00
262 P st 15 cl 0 sigma 0.17627  G 1.28847361e-01 -1.23298168e-01 2.45571136e-02 1.00000000e+00
262 P st 17 cl 0 sigma 0.17627  G 4.18484211e-02 7.68780708e-02 1.36685371e-01 1.00000000e+00
262 P st 19 cl 0 sigma 0.17627  G 1.35421753e-01 -9.32097435e-02 -5.50746918e-02 1.00000000e+00
262 P st 20 cl 0 sigma 0.17627  G 1.68389082e-01 -5.95808029e-02 2.31623650e-02 1.00000000e+00
262 P st 30 cl 1 sigma 0.40238  G 1.26290321e-01 -1.01125240e-01 -8.10384750e-02 1.00000000e+00
262 P st 31 cl 0 sigma 0.17627  G 3.22461128e-02 -1.69813633e-01 3.09944153e-03 1.00000000e+00
262 P st 37 cl 0 sigma 0.17627  G 1.93953514e-02 -1.76620483e-01 2.93314457e-02 1.00000000e+00
262 P st 38 cl 1 sigma 0.40238  G 1.60396099e-01 -4.23431396e-02 -3.98993492e-02 1.00000000e+00
262 P st 39 cl 0 sigma 0.17627  G -1.22272968e-01 -1.18958950e-01 4.72187996e-02 1.00000000e+00
262 P st 40 cl 0 sigma 0.17627  G 1.61862373e-01 -8.29696655e-03 -7.83205032e-02 1.00000000e+00
262 P st 42 cl 0 sigma 0.17627  G 1.73103809e-01 -3.81886959e-02 2.92539597e-02 1.00000000e+00
262 P st 43 cl 0 sigma 0.17627  G 1.74158812e-01 2.87771225e-02 3.17096710e-02 1.00000000e+00
262 S st 7 cl 1 sigma 0.13790  G 2.73823738e-01 -1.21355057e-01 5.45978546e-03 1.00000000e+00
262 S st 15 cl 1 sigma 0.13790  G 2.22921371e-01 -2.13289261e-01 4.24861908e-02 1.00000000e+00
262 S st 19 cl 1 sigma 0.13790  G 2.34293938e-01 -1.61266327e-01 -9.52720642e-02 1.00000000e+00
262 S st 20 cl 1 sigma 0.13790  G 2.91323662e-01 -1.03092194e-01 4.00781631e-02 1.00000000e+00
# EVENT 263  nrows 12  ncols 4  params[x y z ot]  hypo 5.5406 -10.6178 1.1723
263 P st 13 cl 1 sigma 0.40238  G 1.10113621e-01 -1.17111206e-01 1.43766403e-02 1.00000000e+00
263 P st 15 cl 0 sigma 0.17627  G 1.22159719e-01 -1.02132559e-01 2.75969505e-02 1.00000000e+00
263 P st 17 cl 0 sigma 0.17627  G 9.84370708e-02 -7.43865967e-03 1.23995543e-01 1.00000000e+00
263 P st 20 cl 0 sigma 0.17627  G 1.48999691e-01 -5.76019287e-02 2.52962112e-02 1.00000000e+00
263 P st 31 cl 1 sigma 0.40238  G 4.88996506e-02 -1.52933598e-01 1.66535378e-02 1.00000000e+00
263 P st 37 cl 0 sigma 0.17627  G 5.57661057e-02 -1.46335363e-01 3.93688679e-02 1.00000000e+00
263 P st 39 cl 0 sigma 0.17627  G -2.29239464e-02 -1.24156475e-01 9.65595245e-02 1.00000000e+00
263 P st 40 cl 1 sigma 0.40238  G 1.60086155e-01 -1.56998634e-02 1.22666359e-02 1.00000000e+00
263 P st 41 cl 0 sigma 0.17627  G 1.60455704e-01 -6.22272491e-03 1.64866447e-02 1.00000000e+00
263 P st 42 cl 0 sigma 0.17627  G 1.51497126e-01 -4.42624092e-02 3.42488289e-02 1.00000000e+00
263 P st 43 cl 0 sigma 0.17627  G 1.57046318e-01 -1.75833702e-03 3.95774841e-02 1.00000000e+00
263 S st 43 cl 0 sigma 0.10762  G 2.71677971e-01 -3.05175781e-03 6.84618950e-02 1.00000000e+00
# EVENT 264  nrows 23  ncols 4  params[x y z ot]  hypo -0.3157 0.3639 4.8973
264 P st 5 cl 0 sigma 0.17627  G 7.54237175e-02 2.95996666e-02 1.38145685e-01 1.00000000e+00
264 P st 8 cl 0 sigma 0.17627  G -7.88211823e-02 -1.60932541e-02 1.40750408e-01 1.00000000e+00
264 P st 12 cl 1 sigma 0.40238  G 1.10530853e-01 -4.11093235e-02 1.06298923e-01 1.00000000e+00
264 P st 13 cl 0 sigma 0.17627  G 9.57250595e-02 -6.30617142e-03 1.28155947e-01 1.00000000e+00
264 P st 15 cl 0 sigma 0.17627  G 1.78337097e-02 1.00833178e-01 1.21837854e-01 1.00000000e+00
264 P st 16 cl 0 sigma 0.17627  G -1.16229057e-02 1.21754408e-01 1.05768442e-01 1.00000000e+00
264 P st 20 cl 0 sigma 0.17627  G 4.95672226e-02 1.19805336e-01 9.53435898e-02 1.00000000e+00
264 P st 24 cl 0 sigma 0.17627  G 8.59975815e-02 -1.13451481e-01 7.36832619e-02 1.00000000e+00
264 P st 25 cl 0 sigma 0.17627  G 1.25885010e-02 -1.32060051e-01 8.85248184e-02 1.00000000e+00
264 P st 26 cl 1 sigma 0.40238  G -8.42809677e-02 -1.10781193e-01 7.95960426e-02 1.00000000e+00
264 P st 27 cl 0 sigma 0.17627  G 1.41644478e-01 -4.92095947e-02 5.91278076e-02 1.00000000e+00
264 P st 28 cl 1 sigma 0.40238  G 1.07526779e-02 -8.72015953e-02 1.32972002e-01 1.00000000e+00
264 P st 30 cl 1 sigma 0.40238  G 1.34789944e-01 -8.26120377e-03 8.67605209e-02 1.00000000e+00
264 P st 31 cl 0 sigma 0.17627  G -4.34160233e-02 -4.62293625e-02 1.49399042e-01 1.00000000e+00
264 P st 36 cl 0 sigma 0.17627  G 1.38151646e-01 5.28454781e-02 6.26921654e-02 1.00000000e+00
264 P st 37 cl 0 sigma 0.17627  G -6.45220280e-02 8.62181187e-02 1.19245052e-01 1.00000000e+00
264 P st 40 cl 0 sigma 0.17627  G 1.21450424e-01 9.04202461e-02 5.40733337e-02 1.00000000e+00
264 S st 8 cl 0 sigma 0.10762  G -1.36363506e-01 -2.78472900e-02 2.43496895e-01 1.00000000e+00
264 S st 16 cl 1 sigma 0.13790  G -2.01106071e-02 2.10618973e-01 1.82986259e-01 1.00000000e+00
264 S st 24 cl 1 sigma 0.13790  G 1.48785114e-01 -1.96242332e-01 1.27470493e-01 1.00000000e+00
264 S st 25 cl 0 sigma 0.10762  G 2.18033791e-02 -2.28452682e-01 1.53160095e-01 1.00000000e+00
264 S st 27 cl 1 sigma 0.13790  G 2.45094299e-01 -8.51869583e-02 1.02281570e-01 1.00000000e+00
264 S st 28 cl 1 sigma 0.13790  G 1.86085701e-02 -1.50847435e-01 2.30026245e-01 1.00000000e+00
# EVENT 265  nrows 21  ncols 4  params[x y z ot]  hypo -8.3730 -4.0645 -1.0650
265 P st 7 cl 0 sigma 0.17627  G -1.28349662e-01 9.19789076e-02 6.24626875e-02 1.00000000e+00
265 P st 12 cl 1 sigma 0.40238  G -3.92317772e-02 -1.75279379e-01 1.32620335e-02 1.00000000e+00
265 P st 13 cl 0 sigma 0.17627  G -1.02329254e-01 -1.47414207e-01 1.46508217e-02 1.00000000e+00
265 P st 16 cl 0 sigma 0.17627  G -1.72477961e-01 5.04851341e-02 1.14560127e-02 1.00000000e+00
265 P st 20 cl 0 sigma 0.17627  G -1.52194500e-01 9.49323177e-02 1.48057938e-02 1.00000000e+00
265 P st 25 cl 0 sigma 0.17627  G -8.18014145e-02 -1.51538849e-01 -6.36577606e-03 1.00000000e+00
265 P st 27 cl 0 sigma 0.17627  G 8.97884369e-02 -1.55711174e-01 1.05977058e-02 1.00000000e+00
265 P st 30 cl 0 sigma 0.17627  G 4.09305096e-02 -1.74278021e-01 1.64330006e-02 1.00000000e+00
265 P st 36 cl 0 sigma 0.17627  G 1.77848339e-01 1.38878822e-02 1.86443329e-02 1.00000000e+00
265 P st 37 cl 1 sigma 0.40238  G -1.79767609e-01 1.89542770e-03 9.93013382e-03 1.00000000e+00
265 P st 38 cl 0 sigma 0.17627  G 1.15448236e-01 1.32980943e-01 2.90125608e-02 1.00000000e+00
265 P st 40 cl 0 sigma 0.17627  G 1.20174885e-01 1.33365393e-01 1.40666962e-02 1.00000000e+00
265 P st 41 cl 0 sigma 0.17627  G 8.58306885e-04 1.79457664e-01 1.48653984e-02 1.00000000e+00
265 P st 42 cl 1 sigma 0.40238  G -1.48284435e-01 1.01357698e-01 1.29282475e-02 1.00000000e+00
265 P st 43 cl 0 sigma 0.17627  G -1.30188465e-01 1.23858452e-01 1.14798546e-02 1.00000000e+00
265 S st 7 cl 1 sigma 0.13790  G -2.22048163e-01 1.59120560e-01 1.08063221e-01 1.00000000e+00
265 S st 12 cl 1 sigma 0.13790  G -6.78658485e-02 -3.03232670e-01 2.29358673e-02 1.00000000e+00
265 S st 20 cl 0 sigma 0.10762  G -2.63285637e-01 1.64222717e-01 2.56061554e-02 1.00000000e+00
265 S st 25 cl 1 sigma 0.13790  G -1.41501427e-01 -2.62165070e-01 -1.10149384e-02 1.00000000e+00
265 S st 40 cl 1 sigma 0.13790  G 2.07901001e-01 2.30705738e-01 2.43306160e-02 1.00000000e+00
265 S st 41 cl 1 sigma 0.13790  G 1.49011612e-03 3.10444832e-01 2.57134438e-02 1.00000000e+00
# EVENT 266  nrows 42  ncols 4  params[x y z ot]  hypo -6.0225 -1.6312 2.4808
266 P st 5 cl 0 sigma 0.17627  G -7.54177570e-02 -2.11179256e-02 1.37102604e-01 1.00000000e+00
266 P st 7 cl 0 sigma 0.17627  G 4.16517258e-02 9.20891762e-02 1.18601322e-01 1.00000000e+00
266 P st 11 cl 0 sigma 0.17627  G 5.94139099e-02 -1.33585930e-01 6.25789165e-02 1.00000000e+00
266 P st 12 cl 0 sigma 0.17627  G 2.16364861e-02 -1.19316578e-01 9.86158848e-02 1.00000000e+00
266 P st 13 cl 0 sigma 0.17627  G -2.96056271e-02 -7.45296478e-02 1.33401155e-01 1.00000000e+00
266 P st 15 cl 0 sigma 0.17627  G -1.13254786e-01 7.85231590e-02 7.79032707e-02 1.00000000e+00
266 P st 16 cl 0 sigma 0.17627  G -1.18482113e-01 9.27090645e-02 5.53429127e-02 1.00000000e+00
266 P st 19 cl 0 sigma 0.17627  G 7.59601593e-02 -1.06215477e-02 1.34676695e-01 1.00000000e+00
266 P st 20 cl 0 sigma 0.17627  G -5.98549843e-02 1.27196312e-01 7.57277012e-02 1.00000000e+00
266 P st 25 cl 0 sigma 0.17627  G -6.35743141e-02 -1.42955780e-01 3.60012054e-02 1.00000000e+00
266 P st 26 cl 0 sigma 0.17627  G -1.20723248e-01 -1.03116035e-01 2.64883041e-02 1.00000000e+00
266 P st 27 cl 0 sigma 0.17627  G 1.16479397e-01 -1.01733208e-01 4.39524651e-02 1.00000000e+00
266 P st 28 cl 0 sigma 0.17627  G -9.49382782e-02 -1.16306543e-01 5.54502010e-02 1.00000000e+00
266 P st 30 cl 0 sigma 0.17627  G 9.44614410e-02 -6.86645508e-02 1.04367733e-01 1.00000000e+00
266 P st 31 cl 0 sigma 0.17627  G -1.33699179e-01 -6.91711903e-02 5.29646873e-02 1.00000000e+00
266 P st 33 cl 0 sigma 0.17627  G 1.48940086e-01 -2.07304955e-02 5.35845757e-02 1.00000000e+00
266 P st 34 cl 0 sigma 0.17627  G 1.31964684e-02 -2.14576721e-04 1.59454346e-01 1.00000000e+00
266 P st 36 cl 0 sigma 0.17627  G 1.34634972e-01 5.52058220e-02 6.39617443e-02 1.00000000e+00
266 P st 37 cl 0 sigma 0.17627  G -1.47271156e-01 4.12702560e-02 4.66585159e-02 1.00000000e+00
266 P st 38 cl 0 sigma 0.17627  G 9.23275948e-02 1.00111961e-01 7.80820847e-02 1.00000000e+00
266 P st 39 cl 0 sigma 0.17627  G -1.43015385e-01 6.61611557e-02 3.16619873e-02 1.00000000e+00
266 P st 40 cl 0 sigma 0.17627  G 1.04320049e-01 1.13034248e-01 4.52518463e-02 1.00000000e+00
266 P st 41 cl 0 sigma 0.17627  G 4.09603119e-02 1.45387650e-01 5.25712967e-02 1.00000000e+00
266 P st 42 cl 0 sigma 0.17627  G -7.51197338e-02 1.27100945e-01 5.92887402e-02 1.00000000e+00
266 P st 43 cl 0 sigma 0.17627  G -6.86645508e-02 1.37245655e-01 4.52637672e-02 1.00000000e+00
266 S st 5 cl 1 sigma 0.13790  G -1.30462646e-01 -3.65376472e-02 2.37202644e-01 1.00000000e+00
266 S st 11 cl 0 sigma 0.10762  G 1.02794170e-01 -2.31099129e-01 1.08265877e-01 1.00000000e+00
266 S st 12 cl 0 sigma 0.10762  G 3.74317169e-02 -2.06434727e-01 1.70624256e-01 1.00000000e+00
266 S st 16 cl 1 sigma 0.13790  G -2.04980373e-01 1.60384178e-01 9.57369804e-02 1.00000000e+00
266 S st 19 cl 1 sigma 0.13790  G 1.31404400e-01 -1.83582306e-02 2.32994556e-01 1.00000000e+00
266 S st 26 cl 1 sigma 0.13790  G -2.08854675e-01 -1.78384781e-01 4.58240509e-02 1.00000000e+00
266 S st 27 cl 0 sigma 0.10762  G 2.01499462e-01 -1.75988674e-01 7.60316849e-02 1.00000000e+00
266 S st 28 cl 1 sigma 0.13790  G -1.64246559e-01 -2.01189518e-01 9.59277153e-02 1.00000000e+00
266 S st 31 cl 0 sigma 0.10762  G -2.31301785e-01 -1.19662285e-01 9.16242599e-02 1.00000000e+00
266 S st 33 cl 0 sigma 0.10762  G 2.57682800e-01 -3.58819962e-02 9.26971436e-02 1.00000000e+00
266 S st 34 cl 0 sigma 0.10762  G 2.28226185e-02 -3.63588333e-04 2.75856256e-01 1.00000000e+00
266 S st 36 cl 0 sigma 0.10762  G 2.32934952e-01 9.54985619e-02 1.10661983e-01 1.00000000e+00
266 S st 37 cl 1 sigma 0.13790  G -2.54774094e-01 7.13944435e-02 8.06927681e-02 1.00000000e+00
266 S st 38 cl 1 sigma 0.13790  G 1.59716606e-01 1.73199177e-01 1.35087967e-01 1.00000000e+00
266 S st 40 cl 0 sigma 0.10762  G 1.80447102e-01 1.95527077e-01 7.82966614e-02 1.00000000e+00
266 S st 41 cl 1 sigma 0.13790  G 7.08580017e-02 2.51543522e-01 9.09447670e-02 1.00000000e+00
266 S st 42 cl 0 sigma 0.10762  G -1.29961967e-01 2.19869614e-01 1.02567673e-01 1.00000000e+00
# EVENT 267  nrows 25  ncols 4  params[x y z ot]  hypo -7.5963 -4.9285 -0.2099
267 P st 10 cl 1 sigma 0.40238  G 4.49776649e-02 -1.58834457e-01 -6.37531281e-02 1.00000000e+00
267 P st 11 cl 0 sigma 0.17627  G 2.38418579e-02 -1.69622898e-01 1.40666962e-03 1.00000000e+00
267 P st 12 cl 1 sigma 0.40238  G -1.72138214e-02 -1.75440311e-01 3.43978405e-02 1.00000000e+00
267 P st 13 cl 0 sigma 0.17627  G -7.20977783e-02 -1.60694122e-01 4.41968441e-02 1.00000000e+00
267 P st 15 cl 0 sigma 0.17627  G -1.76137686e-01 2.68220901e-04 4.29749489e-02 1.00000000e+00
267 P st 16 cl 0 sigma 0.17627  G -1.71875954e-01 3.65376472e-02 3.12924385e-02 1.00000000e+00
267 P st 19 cl 0 sigma 0.17627  G 3.99053097e-02 -1.63489580e-01 6.88910484e-02 1.00000000e+00
267 P st 20 cl 0 sigma 0.17627  G -1.52224302e-01 8.11040401e-02 5.64992428e-02 1.00000000e+00
267 P st 24 cl 0 sigma 0.17627  G -8.08238983e-03 -1.62136555e-01 -7.62224197e-02 1.00000000e+00
267 P st 27 cl 0 sigma 0.17627  G 8.67128372e-02 -1.43408775e-01 -3.68952751e-02 1.00000000e+00
267 P st 30 cl 0 sigma 0.17627  G 5.55038452e-02 -1.66797638e-01 4.57704067e-02 1.00000000e+00
267 P st 36 cl 0 sigma 0.17627  G 1.72704458e-01 -1.72078609e-02 5.33521175e-02 1.00000000e+00
267 P st 37 cl 0 sigma 0.17627  G -1.69467926e-01 -1.18017197e-02 -1.62363052e-02 1.00000000e+00
267 P st 38 cl 0 sigma 0.17627  G 1.44180655e-01 6.40630722e-02 9.12040472e-02 1.00000000e+00
267 P st 40 cl 0 sigma 0.17627  G 1.39451027e-01 1.07300282e-01 4.36425209e-02 1.00000000e+00
267 P st 42 cl 0 sigma 0.17627  G -1.49482489e-01 9.32633877e-02 4.37617302e-02 1.00000000e+00
267 P st 43 cl 0 sigma 0.17627  G -1.28901005e-01 1.19918585e-01 3.29315662e-02 1.00000000e+00
267 S st 10 cl 1 sigma 0.13790  G 7.78198242e-02 -2.74801254e-01 -1.10292435e-01 1.00000000e+00
267 S st 11 cl 1 sigma 0.13790  G 4.12344933e-02 -2.93445587e-01 2.43186951e-03 1.00000000e+00
267 S st 19 cl 1 sigma 0.13790  G 6.90281391e-02 -2.82835960e-01 1.19179487e-01 1.00000000e+00
267 S st 20 cl 1 sigma 0.13790  G -2.63333321e-01 1.40321255e-01 9.77396965e-02 1.00000000e+00
267 S st 24 cl 1 sigma 0.13790  G -1.40190125e-02 -2.80475616e-01 -1.31821632e-01 1.00000000e+00
267 S st 27 cl 0 sigma 0.10762  G 1.50036812e-01 -2.48098373e-01 -6.38246536e-02 1.00000000e+00
267 S st 36 cl 1 sigma 0.13790  G 2.98774242e-01 -2.97665596e-02 9.22918320e-02 1.00000000e+00
267 S st 40 cl 1 sigma 0.13790  G 2.41243839e-01 1.85644627e-01 7.55071640e-02 1.00000000e+00
# EVENT 268  nrows 48  ncols 4  params[x y z ot]  hypo -3.9792 -6.0770 1.7275
268 P st 10 cl 0 sigma 0.17627  G 7.44223595e-02 -1.41680241e-01 2.08377838e-02 1.00000000e+00
268 P st 11 cl 0 sigma 0.17627  G 6.54339790e-02 -1.45184994e-01 2.70724297e-02 1.00000000e+00
268 P st 12 cl 0 sigma 0.17627  G 4.82499599e-02 -1.49601698e-01 3.72350216e-02 1.00000000e+00
268 P st 13 cl 0 sigma 0.17627  G 2.44557858e-02 -1.49929523e-01 5.39243221e-02 1.00000000e+00
268 P st 15 cl 0 sigma 0.17627  G -9.61661339e-02 -4.01794910e-02 1.17778778e-01 1.00000000e+00
268 P st 16 cl 0 sigma 0.17627  G -1.32656097e-01 1.65641308e-02 8.76188278e-02 1.00000000e+00
268 P st 17 cl 0 sigma 0.17627  G -1.33109093e-01 8.02516937e-02 4.26530838e-02 1.00000000e+00
268 P st 19 cl 0 sigma 0.17627  G 1.03735924e-01 -1.10286474e-01 5.79178333e-02 1.00000000e+00
268 P st 20 cl 0 sigma 0.17627  G -2.60442495e-02 5.04732132e-02 1.48746371e-01 1.00000000e+00
268 P st 21 cl 0 sigma 0.17627  G -1.10983849e-02 -1.60205364e-01 1.50799751e-02 1.00000000e+00
268 P st 23 cl 0 sigma 0.17627  G 8.58187675e-02 -1.35636330e-01 1.59263611e-02 1.00000000e+00
268 P st 24 cl 0 sigma 0.17627  G 3.03387642e-02 -1.57177448e-01 2.03251839e-02 1.00000000e+00
268 P st 25 cl 0 sigma 0.17627  G -2.88367271e-02 -1.57499313e-01 2.04205513e-02 1.00000000e+00
268 P st 26 cl 0 sigma 0.17627  G -8.98480415e-02 -1.32811069e-01 1.79648399e-02 1.00000000e+00
268 P st 27 cl 0 sigma 0.17627  G 1.04928017e-01 -1.20699406e-01 2.18987465e-02 1.00000000e+00
268 P st 28 cl 0 sigma 0.17627  G -4.42504883e-02 -1.52480602e-01 2.99811363e-02 1.00000000e+00
268 P st 29 cl 0 sigma 0.17627  G -1.12140179e-01 -1.13689899e-01 2.41637230e-02 1.00000000e+00
268 P st 30 cl 0 sigma 0.17627  G 9.71317291e-02 -1.22261047e-01 4.02927399e-02 1.00000000e+00
268 P st 31 cl 0 sigma 0.17627  G -8.61525536e-02 -1.32167339e-01 3.43799591e-02 1.00000000e+00
268 P st 33 cl 0 sigma 0.17627  G 1.39832497e-01 -7.58528709e-02 2.81691551e-02 1.00000000e+00
268 P st 34 cl 0 sigma 0.17627  G 6.74843788e-02 -1.26808882e-01 7.71760941e-02 1.00000000e+00
268 P st 36 cl 0 sigma 0.17627  G 1.53374672e-01 -2.89916992e-02 4.03881073e-02 1.00000000e+00
268 P st 37 cl 0 sigma 0.17627  G -1.48051977e-01 -3.96311283e-02 5.03242016e-02 1.00000000e+00
268 P st 38 cl 0 sigma 0.17627  G 1.48963928e-01 -1.08480453e-03 6.40869141e-02 1.00000000e+00
268 P st 39 cl 0 sigma 0.17627  G -1.56903267e-01 1.84416771e-02 3.42607498e-02 1.00000000e+00
268 P st 40 cl 0 sigma 0.17627  G 1.49714947e-01 4.74333763e-02 3.88383865e-02 1.00000000e+00
268 P st 42 cl 0 sigma 0.17627  G -7.15255737e-02 8.49962234e-02 1.19805336e-01 1.00000000e+00
268 P st 43 cl 0 sigma 0.17627  G -6.76810741e-02 1.25157833e-01 7.94053078e-02 1.00000000e+00
268 P st 44 cl 0 sigma 0.17627  G 1.30796432e-01 8.99672508e-02 3.06248665e-02 1.00000000e+00
268 S st 10 cl 1 sigma 0.13790  G 1.28769875e-01 -2.45094299e-01 3.60727310e-02 1.00000000e+00
268 S st 11 cl 0 sigma 0.10762  G 1.13201141e-01 -2.51173973e-01 4.68254089e-02 1.00000000e+00
268 S st 12 cl 1 sigma 0.13790  G 8.34584236e-02 -2.58827209e-01 6.44326210e-02 1.00000000e+00
268 S st 13 cl 1 sigma 0.13790  G 4.23073769e-02 -2.59387493e-01 9.33051109e-02 1.00000000e+00
268 S st 16 cl 1 sigma 0.13790  G -2.29489803e-01 2.86579132e-02 1.51574612e-01 1.00000000e+00
268 S st 17 cl 1 sigma 0.13790  G -2.30264664e-01 1.38831139e-01 7.37905502e-02 1.00000000e+00
268 S st 20 cl 1 sigma 0.13790  G -4.50611115e-02 8.73208046e-02 2.57337093e-01 1.00000000e+00
268 S st 21 cl 1 sigma 0.13790  G -1.92165375e-02 -2.77090073e-01 2.61545181e-02 1.00000000e+00
268 S st 23 cl 1 sigma 0.13790  G 1.48487091e-01 -2.34651566e-01 2.75611877e-02 1.00000000e+00
268 S st 24 cl 0 sigma 0.10762  G 5.24997711e-02 -2.71892548e-01 3.51905823e-02 1.00000000e+00
268 S st 26 cl 1 sigma 0.13790  G -1.55425072e-01 -2.29740143e-01 3.10897827e-02 1.00000000e+00
268 S st 27 cl 1 sigma 0.13790  G 1.81508064e-01 -2.08830833e-01 3.79085541e-02 1.00000000e+00
268 S st 29 cl 0 sigma 0.10762  G -1.94001198e-01 -1.96671486e-01 4.18186188e-02 1.00000000e+00
268 S st 30 cl 1 sigma 0.13790  G 1.68061256e-01 -2.11548805e-01 6.96897507e-02 1.00000000e+00
268 S st 31 cl 1 sigma 0.13790  G -1.49035454e-01 -2.28643417e-01 5.94854355e-02 1.00000000e+00
268 S st 36 cl 1 sigma 0.13790  G 2.65336037e-01 -5.01394272e-02 6.98447227e-02 1.00000000e+00
268 S st 38 cl 0 sigma 0.10762  G 2.57718563e-01 -1.87158585e-03 1.10864639e-01 1.00000000e+00
268 S st 40 cl 0 sigma 0.10762  G 2.59006023e-01 8.20994377e-02 6.72101974e-02 1.00000000e+00
268 S st 44 cl 1 sigma 0.13790  G 2.26283073e-01 1.55663490e-01 5.30004501e-02 1.00000000e+00
# EVENT 269  nrows 24  ncols 4  params[x y z ot]  hypo -6.8517 -5.8619 1.0455
269 P st 12 cl 1 sigma 0.40238  G -2.38418579e-04 -1.59734488e-01 2.86102295e-02 1.00000000e+00
269 P st 13 cl 0 sigma 0.17627  G -4.12285328e-02 -1.52266026e-01 3.97384167e-02 1.00000000e+00
269 P st 15 cl 0 sigma 0.17627  G -1.53440237e-01 -2.53140926e-02 5.02943993e-02 1.00000000e+00
269 P st 16 cl 0 sigma 0.17627  G -1.57546997e-01 1.65343285e-02 3.64720821e-02 1.00000000e+00
269 P st 19 cl 0 sigma 0.17627  G 5.03659248e-02 -1.41096115e-01 6.32226467e-02 1.00000000e+00
269 P st 20 cl 0 sigma 0.17627  G -1.31648779e-01 4.95314598e-02 8.68737698e-02 1.00000000e+00
269 P st 30 cl 0 sigma 0.17627  G 5.83052635e-02 -1.46967173e-01 3.75568867e-02 1.00000000e+00
269 P st 31 cl 0 sigma 0.17627  G -1.14941597e-01 -1.12211704e-01 1.97768211e-02 1.00000000e+00
269 P st 34 cl 0 sigma 0.17627  G -1.72495842e-02 -1.45113468e-01 7.31587410e-02 1.00000000e+00
269 P st 36 cl 0 sigma 0.17627  G 1.51616335e-01 -3.70025635e-02 4.85181808e-02 1.00000000e+00
269 P st 37 cl 1 sigma 0.40238  G -1.58095360e-01 -2.66671181e-02 2.35676765e-02 1.00000000e+00
269 P st 38 cl 0 sigma 0.17627  G 1.30647421e-01 6.92009926e-03 1.00898743e-01 1.00000000e+00
269 P st 39 cl 1 sigma 0.40238  G -1.59788132e-01 1.72734261e-02 1.76072121e-02 1.00000000e+00
269 P st 40 cl 0 sigma 0.17627  G 1.40273571e-01 7.16030598e-02 4.29809093e-02 1.00000000e+00
269 P st 42 cl 0 sigma 0.17627  G -1.34581327e-01 7.09235668e-02 5.67078590e-02 1.00000000e+00
269 P st 43 cl 0 sigma 0.17627  G -1.18345022e-01 1.04713440e-01 3.99589539e-02 1.00000000e+00
269 P st 44 cl 0 sigma 0.17627  G 1.10882521e-01 1.15168095e-01 2.76625156e-02 1.00000000e+00
269 S st 12 cl 1 sigma 0.13790  G -4.17232513e-04 -2.76339054e-01 4.94956970e-02 1.00000000e+00
269 S st 13 cl 1 sigma 0.13790  G -7.13467598e-02 -2.63416767e-01 6.87599182e-02 1.00000000e+00
269 S st 20 cl 0 sigma 0.10762  G -2.27749348e-01 8.56876373e-02 1.50293112e-01 1.00000000e+00
269 S st 31 cl 1 sigma 0.13790  G -1.98841095e-01 -1.94108486e-01 3.42011452e-02 1.00000000e+00
269 S st 34 cl 0 sigma 0.10762  G -2.98500061e-02 -2.51030922e-01 1.26576424e-01 1.00000000e+00
269 S st 40 cl 1 sigma 0.13790  G 2.42686272e-01 1.23894215e-01 7.43627548e-02 1.00000000e+00
269 S st 44 cl 0 sigma 0.10762  G 1.91819668e-01 1.99234486e-01 4.78744507e-02 1.00000000e+00
# EVENT 270  nrows 16  ncols 4  params[x y z ot]  hypo -4.2847 -4.6285 -2.5794
270 P st 2 cl 1 sigma 0.40238  G -1.53887272e-01 9.34481621e-02 -3.37374210e-01 1.00000000e+00
270 P st 7 cl 0 sigma 0.17627  G 2.76982784e-01 9.91225243e-03 -1.52510405e-01 1.00000000e+00
270 P st 10 cl 0 sigma 0.17627  G 8.83102417e-02 -1.56891346e-01 -3.37386131e-01 1.00000000e+00
270 P st 12 cl 0 sigma 0.17627  G 5.86032867e-02 -1.70230865e-01 -3.37374210e-01 1.00000000e+00
270 P st 13 cl 0 sigma 0.17627  G 2.67148018e-02 -1.78045034e-01 -3.37374210e-01 1.00000000e+00
270 P st 15 cl 0 sigma 0.17627  G -2.33000517e-01 2.37882137e-02 -2.27475166e-01 1.00000000e+00
270 P st 16 cl 0 sigma 0.17627  G -1.65438652e-01 7.10010529e-02 -3.37368250e-01 1.00000000e+00
270 P st 19 cl 1 sigma 0.40238  G 1.40929222e-01 -1.12110376e-01 -3.37296724e-01 1.00000000e+00
270 P st 20 cl 0 sigma 0.17627  G -1.22731924e-01 3.60095501e-01 -4.46736813e-02 1.00000000e+00
270 P st 26 cl 1 sigma 0.40238  G -1.09887123e-01 -1.42025948e-01 -3.37529182e-01 1.00000000e+00
270 P st 27 cl 0 sigma 0.17627  G 1.25241280e-01 -1.29318237e-01 -3.37374210e-01 1.00000000e+00
270 P st 30 cl 1 sigma 0.40238  G 1.23763084e-01 -1.30760670e-01 -3.37386131e-01 1.00000000e+00
270 P st 33 cl 1 sigma 0.40238  G 1.66320801e-01 -6.89268112e-02 -3.37386131e-01 1.00000000e+00
270 P st 38 cl 0 sigma 0.17627  G 1.74975395e-01 4.23908234e-02 -3.37386131e-01 1.00000000e+00
270 S st 12 cl 1 sigma 0.13790  G 1.01411343e-01 -2.94494629e-01 -5.83660603e-01 1.00000000e+00
270 S st 16 cl 1 sigma 0.13790  G -2.86221504e-01 1.22821331e-01 -5.83660603e-01 1.00000000e+00
# EVENT 271  nrows 37  ncols 4  params[x y z ot]  hypo 1.5035 -2.6181 1.9467
271 P st 2 cl 0 sigma 0.17627  G -9.67383385e-03 1.44171715e-01 6.60777092e-02 1.00000000e+00
271 P st 5 cl 0 sigma 0.17627  G 1.38640404e-01 -4.13596630e-02 6.80983067e-02 1.00000000e+00
271 P st 7 cl 0 sigma 0.17627  G 1.51824951e-01 3.60727310e-02 3.80873680e-02 1.00000000e+00
271 P st 10 cl 1 sigma 0.40238  G 1.24657154e-01 -1.00100040e-01 1.96456909e-02 1.00000000e+00
271 P st 13 cl 0 sigma 0.17627  G 1.35570765e-01 -6.78658485e-02 4.94122505e-02 1.00000000e+00
271 P st 15 cl 0 sigma 0.17627  G 9.26911831e-02 7.80105591e-02 1.03706121e-01 1.00000000e+00
271 P st 16 cl 0 sigma 0.17627  G 3.57985497e-02 1.24216080e-01 9.16600227e-02 1.00000000e+00
271 P st 18 cl 0 sigma 0.17627  G -2.73942947e-02 -1.52766705e-01 3.99410725e-02 1.00000000e+00
271 P st 19 cl 0 sigma 0.17627  G 1.55818462e-01 -2.07543373e-02 3.43084335e-02 1.00000000e+00
271 P st 20 cl 0 sigma 0.17627  G 1.09857321e-01 1.01059675e-01 5.66422939e-02 1.00000000e+00
271 P st 21 cl 0 sigma 0.17627  G 3.73959541e-02 -1.55639648e-01 1.78694725e-02 1.00000000e+00
271 P st 24 cl 0 sigma 0.17627  G 9.32216644e-02 -1.29413605e-01 2.19702721e-02 1.00000000e+00
271 P st 25 cl 0 sigma 0.17627  G 3.47256660e-02 -1.54781342e-01 2.72512436e-02 1.00000000e+00
271 P st 26 cl 0 sigma 0.17627  G -5.83767891e-02 -1.47414207e-01 2.80737877e-02 1.00000000e+00
271 P st 27 cl 0 sigma 0.17627  G 1.42896175e-01 -7.18951225e-02 1.86800957e-02 1.00000000e+00
271 P st 28 cl 0 sigma 0.17627  G 4.67717648e-02 -1.45423412e-01 4.78327274e-02 1.00000000e+00
271 P st 29 cl 0 sigma 0.17627  G -8.24213028e-02 -1.26075745e-01 5.11229038e-02 1.00000000e+00
271 P st 31 cl 0 sigma 0.17627  G 1.98483467e-03 -1.36137009e-01 7.87436962e-02 1.00000000e+00
271 P st 34 cl 0 sigma 0.17627  G 1.51574612e-01 -1.91509724e-02 4.60922718e-02 1.00000000e+00
271 P st 37 cl 0 sigma 0.17627  G -6.11305237e-02 6.04212284e-02 1.32155418e-01 1.00000000e+00
271 P st 40 cl 0 sigma 0.17627  G 1.46269798e-01 6.41226768e-02 2.05755234e-02 1.00000000e+00
271 P st 42 cl 0 sigma 0.17627  G 7.71164894e-02 1.26904249e-01 5.75959682e-02 1.00000000e+00
271 P st 43 cl 0 sigma 0.17627  G 5.55157661e-02 1.43420696e-01 4.34279442e-02 1.00000000e+00
271 S st 2 cl 1 sigma 0.13790  G -1.67369843e-02 2.49409676e-01 1.14321709e-01 1.00000000e+00
271 S st 7 cl 0 sigma 0.10762  G 2.62653828e-01 6.24179840e-02 6.58750534e-02 1.00000000e+00
271 S st 10 cl 1 sigma 0.13790  G 2.15697289e-01 -1.73187256e-01 3.39508057e-02 1.00000000e+00
271 S st 13 cl 0 sigma 0.10762  G 2.34532356e-01 -1.17421150e-01 8.54730606e-02 1.00000000e+00
271 S st 15 cl 0 sigma 0.10762  G 1.60360336e-01 1.34974718e-01 1.79415941e-01 1.00000000e+00
271 S st 16 cl 1 sigma 0.13790  G 6.19173050e-02 2.14910507e-01 1.58572197e-01 1.00000000e+00
271 S st 18 cl 0 sigma 0.10762  G -4.73976135e-02 -2.64298916e-01 6.90937042e-02 1.00000000e+00
271 S st 19 cl 1 sigma 0.13790  G 2.69579887e-01 -3.58939171e-02 5.93543053e-02 1.00000000e+00
271 S st 24 cl 0 sigma 0.10762  G 1.61266327e-01 -2.23922729e-01 3.80039215e-02 1.00000000e+00
271 S st 27 cl 0 sigma 0.10762  G 2.47240067e-01 -1.24406815e-01 3.22818756e-02 1.00000000e+00
271 S st 31 cl 0 sigma 0.10762  G 3.43322754e-03 -2.35509872e-01 1.36232376e-01 1.00000000e+00
271 S st 34 cl 0 sigma 0.10762  G 2.62224674e-01 -3.31282616e-02 7.97510147e-02 1.00000000e+00
271 S st 37 cl 1 sigma 0.13790  G -1.05750561e-01 1.04522705e-01 2.28631496e-01 1.00000000e+00
271 S st 40 cl 1 sigma 0.13790  G 2.53033638e-01 1.10912323e-01 3.55958939e-02 1.00000000e+00
# EVENT 272  nrows 25  ncols 4  params[x y z ot]  hypo -8.5702 -5.1658 1.3645
272 P st 11 cl 0 sigma 0.17627  G 6.71148300e-03 -1.59251690e-01 2.33173370e-02 1.00000000e+00
272 P st 12 cl 0 sigma 0.17627  G -3.35514545e-02 -1.54185295e-01 3.10480595e-02 1.00000000e+00
272 P st 13 cl 0 sigma 0.17627  G -7.95483589e-02 -1.33240223e-01 3.94999981e-02 1.00000000e+00
272 P st 16 cl 0 sigma 0.17627  G -1.56754255e-01 2.55227089e-02 2.69830227e-02 1.00000000e+00
272 P st 18 cl 0 sigma 0.17627  G -1.15478039e-01 -1.11651421e-01 1.38282776e-02 1.00000000e+00
272 P st 19 cl 0 sigma 0.17627  G -2.91466713e-03 -1.32697821e-01 8.17239285e-02 1.00000000e+00
272 P st 20 cl 0 sigma 0.17627  G -1.41179562e-01 5.44726849e-02 5.37872314e-02 1.00000000e+00
272 P st 21 cl 1 sigma 0.40238  G -4.73737717e-02 -1.53696537e-01 1.09553337e-02 1.00000000e+00
272 P st 24 cl 1 sigma 0.40238  G -1.87158585e-02 -1.59347057e-01 1.55329704e-02 1.00000000e+00
272 P st 25 cl 1 sigma 0.40238  G -7.32183456e-02 -1.42943859e-01 1.38521194e-02 1.00000000e+00
272 P st 30 cl 0 sigma 0.17627  G 2.41756439e-02 -1.51008368e-01 4.75108624e-02 1.00000000e+00
272 P st 31 cl 1 sigma 0.40238  G -1.28781796e-01 -9.51647758e-02 1.82271004e-02 1.00000000e+00
272 P st 34 cl 0 sigma 0.17627  G -7.44163990e-02 -1.18547678e-01 7.48276711e-02 1.00000000e+00
272 P st 36 cl 1 sigma 0.40238  G 1.36029720e-01 -2.43067741e-02 7.55131245e-02 1.00000000e+00
272 P st 37 cl 0 sigma 0.17627  G -1.59418583e-01 -1.34110451e-02 1.96695328e-02 1.00000000e+00
272 P st 38 cl 0 sigma 0.17627  G 6.80446625e-02 3.90291214e-02 1.34390593e-01 1.00000000e+00
272 P st 40 cl 0 sigma 0.17627  G 1.11490488e-01 9.96947289e-02 5.40852547e-02 1.00000000e+00
272 P st 42 cl 0 sigma 0.17627  G -1.39439106e-01 6.90162182e-02 3.80575657e-02 1.00000000e+00
272 P st 43 cl 0 sigma 0.17627  G -1.25396252e-01 9.62018967e-02 2.91347504e-02 1.00000000e+00
272 S st 11 cl 1 sigma 0.13790  G 1.16109848e-02 -2.75516510e-01 4.03642654e-02 1.00000000e+00
272 S st 12 cl 1 sigma 0.13790  G -5.80430031e-02 -2.66754627e-01 5.37037849e-02 1.00000000e+00
272 S st 19 cl 1 sigma 0.13790  G -5.03063202e-03 -2.29597092e-01 1.41406059e-01 1.00000000e+00
272 S st 20 cl 1 sigma 0.13790  G -2.44212151e-01 9.42468643e-02 9.30547714e-02 1.00000000e+00
272 S st 24 cl 1 sigma 0.13790  G -3.24010849e-02 -2.75683403e-01 2.68459320e-02 1.00000000e+00
272 S st 34 cl 1 sigma 0.13790  G -1.28746033e-01 -2.05087662e-01 1.29449368e-01 1.00000000e+00
# EVENT 273  nrows 34  ncols 4  params[x y z ot]  hypo -8.1673 -4.7631 2.0951
273 P st 2 cl 0 sigma 0.17627  G -1.47891045e-01 5.31554222e-02 4.04596329e-02 1.00000000e+00
273 P st 5 cl 0 sigma 0.17627  G -1.07932091e-01 -9.34481621e-02 7.92562962e-02 1.00000000e+00
273 P st 7 cl 0 sigma 0.17627  G -3.48031521e-02 -1.04606152e-03 1.56405568e-01 1.00000000e+00
273 P st 10 cl 1 sigma 0.40238  G 3.70383263e-02 -1.54066086e-01 3.37958336e-02 1.00000000e+00
273 P st 11 cl 0 sigma 0.17627  G 1.31726265e-02 -1.55329704e-01 4.48703766e-02 1.00000000e+00
273 P st 12 cl 0 sigma 0.17627  G -2.63035297e-02 -1.49565935e-01 5.87105751e-02 1.00000000e+00
273 P st 13 cl 0 sigma 0.17627  G -7.19845295e-02 -1.26898289e-01 7.24315643e-02 1.00000000e+00
273 P st 15 cl 0 sigma 0.17627  G -1.48308277e-01 3.74317169e-03 6.52134418e-02 1.00000000e+00
273 P st 16 cl 0 sigma 0.17627  G -1.50829554e-01 3.28361988e-02 5.09798527e-02 1.00000000e+00
273 P st 19 cl 0 sigma 0.17627  G 9.68575478e-03 -1.06322765e-01 1.18249655e-01 1.00000000e+00
273 P st 20 cl 0 sigma 0.17627  G -1.23381615e-01 6.21199608e-02 8.64863396e-02 1.00000000e+00
273 P st 25 cl 0 sigma 0.17627  G -7.11560249e-02 -1.42800808e-01 2.62498856e-02 1.00000000e+00
273 P st 26 cl 1 sigma 0.40238  G -1.16300583e-01 -1.10077858e-01 2.09093094e-02 1.00000000e+00
273 P st 29 cl 0 sigma 0.17627  G -1.36315823e-01 -8.30769539e-02 2.57372856e-02 1.00000000e+00
273 P st 30 cl 0 sigma 0.17627  G 3.32474709e-02 -1.37317181e-01 8.00669193e-02 1.00000000e+00
273 P st 33 cl 0 sigma 0.17627  G 1.23065710e-01 -8.60095024e-02 6.04450703e-02 1.00000000e+00
273 P st 34 cl 0 sigma 0.17627  G -5.84900379e-02 -1.00851059e-01 1.15573406e-01 1.00000000e+00
273 P st 37 cl 0 sigma 0.17627  G -1.57344341e-01 -8.08238983e-03 3.81231308e-02 1.00000000e+00
273 P st 38 cl 0 sigma 0.17627  G 6.79016113e-02 4.50313091e-02 1.38199329e-01 1.00000000e+00
273 P st 39 cl 0 sigma 0.17627  G -1.56879425e-01 2.74300575e-02 2.88367271e-02 1.00000000e+00
273 P st 40 cl 0 sigma 0.17627  G 1.07663870e-01 9.73045826e-02 7.62104988e-02 1.00000000e+00
273 P st 42 cl 0 sigma 0.17627  G -1.28287077e-01 7.60495663e-02 6.59048557e-02 1.00000000e+00
273 P st 43 cl 0 sigma 0.17627  G -1.15716457e-01 1.01232529e-01 5.24759293e-02 1.00000000e+00
273 S st 7 cl 0 sigma 0.10762  G -6.02126122e-02 -1.79409981e-03 2.70581245e-01 1.00000000e+00
273 S st 10 cl 1 sigma 0.13790  G 6.41107559e-02 -2.66504288e-01 5.84602356e-02 1.00000000e+00
273 S st 11 cl 0 sigma 0.10762  G 2.27928162e-02 -2.68721581e-01 7.76052475e-02 1.00000000e+00
273 S st 12 cl 1 sigma 0.13790  G -4.55260277e-02 -2.58755684e-01 1.01578236e-01 1.00000000e+00
273 S st 16 cl 1 sigma 0.13790  G -2.60925293e-01 5.68389893e-02 8.81910324e-02 1.00000000e+00
273 S st 19 cl 1 sigma 0.13790  G 1.67608261e-02 -1.83928013e-01 2.04563141e-01 1.00000000e+00
273 S st 34 cl 1 sigma 0.13790  G -1.01196766e-01 -1.74474716e-01 1.99937820e-01 1.00000000e+00
273 S st 38 cl 1 sigma 0.13790  G 1.17468834e-01 7.79032707e-02 2.39074230e-01 1.00000000e+00
273 S st 40 cl 0 sigma 0.10762  G 1.86240673e-01 1.68335438e-01 1.31845474e-01 1.00000000e+00
273 S st 42 cl 0 sigma 0.10762  G -2.21943855e-01 1.31607056e-01 1.14035606e-01 1.00000000e+00
273 S st 43 cl 1 sigma 0.13790  G -2.00200081e-01 1.75142288e-01 9.08017159e-02 1.00000000e+00
# EVENT 274  nrows 43  ncols 4  params[x y z ot]  hypo 2.3055 -2.8649 2.8529
274 P st 2 cl 0 sigma 0.17627  G 9.94205475e-03 1.32006407e-01 9.29534435e-02 1.00000000e+00
274 P st 5 cl 0 sigma 0.17627  G 1.31142139e-01 -3.92854214e-02 8.11040401e-02 1.00000000e+00
274 P st 7 cl 0 sigma 0.17627  G 1.48999691e-01 2.87175179e-02 5.29170036e-02 1.00000000e+00
274 P st 8 cl 0 sigma 0.17627  G -2.42292881e-02 -1.10208988e-01 1.16682053e-01 1.00000000e+00
274 P st 11 cl 0 sigma 0.17627  G 1.28388405e-01 -9.00506973e-02 3.68952751e-02 1.00000000e+00
274 P st 12 cl 0 sigma 0.17627  G 1.30701065e-01 -8.08238983e-02 4.82916832e-02 1.00000000e+00
274 P st 13 cl 0 sigma 0.17627  G 1.33121014e-01 -6.38544559e-02 6.41405582e-02 1.00000000e+00
274 P st 15 cl 0 sigma 0.17627  G 9.83357430e-02 5.72919846e-02 1.14321709e-01 1.00000000e+00
274 P st 16 cl 0 sigma 0.17627  G 5.24044037e-02 1.00624561e-01 1.13022327e-01 1.00000000e+00
274 P st 17 cl 0 sigma 0.17627  G -1.82509422e-02 1.43826008e-01 7.00116158e-02 1.00000000e+00
274 P st 19 cl 0 sigma 0.17627  G 1.51860714e-01 -2.22086906e-02 4.80890274e-02 1.00000000e+00
274 P st 20 cl 0 sigma 0.17627  G 1.14154816e-01 8.53776932e-02 7.44462013e-02 1.00000000e+00
274 P st 21 cl 1 sigma 0.40238  G 4.33087349e-02 -1.52778625e-01 2.73823738e-02 1.00000000e+00
274 P st 24 cl 0 sigma 0.17627  G 9.65356827e-02 -1.24919415e-01 3.29256058e-02 1.00000000e+00
274 P st 25 cl 0 sigma 0.17627  G 4.28676605e-02 -1.49965286e-01 4.09245491e-02 1.00000000e+00
274 P st 26 cl 1 sigma 0.40238  G -4.69803810e-02 -1.48010254e-01 4.39167023e-02 1.00000000e+00
274 P st 28 cl 0 sigma 0.17627  G 5.66601753e-02 -1.35838985e-01 6.50346279e-02 1.00000000e+00
274 P st 29 cl 0 sigma 0.17627  G -6.39081001e-02 -1.26528740e-01 7.48932362e-02 1.00000000e+00
274 P st 30 cl 0 sigma 0.17627  G 1.47974491e-01 -4.73737717e-02 4.18663025e-02 1.00000000e+00
274 P st 31 cl 0 sigma 0.17627  G 2.15590000e-02 -1.25753880e-01 9.81271267e-02 1.00000000e+00
274 P st 33 cl 1 sigma 0.40238  G 1.56831741e-01 -2.25305557e-02 2.95162201e-02 1.00000000e+00
274 P st 36 cl 0 sigma 0.17627  G 1.56855583e-01 1.60455704e-02 3.35454941e-02 1.00000000e+00
274 P st 37 cl 0 sigma 0.17627  G -3.02970409e-02 5.10334969e-02 1.50907040e-01 1.00000000e+00
274 P st 38 cl 0 sigma 0.17627  G 1.51050091e-01 3.86357307e-02 4.05430794e-02 1.00000000e+00
274 P st 39 cl 0 sigma 0.17627  G -8.60154629e-02 9.82820988e-02 9.10639763e-02 1.00000000e+00
274 P st 40 cl 0 sigma 0.17627  G 1.46961212e-01 5.85675240e-02 3.10420990e-02 1.00000000e+00
274 P st 41 cl 1 sigma 0.40238  G 1.29234791e-01 8.70347023e-02 4.04715538e-02 1.00000000e+00
274 P st 42 cl 0 sigma 0.17627  G 8.70704651e-02 1.11728907e-01 7.73608685e-02 1.00000000e+00
274 P st 43 cl 0 sigma 0.17627  G 6.68406487e-02 1.32441521e-01 6.32643700e-02 1.00000000e+00
274 S st 2 cl 1 sigma 0.13790  G 1.72138214e-02 2.28369236e-01 1.60813332e-01 1.00000000e+00
274 S st 7 cl 0 sigma 0.10762  G 2.57766247e-01 4.96864319e-02 9.15408134e-02 1.00000000e+00
274 S st 11 cl 0 sigma 0.10762  G 2.22110748e-01 -1.55782700e-01 6.38246536e-02 1.00000000e+00
274 S st 12 cl 1 sigma 0.13790  G 2.26128101e-01 -1.39832497e-01 8.35418701e-02 1.00000000e+00
274 S st 16 cl 0 sigma 0.10762  G 9.06467438e-02 1.74081326e-01 1.95527077e-01 1.00000000e+00
274 S st 19 cl 1 sigma 0.13790  G 2.62737274e-01 -3.84330750e-02 8.32319260e-02 1.00000000e+00
274 S st 24 cl 0 sigma 0.10762  G 1.66988373e-01 -2.16102600e-01 5.69820404e-02 1.00000000e+00
274 S st 29 cl 0 sigma 0.10762  G -1.10554695e-01 -2.18892097e-01 1.29556656e-01 1.00000000e+00
274 S st 30 cl 1 sigma 0.13790  G 2.56013870e-01 -8.19921494e-02 7.24315643e-02 1.00000000e+00
274 S st 31 cl 1 sigma 0.13790  G 3.73005867e-02 -2.17556953e-01 1.69765949e-01 1.00000000e+00
274 S st 33 cl 1 sigma 0.13790  G 2.71320343e-01 -3.89814377e-02 5.10692596e-02 1.00000000e+00
274 S st 36 cl 1 sigma 0.13790  G 2.71368027e-01 2.77519226e-02 5.80310822e-02 1.00000000e+00
274 S st 38 cl 1 sigma 0.13790  G 2.61330605e-01 6.68287277e-02 7.01665878e-02 1.00000000e+00
274 S st 40 cl 1 sigma 0.13790  G 2.54249573e-01 1.01327896e-01 5.36918640e-02 1.00000000e+00
# EVENT 275  nrows 46  ncols 4  params[x y z ot]  hypo 1.6158 -2.5932 2.4391
275 P st 1 cl 0 sigma 0.17627  G 9.16481018e-02 -1.30522251e-01 2.24471092e-02 1.00000000e+00
275 P st 2 cl 0 sigma 0.17627  G -6.54459000e-03 1.37877464e-01 7.86244869e-02 1.00000000e+00
275 P st 5 cl 0 sigma 0.17627  G 1.32852793e-01 -3.82125378e-02 7.96616077e-02 1.00000000e+00
275 P st 7 cl 0 sigma 0.17627  G 1.49047375e-01 3.53932381e-02 4.76121902e-02 1.00000000e+00
275 P st 10 cl 0 sigma 0.17627  G 1.24549866e-01 -9.88841057e-02 2.52485275e-02 1.00000000e+00
275 P st 12 cl 0 sigma 0.17627  G 1.30748749e-01 -8.32557678e-02 4.34875488e-02 1.00000000e+00
275 P st 13 cl 0 sigma 0.17627  G 1.32226944e-01 -6.45935535e-02 6.02841377e-02 1.00000000e+00
275 P st 15 cl 0 sigma 0.17627  G 8.68022442e-02 7.09533691e-02 1.12736225e-01 1.00000000e+00
275 P st 16 cl 0 sigma 0.17627  G 3.59535217e-02 1.14428997e-01 1.03837252e-01 1.00000000e+00
275 P st 17 cl 0 sigma 0.17627  G -3.09586525e-02 1.47128105e-01 5.67913055e-02 1.00000000e+00
275 P st 18 cl 0 sigma 0.17627  G -2.50160694e-02 -1.49953365e-01 5.07235527e-02 1.00000000e+00
275 P st 19 cl 0 sigma 0.17627  G 1.53553486e-01 -1.98602676e-02 4.32610512e-02 1.00000000e+00
275 P st 20 cl 0 sigma 0.17627  G 1.06889009e-01 9.66429710e-02 6.78360462e-02 1.00000000e+00
275 P st 22 cl 0 sigma 0.17627  G 4.57763672e-03 -1.58643723e-01 2.72035599e-02 1.00000000e+00
275 P st 24 cl 0 sigma 0.17627  G 9.35196877e-02 -1.27851963e-01 2.83241272e-02 1.00000000e+00
275 P st 25 cl 0 sigma 0.17627  G 3.57985497e-02 -1.52909756e-01 3.51428986e-02 1.00000000e+00
275 P st 27 cl 0 sigma 0.17627  G 1.42514706e-01 -7.09414482e-02 2.39729881e-02 1.00000000e+00
275 P st 28 cl 0 sigma 0.17627  G 4.76181507e-02 -1.40869617e-01 5.92291355e-02 1.00000000e+00
275 P st 29 cl 0 sigma 0.17627  G -7.84873962e-02 -1.22964382e-01 6.36756420e-02 1.00000000e+00
275 P st 30 cl 0 sigma 0.17627  G 1.49261951e-01 -4.71234322e-02 3.71456146e-02 1.00000000e+00
275 P st 31 cl 0 sigma 0.17627  G 4.83393669e-03 -1.27440691e-01 9.24468040e-02 1.00000000e+00
275 P st 34 cl 0 sigma 0.17627  G 1.49375200e-01 -1.81496143e-02 5.65230846e-02 1.00000000e+00
275 P st 36 cl 0 sigma 0.17627  G 1.57213211e-01 1.98125839e-02 2.89320946e-02 1.00000000e+00
275 P st 37 cl 0 sigma 0.17627  G -5.31852245e-02 5.74588776e-02 1.38878822e-01 1.00000000e+00
275 P st 38 cl 0 sigma 0.17627  G 1.50609016e-01 4.42862511e-02 3.53455544e-02 1.00000000e+00
275 P st 39 cl 0 sigma 0.17627  G -9.99569893e-02 1.02853775e-01 7.20798969e-02 1.00000000e+00
275 P st 40 cl 0 sigma 0.17627  G 1.45602226e-01 6.35862350e-02 2.63929367e-02 1.00000000e+00
275 P st 41 cl 0 sigma 0.17627  G 1.25944614e-01 9.41038132e-02 3.46183777e-02 1.00000000e+00
275 P st 42 cl 0 sigma 0.17627  G 7.58171082e-02 1.21420622e-01 6.89387321e-02 1.00000000e+00
275 P st 43 cl 0 sigma 0.17627  G 5.62906265e-02 1.40535831e-01 5.39302826e-02 1.00000000e+00
275 P st 45 cl 1 sigma 0.40238  G 1.48415565e-02 1.54709816e-01 4.15086746e-02 1.00000000e+00
275 S st 7 cl 0 sigma 0.10762  G 2.57849693e-01 6.12258911e-02 8.23497772e-02 1.00000000e+00
275 S st 12 cl 1 sigma 0.13790  G 2.26211548e-01 -1.44028664e-01 7.52329826e-02 1.00000000e+00
275 S st 13 cl 0 sigma 0.10762  G 2.28738785e-01 -1.11746788e-01 1.04296207e-01 1.00000000e+00
275 S st 15 cl 0 sigma 0.10762  G 1.50167942e-01 1.22737885e-01 1.95038319e-01 1.00000000e+00
275 S st 16 cl 1 sigma 0.13790  G 6.22034073e-02 1.97970867e-01 1.79624557e-01 1.00000000e+00
275 S st 18 cl 1 sigma 0.13790  G -4.32848930e-02 -2.59423256e-01 8.77499580e-02 1.00000000e+00
275 S st 22 cl 1 sigma 0.13790  G 7.93933868e-03 -2.74443626e-01 4.70876694e-02 1.00000000e+00
275 S st 24 cl 0 sigma 0.10762  G 1.61767006e-01 -2.21180916e-01 4.89950180e-02 1.00000000e+00
275 S st 27 cl 0 sigma 0.10762  G 2.46548653e-01 -1.22737885e-01 4.14848328e-02 1.00000000e+00
275 S st 31 cl 0 sigma 0.10762  G 8.36849213e-03 -2.20477581e-01 1.59943104e-01 1.00000000e+00
275 S st 34 cl 0 sigma 0.10762  G 2.58433819e-01 -3.13997269e-02 9.77873802e-02 1.00000000e+00
275 S st 36 cl 1 sigma 0.13790  G 2.72011757e-01 3.43084335e-02 5.00440598e-02 1.00000000e+00
275 S st 37 cl 0 sigma 0.10762  G -9.19938087e-02 9.94086266e-02 2.40242481e-01 1.00000000e+00
275 S st 38 cl 1 sigma 0.13790  G 2.60567665e-01 7.66038895e-02 6.11305237e-02 1.00000000e+00
275 S st 40 cl 1 sigma 0.13790  G 2.51913071e-01 1.10054016e-01 4.56571579e-02 1.00000000e+00
# EVENT 276  nrows 11  ncols 4  params[x y z ot]  hypo -4.9801 -13.6842 8.0422
276 P st 15 cl 1 sigma 0.40238  G -4.54425812e-02 -1.06346607e-01 1.14715099e-01 1.00000000e+00
276 P st 19 cl 0 sigma 0.17627  G 3.55362892e-02 -1.25706196e-01 9.52243805e-02 1.00000000e+00
276 P st 27 cl 1 sigma 0.40238  G 6.21318817e-02 -1.34778023e-01 6.48736954e-02 1.00000000e+00
276 P st 29 cl 1 sigma 0.40238  G -7.68899918e-02 -1.25980377e-01 6.61373138e-02 1.00000000e+00
276 P st 33 cl 0 sigma 0.17627  G 8.14080238e-02 -1.15358829e-01 7.95841217e-02 1.00000000e+00
276 P st 36 cl 1 sigma 0.40238  G 8.25285912e-02 -9.78708267e-02 1.00183487e-01 1.00000000e+00
276 P st 37 cl 1 sigma 0.40238  G -8.33988190e-02 -9.81807709e-02 9.71913338e-02 1.00000000e+00
276 P st 41 cl 0 sigma 0.17627  G 4.81367111e-02 -5.07473946e-02 1.44147873e-01 1.00000000e+00
276 S st 29 cl 1 sigma 0.13790  G -1.33037567e-01 -2.17938423e-01 1.14440918e-01 1.00000000e+00
276 S st 33 cl 0 sigma 0.10762  G 1.40833855e-01 -1.99580193e-01 1.37710571e-01 1.00000000e+00
276 S st 36 cl 1 sigma 0.13790  G 1.42765045e-01 -1.69324875e-01 1.73330307e-01 1.00000000e+00
# EVENT 277  nrows 24  ncols 4  params[x y z ot]  hypo -5.7137 -6.6302 -1.3469
277 P st 7 cl 0 sigma 0.17627  G 1.20225549e-01 -1.32417679e-01 2.75731087e-02 1.00000000e+00
277 P st 12 cl 0 sigma 0.17627  G 2.13325024e-02 -1.78658962e-01 1.11579895e-02 1.00000000e+00
277 P st 15 cl 0 sigma 0.17627  G -1.67948008e-01 -6.37114048e-02 1.66058540e-02 1.00000000e+00
277 P st 16 cl 0 sigma 0.17627  G -1.79862976e-01 -3.63588333e-04 1.43110752e-02 1.00000000e+00
277 P st 19 cl 0 sigma 0.17627  G 8.28027725e-02 -1.59668922e-01 1.45316124e-02 1.00000000e+00
277 P st 20 cl 0 sigma 0.17627  G -1.73595548e-01 3.94999981e-02 3.07708979e-02 1.00000000e+00
277 P st 25 cl 0 sigma 0.17627  G -4.76479530e-02 -1.66833401e-01 -3.91960144e-02 1.00000000e+00
277 P st 30 cl 0 sigma 0.17627  G 8.13305378e-02 -1.60473585e-01 1.21355057e-02 1.00000000e+00
277 P st 31 cl 0 sigma 0.17627  G -1.13010406e-01 -1.40035152e-01 9.93013382e-03 1.00000000e+00
277 P st 34 cl 0 sigma 0.17627  G 2.25901604e-02 -1.78289413e-01 1.62601471e-02 1.00000000e+00
277 P st 36 cl 0 sigma 0.17627  G 1.71649456e-01 -5.37872314e-02 1.31666660e-02 1.00000000e+00
277 P st 37 cl 0 sigma 0.17627  G -1.73354149e-01 -4.81545925e-02 1.14500523e-02 1.00000000e+00
277 P st 38 cl 0 sigma 0.17627  G 1.77809596e-01 -2.43127346e-02 1.85132027e-02 1.00000000e+00
277 P st 39 cl 0 sigma 0.17627  G -1.79684162e-01 9.64403152e-03 9.81092453e-03 1.00000000e+00
277 P st 40 cl 0 sigma 0.17627  G 1.71494484e-01 5.42759895e-02 1.31309032e-02 1.00000000e+00
277 P st 41 cl 0 sigma 0.17627  G 1.10381842e-01 1.41477585e-01 1.90794468e-02 1.00000000e+00
277 P st 42 cl 0 sigma 0.17627  G -1.61689520e-01 7.78257847e-02 2.00569630e-02 1.00000000e+00
277 P st 43 cl 0 sigma 0.17627  G -1.30826235e-01 1.23286247e-01 1.53899193e-02 1.00000000e+00
277 S st 16 cl 1 sigma 0.13790  G -3.11160088e-01 -6.31809235e-04 2.47597694e-02 1.00000000e+00
277 S st 25 cl 1 sigma 0.13790  G -8.24213028e-02 -2.88605690e-01 -6.77585602e-02 1.00000000e+00
277 S st 34 cl 1 sigma 0.13790  G 3.90887260e-02 -3.08442116e-01 2.81095505e-02 1.00000000e+00
277 S st 38 cl 1 sigma 0.13790  G 3.07631493e-01 -4.20451164e-02 3.20196152e-02 1.00000000e+00
277 S st 40 cl 0 sigma 0.10762  G 2.96688080e-01 9.38892365e-02 2.27093697e-02 1.00000000e+00
277 S st 41 cl 0 sigma 0.10762  G 1.90949440e-01 2.44748592e-01 3.29971313e-02 1.00000000e+00
# EVENT 278  nrows 23  ncols 4  params[x y z ot]  hypo -8.3278 -6.3728 4.7593
278 P st 7 cl 0 sigma 0.17627  G -2.10225582e-02 -3.81588936e-02 1.54525042e-01 1.00000000e+00
278 P st 12 cl 1 sigma 0.40238  G -2.19702721e-02 -1.35219097e-01 8.51273537e-02 1.00000000e+00
278 P st 13 cl 0 sigma 0.17627  G -5.35786152e-02 -1.16354227e-01 9.78946686e-02 1.00000000e+00
278 P st 16 cl 1 sigma 0.40238  G -1.34408474e-01 3.79085541e-03 8.98122787e-02 1.00000000e+00
278 P st 19 cl 0 sigma 0.17627  G 3.16500664e-03 -1.02621317e-01 1.25819445e-01 1.00000000e+00
278 P st 20 cl 0 sigma 0.17627  G -9.51111317e-02 1.50918961e-02 1.27023458e-01 1.00000000e+00
278 P st 25 cl 1 sigma 0.40238  G -6.40392303e-02 -1.40023232e-01 4.84466553e-02 1.00000000e+00
278 P st 30 cl 0 sigma 0.17627  G 2.01344490e-02 -1.20675564e-01 1.03354454e-01 1.00000000e+00
278 P st 33 cl 0 sigma 0.17627  G 9.35077667e-02 -9.23156738e-02 9.23871994e-02 1.00000000e+00
278 P st 36 cl 0 sigma 0.17627  G 8.71002674e-02 -3.82423401e-02 1.28692389e-01 1.00000000e+00
278 P st 40 cl 0 sigma 0.17627  G 8.37504864e-02 4.74214554e-02 1.26838684e-01 1.00000000e+00
278 P st 41 cl 0 sigma 0.17627  G 1.60336494e-03 7.99000263e-02 1.40362978e-01 1.00000000e+00
278 P st 42 cl 0 sigma 0.17627  G -1.11711025e-01 3.60488892e-02 1.11424923e-01 1.00000000e+00
278 P st 43 cl 0 sigma 0.17627  G -1.07383728e-01 6.61611557e-02 9.84907150e-02 1.00000000e+00
278 P st 46 cl 0 sigma 0.17627  G -9.55760479e-02 -9.05692577e-02 9.43660736e-02 1.00000000e+00
278 S st 12 cl 1 sigma 0.13790  G -3.80039215e-02 -2.33912468e-01 1.47271156e-01 1.00000000e+00
278 S st 13 cl 1 sigma 0.13790  G -9.26852226e-02 -2.01284885e-01 1.69336796e-01 1.00000000e+00
278 S st 16 cl 1 sigma 0.13790  G -2.32541561e-01 6.56843185e-03 1.55353546e-01 1.00000000e+00
278 S st 19 cl 1 sigma 0.13790  G 5.48362732e-03 -1.77538395e-01 2.17652321e-01 1.00000000e+00
278 S st 20 cl 1 sigma 0.13790  G -1.64532661e-01 2.61068344e-02 2.19726562e-01 1.00000000e+00
278 S st 30 cl 0 sigma 0.10762  G 3.48091125e-02 -2.08759308e-01 1.78790092e-01 1.00000000e+00
278 S st 40 cl 0 sigma 0.10762  G 1.44875050e-01 8.20517540e-02 2.19404697e-01 1.00000000e+00
278 S st 41 cl 1 sigma 0.13790  G 2.77757645e-03 1.38235092e-01 2.42841244e-01 1.00000000e+00
# EVENT 279  nrows 38  ncols 4  params[x y z ot]  hypo -7.0371 -5.5156 1.1603
279 P st 2 cl 1 sigma 0.40238  G -1.51944160e-01 4.87267971e-02 2.57909298e-02 1.00000000e+00
279 P st 5 cl 0 sigma 0.17627  G -8.92460346e-02 -1.25718117e-01 5.23149967e-02 1.00000000e+00
279 P st 7 cl 0 sigma 0.17627  G 2.11775303e-02 -4.18573618e-02 1.48230791e-01 1.00000000e+00
279 P st 12 cl 0 sigma 0.17627  G -3.79085541e-03 -1.58780813e-01 3.02135944e-02 1.00000000e+00
279 P st 13 cl 0 sigma 0.17627  G -4.68969345e-02 -1.48743391e-01 4.19974327e-02 1.00000000e+00
279 P st 15 cl 0 sigma 0.17627  G -1.53470039e-01 -1.53303146e-02 4.87327576e-02 1.00000000e+00
279 P st 16 cl 0 sigma 0.17627  G -1.55895948e-01 2.32636929e-02 3.49044800e-02 1.00000000e+00
279 P st 17 cl 0 sigma 0.17627  G -1.44577026e-01 6.92009926e-02 2.04443932e-02 1.00000000e+00
279 P st 19 cl 0 sigma 0.17627  G 4.65393066e-02 -1.35928392e-01 6.96480274e-02 1.00000000e+00
279 P st 20 cl 0 sigma 0.17627  G -1.25581026e-01 5.68568707e-02 7.94529915e-02 1.00000000e+00
279 P st 24 cl 1 sigma 0.40238  G -1.50203705e-03 -1.60694122e-01 1.52587891e-02 1.00000000e+00
279 P st 30 cl 0 sigma 0.17627  G 5.66959381e-02 -1.45655870e-01 4.05490398e-02 1.00000000e+00
279 P st 31 cl 0 sigma 0.17627  G -1.18315220e-01 -1.08158588e-01 1.99675560e-02 1.00000000e+00
279 P st 33 cl 0 sigma 0.17627  G 1.30832195e-01 -9.07540321e-02 2.79009342e-02 1.00000000e+00
279 P st 34 cl 0 sigma 0.17627  G -2.40921974e-02 -1.35946274e-01 7.94947147e-02 1.00000000e+00
279 P st 36 cl 0 sigma 0.17627  G 1.50322914e-01 -2.88307667e-02 5.13851643e-02 1.00000000e+00
279 P st 37 cl 1 sigma 0.40238  G -1.58655643e-01 -2.08258629e-02 2.31981277e-02 1.00000000e+00
279 P st 38 cl 0 sigma 0.17627  G 1.25545263e-01 2.13325024e-02 1.05333328e-01 1.00000000e+00
279 P st 39 cl 0 sigma 0.17627  G -1.59180164e-01 2.11358070e-02 1.72734261e-02 1.00000000e+00
279 P st 40 cl 0 sigma 0.17627  G 1.34891272e-01 7.94231892e-02 4.29391861e-02 1.00000000e+00
279 P st 41 cl 0 sigma 0.17627  G 4.20391560e-02 1.40452385e-01 6.76095486e-02 1.00000000e+00
279 P st 42 cl 0 sigma 0.17627  G -1.32507086e-01 7.63714314e-02 5.26010990e-02 1.00000000e+00
279 P st 43 cl 0 sigma 0.17627  G -1.15764141e-01 1.06281042e-01 3.71694565e-02 1.00000000e+00
279 P st 45 cl 0 sigma 0.17627  G -1.12998486e-01 1.13451481e-01 2.20060349e-02 1.00000000e+00
279 S st 7 cl 0 sigma 0.10762  G 3.66389751e-02 -7.24136829e-02 2.56443024e-01 1.00000000e+00
279 S st 12 cl 1 sigma 0.13790  G -6.55651093e-03 -2.74682045e-01 5.22732735e-02 1.00000000e+00
279 S st 13 cl 1 sigma 0.13790  G -8.11457634e-02 -2.57325172e-01 7.26699829e-02 1.00000000e+00
279 S st 15 cl 1 sigma 0.13790  G -2.65502930e-01 -2.65121460e-02 8.43048096e-02 1.00000000e+00
279 S st 16 cl 1 sigma 0.13790  G -2.69699097e-01 4.02450562e-02 6.03795052e-02 1.00000000e+00
279 S st 17 cl 1 sigma 0.13790  G -2.50124931e-01 1.19662285e-01 3.53336334e-02 1.00000000e+00
279 S st 20 cl 0 sigma 0.10762  G -2.17247009e-01 9.83476639e-02 1.37460232e-01 1.00000000e+00
279 S st 24 cl 1 sigma 0.13790  G -2.57492065e-03 -2.77996063e-01 2.63214111e-02 1.00000000e+00
279 S st 30 cl 0 sigma 0.10762  G 9.80854034e-02 -2.51984596e-01 7.01546669e-02 1.00000000e+00
279 S st 33 cl 1 sigma 0.13790  G 2.26342678e-01 -1.56998634e-01 4.82797623e-02 1.00000000e+00
279 S st 34 cl 1 sigma 0.13790  G -4.16517258e-02 -2.35188007e-01 1.37519836e-01 1.00000000e+00
279 S st 36 cl 1 sigma 0.13790  G 2.60055065e-01 -4.98890877e-02 8.89182091e-02 1.00000000e+00
279 S st 40 cl 1 sigma 0.13790  G 2.33340263e-01 1.37412548e-01 7.42912292e-02 1.00000000e+00
279 S st 41 cl 1 sigma 0.13790  G 7.27057457e-02 2.42984295e-01 1.16956234e-01 1.00000000e+00
# EVENT 280  nrows 15  ncols 4  params[x y z ot]  hypo 1.6565 -2.8539 -1.3922
280 P st 2 cl 0 sigma 0.17627  G -7.59959221e-03 1.79725885e-01 1.50680542e-02 1.00000000e+00
280 P st 13 cl 0 sigma 0.17627  G 1.59358978e-01 -8.35478306e-02 1.26659870e-02 1.00000000e+00
280 P st 15 cl 0 sigma 0.17627  G 1.46001577e-01 1.04579329e-01 2.06679106e-02 1.00000000e+00
280 P st 16 cl 0 sigma 0.17627  G 5.88476658e-02 1.69670582e-01 1.91748142e-02 1.00000000e+00
280 P st 26 cl 0 sigma 0.17627  G -6.31093979e-02 -1.68550014e-01 9.65595245e-03 1.00000000e+00
280 P st 27 cl 1 sigma 0.40238  G 1.53255463e-01 -7.87019730e-02 -5.60402870e-02 1.00000000e+00
280 P st 31 cl 0 sigma 0.17627  G 7.89761543e-03 -1.79654360e-01 1.58369541e-02 1.00000000e+00
280 P st 37 cl 0 sigma 0.17627  G -1.30093098e-01 1.20887160e-01 3.50564718e-02 1.00000000e+00
280 P st 39 cl 0 sigma 0.17627  G -1.28465891e-01 1.25932693e-01 1.43706799e-02 1.00000000e+00
280 P st 41 cl 0 sigma 0.17627  G 1.46198273e-01 1.04963779e-01 9.56058502e-03 1.00000000e+00
280 P st 43 cl 1 sigma 0.40238  G 6.96182251e-02 1.65927410e-01 1.23441219e-02 1.00000000e+00
280 S st 13 cl 1 sigma 0.13790  G 2.75695324e-01 -1.44529343e-01 2.19106674e-02 1.00000000e+00
280 S st 16 cl 1 sigma 0.13790  G 1.01798773e-01 2.93529034e-01 3.31699848e-02 1.00000000e+00
280 S st 37 cl 1 sigma 0.13790  G -2.25061178e-01 2.09116936e-01 6.06477261e-02 1.00000000e+00
280 S st 39 cl 1 sigma 0.13790  G -2.22253799e-01 2.17866898e-01 2.48670578e-02 1.00000000e+00
# EVENT 281  nrows 42  ncols 4  params[x y z ot]  hypo 2.7527 -2.3308 0.5531
281 P st 2 cl 0 sigma 0.17627  G 2.26438046e-02 1.58768892e-01 2.78890133e-02 1.00000000e+00
281 P st 5 cl 0 sigma 0.17627  G 1.57570839e-01 -3.12447548e-02 2.35438347e-02 1.00000000e+00
281 P st 7 cl 0 sigma 0.17627  G 1.56760216e-01 3.71098518e-02 1.28269196e-02 1.00000000e+00
281 P st 11 cl 0 sigma 0.17627  G 1.36363506e-01 -8.57830048e-02 9.88245010e-03 1.00000000e+00
281 P st 12 cl 0 sigma 0.17627  G 1.42121315e-01 -7.58647919e-02 1.23023987e-02 1.00000000e+00
281 P st 13 cl 0 sigma 0.17627  G 1.50257349e-01 -5.77270985e-02 1.66654587e-02 1.00000000e+00
281 P st 14 cl 0 sigma 0.17627  G 1.58119202e-01 1.24096870e-02 3.84628773e-02 1.00000000e+00
281 P st 15 cl 0 sigma 0.17627  G 1.32369995e-01 8.61585140e-02 4.15503979e-02 1.00000000e+00
281 P st 16 cl 0 sigma 0.17627  G 7.71403313e-02 1.37710571e-01 4.00722027e-02 1.00000000e+00
281 P st 17 cl 0 sigma 0.17627  G -1.02043152e-02 1.60634518e-01 1.79767609e-02 1.00000000e+00
281 P st 19 cl 0 sigma 0.17627  G 1.60408020e-01 -1.49011612e-02 1.19805336e-02 1.00000000e+00
281 P st 20 cl 0 sigma 0.17627  G 1.26844645e-01 9.89675522e-02 1.89542770e-02 1.00000000e+00
281 P st 21 cl 0 sigma 0.17627  G 4.90427017e-02 -1.53481960e-01 7.95125961e-03 1.00000000e+00
281 P st 24 cl 0 sigma 0.17627  G 1.04224682e-01 -1.22869015e-01 9.10758972e-03 1.00000000e+00
281 P st 25 cl 0 sigma 0.17627  G 5.15222549e-02 -1.52647495e-01 1.10983849e-02 1.00000000e+00
281 P st 27 cl 0 sigma 0.17627  G 1.47104263e-01 -6.57796860e-02 7.86781311e-03 1.00000000e+00
281 P st 29 cl 0 sigma 0.17627  G -6.88910484e-02 -1.44952536e-01 2.63512135e-02 1.00000000e+00
281 P st 30 cl 1 sigma 0.40238  G 1.55735016e-01 -4.12821770e-02 1.07765198e-02 1.00000000e+00
281 P st 31 cl 0 sigma 0.17627  G 4.39226627e-02 -1.51681900e-01 4.21583652e-02 1.00000000e+00
281 P st 33 cl 1 sigma 0.40238  G 1.60205364e-01 -1.74045563e-02 8.14199448e-03 1.00000000e+00
281 P st 35 cl 0 sigma 0.17627  G -1.44296885e-01 -5.33580780e-02 5.90741634e-02 1.00000000e+00
281 P st 36 cl 0 sigma 0.17627  G 1.59716606e-01 2.13623047e-02 8.92877579e-03 1.00000000e+00
281 P st 37 cl 0 sigma 0.17627  G -1.76668167e-02 9.73880291e-02 1.26087666e-01 1.00000000e+00
281 P st 38 cl 0 sigma 0.17627  G 1.54793262e-01 4.46557999e-02 1.02877617e-02 1.00000000e+00
281 P st 39 cl 0 sigma 0.17627  G -9.07599926e-02 1.31571293e-01 3.06665897e-02 1.00000000e+00
281 P st 40 cl 0 sigma 0.17627  G 1.48499012e-01 6.25967979e-02 8.35657120e-03 1.00000000e+00
281 P st 41 cl 0 sigma 0.17627  G 1.32358074e-01 9.18984413e-02 1.01923943e-02 1.00000000e+00
281 P st 46 cl 0 sigma 0.17627  G 1.52629614e-01 -4.55617905e-02 3.38077545e-02 1.00000000e+00
281 S st 2 cl 1 sigma 0.13790  G 3.91721725e-02 2.74658203e-01 4.82439995e-02 1.00000000e+00
281 S st 11 cl 1 sigma 0.13790  G 2.35915184e-01 -1.48439407e-01 1.71184540e-02 1.00000000e+00
281 S st 12 cl 1 sigma 0.13790  G 2.45857239e-01 -1.31261349e-01 2.12788582e-02 1.00000000e+00
281 S st 13 cl 1 sigma 0.13790  G 2.59971619e-01 -9.98497009e-02 2.88486481e-02 1.00000000e+00
281 S st 15 cl 1 sigma 0.13790  G 2.29001045e-01 1.49059296e-01 7.18951225e-02 1.00000000e+00
281 S st 24 cl 0 sigma 0.10762  G 1.80315971e-01 -2.12621689e-01 1.58071518e-02 1.00000000e+00
281 S st 27 cl 0 sigma 0.10762  G 2.54464149e-01 -1.13821030e-01 1.35898590e-02 1.00000000e+00
281 S st 29 cl 1 sigma 0.13790  G -1.19185448e-01 -2.50792503e-01 4.55856323e-02 1.00000000e+00
281 S st 30 cl 1 sigma 0.13790  G 2.69412994e-01 -7.14540482e-02 1.86443329e-02 1.00000000e+00
281 S st 31 cl 0 sigma 0.10762  G 7.59959221e-02 -2.62403488e-01 7.29560852e-02 1.00000000e+00
281 S st 33 cl 1 sigma 0.13790  G 2.77185440e-01 -3.00884247e-02 1.40905380e-02 1.00000000e+00
281 S st 35 cl 1 sigma 0.13790  G -2.49624252e-01 -9.23037529e-02 1.02186203e-01 1.00000000e+00
281 S st 39 cl 1 sigma 0.13790  G -1.56998634e-01 2.27594376e-01 5.30481339e-02 1.00000000e+00
281 S st 40 cl 0 sigma 0.10762  G 2.56872177e-01 1.08289719e-01 1.44720078e-02 1.00000000e+00
# EVENT 282  nrows 49  ncols 4  params[x y z ot]  hypo -6.5865 -6.1127 -1.6692
282 P st 2 cl 0 sigma 0.17627  G -1.73944235e-01 4.64797020e-02 -3.56632471e-01 1.00000000e+00
282 P st 7 cl 0 sigma 0.17627  G 1.21530890e-01 -1.97878480e-01 -1.34837627e-01 1.00000000e+00
282 P st 8 cl 0 sigma 0.17627  G -1.44958496e-01 -1.06763840e-01 -3.56626511e-01 1.00000000e+00
282 P st 10 cl 0 sigma 0.17627  G 5.68389893e-02 -1.70826912e-01 -3.56638432e-01 1.00000000e+00
282 P st 13 cl 0 sigma 0.17627  G -3.89754772e-02 -1.75774097e-01 -3.56638432e-01 1.00000000e+00
282 P st 14 cl 0 sigma 0.17627  G -1.42049789e-01 -1.10608339e-01 -3.56632471e-01 1.00000000e+00
282 P st 15 cl 0 sigma 0.17627  G -1.75821781e-01 -3.87251377e-02 -3.56638432e-01 1.00000000e+00
282 P st 16 cl 0 sigma 0.17627  G -1.79553032e-01 1.30712986e-02 -3.56632471e-01 1.00000000e+00
282 P st 17 cl 0 sigma 0.17627  G -1.64806843e-01 7.24792480e-02 -3.56626511e-01 1.00000000e+00
282 P st 19 cl 0 sigma 0.17627  G 6.59167767e-02 -1.67542696e-01 -3.56632471e-01 1.00000000e+00
282 P st 20 cl 0 sigma 0.17627  G -1.71053410e-01 5.61773777e-02 -3.56635451e-01 1.00000000e+00
282 P st 21 cl 0 sigma 0.17627  G -3.11851501e-02 -1.58500671e-01 -3.65877151e-01 1.00000000e+00
282 P st 22 cl 0 sigma 0.17627  G -6.19888306e-02 -1.49869919e-01 -3.65567207e-01 1.00000000e+00
282 P st 24 cl 0 sigma 0.17627  G 3.71932983e-03 -1.79994106e-01 -3.56650352e-01 1.00000000e+00
282 P st 25 cl 0 sigma 0.17627  G -5.95688820e-02 -1.69241428e-01 -3.56996059e-01 1.00000000e+00
282 P st 26 cl 0 sigma 0.17627  G -1.06954575e-01 -1.25479698e-01 -3.64255905e-01 1.00000000e+00
282 P st 27 cl 0 sigma 0.17627  G 9.60946083e-02 -1.52254105e-01 -3.56638432e-01 1.00000000e+00
282 P st 28 cl 0 sigma 0.17627  G -8.43405724e-02 -1.59049034e-01 -3.56638432e-01 1.00000000e+00
282 P st 29 cl 1 sigma 0.40238  G -1.40583515e-01 -1.12378597e-01 -3.56650352e-01 1.00000000e+00
282 P st 30 cl 0 sigma 0.17627  G 6.97493553e-02 -1.65981054e-01 -3.56632471e-01 1.00000000e+00
282 P st 31 cl 0 sigma 0.17627  G -1.24788284e-01 -1.29759312e-01 -3.56626511e-01 1.00000000e+00
282 P st 33 cl 0 sigma 0.17627  G 1.45375729e-01 -1.06203556e-01 -3.56638432e-01 1.00000000e+00
282 P st 34 cl 0 sigma 0.17627  G -9.56058502e-03 -1.79779530e-01 -3.56632471e-01 1.00000000e+00
282 P st 35 cl 1 sigma 0.40238  G -1.67465210e-01 -6.60657883e-02 -3.56650352e-01 1.00000000e+00
282 P st 36 cl 0 sigma 0.17627  G 1.73634291e-01 -4.75764275e-02 -3.56632471e-01 1.00000000e+00
282 P st 37 cl 0 sigma 0.17627  G -1.76560879e-01 -3.51905823e-02 -3.56638432e-01 1.00000000e+00
282 P st 38 cl 0 sigma 0.17627  G 1.80572271e-01 -4.12464142e-03 -3.56614590e-01 1.00000000e+00
282 P st 39 cl 0 sigma 0.17627  G -1.79314613e-01 1.62601471e-02 -3.56650352e-01 1.00000000e+00
282 P st 40 cl 0 sigma 0.17627  G 1.64365768e-01 7.34746456e-02 -3.56638432e-01 1.00000000e+00
282 P st 41 cl 0 sigma 0.17627  G 7.49766827e-02 1.63680315e-01 -3.56638432e-01 1.00000000e+00
282 P st 42 cl 0 sigma 0.17627  G -1.60855055e-01 8.08477402e-02 -3.56638432e-01 1.00000000e+00
282 P st 43 cl 0 sigma 0.17627  G -1.35046244e-01 1.19060278e-01 -3.56638432e-01 1.00000000e+00
282 S st 7 cl 0 sigma 0.10762  G 2.10249424e-01 -3.42327356e-01 -2.33274698e-01 1.00000000e+00
282 S st 8 cl 1 sigma 0.13790  G -2.50768661e-01 -1.84702873e-01 -6.17003441e-01 1.00000000e+00
282 S st 10 cl 1 sigma 0.13790  G 9.82999802e-02 -2.95543671e-01 -6.16955757e-01 1.00000000e+00
282 S st 14 cl 1 sigma 0.13790  G -2.45738029e-01 -1.91342831e-01 -6.16967678e-01 1.00000000e+00
282 S st 15 cl 1 sigma 0.13790  G -3.04174423e-01 -6.69956207e-02 -6.16979599e-01 1.00000000e+00
282 S st 16 cl 0 sigma 0.10762  G -3.10647488e-01 2.26378441e-02 -6.16991520e-01 1.00000000e+00
282 S st 20 cl 0 sigma 0.10762  G -2.95919180e-01 9.71972942e-02 -6.16979599e-01 1.00000000e+00
282 S st 21 cl 1 sigma 0.13790  G -5.39541245e-02 -2.74181366e-01 -6.33025169e-01 1.00000000e+00
282 S st 24 cl 0 sigma 0.10762  G 6.41345978e-03 -3.11374664e-01 -6.16979599e-01 1.00000000e+00
282 S st 25 cl 1 sigma 0.13790  G -1.03044510e-01 -2.92778015e-01 -6.17599487e-01 1.00000000e+00
282 S st 27 cl 0 sigma 0.10762  G 1.66273117e-01 -2.63381004e-01 -6.16979599e-01 1.00000000e+00
282 S st 28 cl 1 sigma 0.13790  G -1.45888329e-01 -2.75182724e-01 -6.16979599e-01 1.00000000e+00
282 S st 31 cl 1 sigma 0.13790  G -2.15888023e-01 -2.24494934e-01 -6.16979599e-01 1.00000000e+00
282 S st 36 cl 1 sigma 0.13790  G 3.00395489e-01 -8.23140144e-02 -6.16991520e-01 1.00000000e+00
282 S st 40 cl 0 sigma 0.10762  G 2.84349918e-01 1.27089024e-01 -6.16991520e-01 1.00000000e+00
282 S st 41 cl 0 sigma 0.10762  G 1.29699707e-01 2.83169746e-01 -6.16979599e-01 1.00000000e+00
282 S st 43 cl 0 sigma 0.10762  G -2.33626366e-01 2.05981731e-01 -6.16967678e-01 1.00000000e+00
# EVENT 283  nrows 46  ncols 4  params[x y z ot]  hypo -6.4108 0.1403 2.8750
283 P st 1 cl 0 sigma 0.17627  G 2.78353691e-02 -1.52695179e-01 4.22000885e-02 1.00000000e+00
283 P st 2 cl 0 sigma 0.17627  G -1.08134747e-01 1.10983849e-01 4.32610512e-02 1.00000000e+00
283 P st 5 cl 0 sigma 0.17627  G -7.75039196e-02 3.51369381e-02 1.34021044e-01 1.00000000e+00
283 P st 7 cl 0 sigma 0.17627  G 2.44915485e-02 1.17427111e-01 1.01774931e-01 1.00000000e+00
283 P st 8 cl 0 sigma 0.17627  G -1.50847435e-01 -1.47342682e-02 5.47409058e-02 1.00000000e+00
283 P st 10 cl 0 sigma 0.17627  G 7.99417496e-02 -1.25217438e-01 6.12735748e-02 1.00000000e+00
283 P st 11 cl 0 sigma 0.17627  G 6.11364841e-02 -1.16229057e-01 9.35971737e-02 1.00000000e+00
283 P st 12 cl 0 sigma 0.17627  G 1.35421753e-02 -8.37922096e-02 1.36071444e-01 1.00000000e+00
283 P st 13 cl 0 sigma 0.17627  G -4.16457653e-02 -1.68442726e-02 1.51640177e-01 1.00000000e+00
283 P st 14 cl 0 sigma 0.17627  G -1.04963779e-01 7.18951225e-02 9.97364521e-02 1.00000000e+00
283 P st 15 cl 0 sigma 0.17627  G -1.01917982e-01 1.00344419e-01 7.23958015e-02 1.00000000e+00
283 P st 16 cl 0 sigma 0.17627  G -1.07288361e-01 1.07228756e-01 5.48124313e-02 1.00000000e+00
283 P st 17 cl 0 sigma 0.17627  G -1.06000900e-01 1.15942955e-01 3.54290009e-02 1.00000000e+00
283 P st 19 cl 0 sigma 0.17627  G 6.88433647e-02 4.73678112e-02 1.39415264e-01 1.00000000e+00
283 P st 20 cl 0 sigma 0.17627  G -5.49018383e-02 1.34068727e-01 6.77466393e-02 1.00000000e+00
283 P st 22 cl 1 sigma 0.40238  G -8.16106796e-02 -1.34563446e-01 3.47852707e-02 1.00000000e+00
283 P st 24 cl 0 sigma 0.17627  G 8.19563866e-03 -1.49178505e-01 5.81979752e-02 1.00000000e+00
283 P st 25 cl 0 sigma 0.17627  G -7.62820244e-02 -1.33025646e-01 5.00679016e-02 1.00000000e+00
283 P st 27 cl 0 sigma 0.17627  G 1.23369694e-01 -8.31127167e-02 6.16371632e-02 1.00000000e+00
283 P st 29 cl 0 sigma 0.17627  G -1.49118900e-01 -4.31895256e-02 4.19378281e-02 1.00000000e+00
283 P st 30 cl 0 sigma 0.17627  G 9.03308392e-02 -2.27510929e-02 1.30033493e-01 1.00000000e+00
283 P st 31 cl 0 sigma 0.17627  G -1.42520666e-01 -3.78966331e-02 6.47366047e-02 1.00000000e+00
283 P st 34 cl 0 sigma 0.17627  G -2.08616257e-03 5.85556030e-02 1.48540735e-01 1.00000000e+00
283 P st 36 cl 0 sigma 0.17627  G 1.17456913e-01 8.36431980e-02 6.92844391e-02 1.00000000e+00
283 P st 37 cl 0 sigma 0.17627  G -1.38914585e-01 6.32286072e-02 5.00559807e-02 1.00000000e+00
283 P st 38 cl 0 sigma 0.17627  G 7.25388527e-02 1.21963024e-01 7.49826431e-02 1.00000000e+00
283 P st 39 cl 0 sigma 0.17627  G -1.35564804e-01 7.98940659e-02 3.50236893e-02 1.00000000e+00
283 P st 40 cl 0 sigma 0.17627  G 8.77380371e-02 1.25813484e-01 4.79340553e-02 1.00000000e+00
283 P st 41 cl 0 sigma 0.17627  G 2.90989876e-02 1.49321556e-01 5.15937805e-02 1.00000000e+00
283 P st 43 cl 0 sigma 0.17627  G -6.38842583e-02 1.40798092e-01 4.50730324e-02 1.00000000e+00
283 P st 46 cl 0 sigma 0.17627  G -1.10489130e-01 2.56538391e-02 1.14864111e-01 1.00000000e+00
283 S st 7 cl 1 sigma 0.13790  G 4.23908234e-02 2.03156471e-01 1.76072121e-01 1.00000000e+00
283 S st 8 cl 1 sigma 0.13790  G -2.60949135e-01 -2.54988670e-02 9.46998596e-02 1.00000000e+00
283 S st 11 cl 0 sigma 0.10762  G 1.05762482e-01 -2.01082230e-01 1.61933899e-01 1.00000000e+00
283 S st 12 cl 0 sigma 0.10762  G 2.34246254e-02 -1.44970417e-01 2.35402584e-01 1.00000000e+00
283 S st 13 cl 0 sigma 0.10762  G -7.20500946e-02 -2.91347504e-02 2.62331963e-01 1.00000000e+00
283 S st 15 cl 1 sigma 0.13790  G -1.76334381e-01 1.73616409e-01 1.25241280e-01 1.00000000e+00
283 S st 22 cl 1 sigma 0.13790  G -1.41191483e-01 -2.32791901e-01 6.02006912e-02 1.00000000e+00
283 S st 24 cl 0 sigma 0.10762  G 1.41739845e-02 -2.58088112e-01 1.00696087e-01 1.00000000e+00
283 S st 25 cl 0 sigma 0.10762  G -1.31940842e-01 -2.30097771e-01 8.66174698e-02 1.00000000e+00
283 S st 27 cl 0 sigma 0.10762  G 2.13408470e-01 -1.43802166e-01 1.06632710e-01 1.00000000e+00
283 S st 30 cl 1 sigma 0.13790  G 1.56259537e-01 -3.93390656e-02 2.24947929e-01 1.00000000e+00
283 S st 36 cl 1 sigma 0.13790  G 2.03204155e-01 1.44720078e-01 1.19853020e-01 1.00000000e+00
283 S st 40 cl 0 sigma 0.10762  G 1.51801109e-01 2.17676163e-01 8.28981400e-02 1.00000000e+00
283 S st 41 cl 1 sigma 0.13790  G 5.03540039e-02 2.58326530e-01 8.92400742e-02 1.00000000e+00
283 S st 43 cl 1 sigma 0.13790  G -1.10507011e-01 2.43592262e-01 7.79867172e-02 1.00000000e+00
# EVENT 284  nrows 42  ncols 4  params[x y z ot]  hypo -8.7508 -4.1798 -1.3962
284 P st 5 cl 0 sigma 0.17627  G -1.51246786e-01 -9.73999500e-02 1.45912170e-02 1.00000000e+00
284 P st 7 cl 0 sigma 0.17627  G -1.60858035e-01 6.82860613e-02 4.84943390e-02 1.00000000e+00
284 P st 10 cl 0 sigma 0.17627  G 3.57389450e-02 -1.76393986e-01 9.76324081e-03 1.00000000e+00
284 P st 11 cl 0 sigma 0.17627  G 4.87565994e-03 -1.79886818e-01 1.14202499e-02 1.00000000e+00
284 P st 12 cl 0 sigma 0.17627  G -4.75943089e-02 -1.73521042e-01 1.30593777e-02 1.00000000e+00
284 P st 13 cl 0 sigma 0.17627  G -1.08450651e-01 -1.43557787e-01 1.42455101e-02 1.00000000e+00
284 P st 16 cl 0 sigma 0.17627  G -1.73836946e-01 4.65631485e-02 1.12056732e-02 1.00000000e+00
284 P st 17 cl 0 sigma 0.17627  G -1.59299374e-01 8.30531120e-02 7.78436661e-03 1.00000000e+00
284 P st 19 cl 0 sigma 0.17627  G -1.63942575e-02 -1.78423524e-01 2.55405903e-02 1.00000000e+00
284 P st 20 cl 0 sigma 0.17627  G -1.57111883e-01 8.76486301e-02 1.44183636e-02 1.00000000e+00
284 P st 21 cl 0 sigma 0.17627  G -5.14030457e-02 -1.53934956e-01 -8.87989998e-02 1.00000000e+00
284 P st 23 cl 1 sigma 0.40238  G 6.39915466e-02 -1.65164471e-01 -1.90734863e-02 1.00000000e+00
284 P st 24 cl 0 sigma 0.17627  G -2.49147415e-02 -1.78062916e-01 7.65323639e-03 1.00000000e+00
284 P st 25 cl 0 sigma 0.17627  G -8.74280930e-02 -1.55222416e-01 -1.14798546e-02 1.00000000e+00
284 P st 27 cl 0 sigma 0.17627  G 8.40306282e-02 -1.59144402e-01 1.06573105e-02 1.00000000e+00
284 P st 30 cl 0 sigma 0.17627  G 2.76386738e-02 -1.77657604e-01 1.63495541e-02 1.00000000e+00
284 P st 33 cl 0 sigma 0.17627  G 1.49655342e-01 -9.98616219e-02 1.36554241e-02 1.00000000e+00
284 P st 34 cl 0 sigma 0.17627  G -1.23053789e-01 -1.30784512e-01 2.16543674e-02 1.00000000e+00
284 P st 36 cl 0 sigma 0.17627  G 1.79362297e-01 1.01923943e-02 2.01046467e-02 1.00000000e+00
284 P st 37 cl 0 sigma 0.17627  G -1.79970264e-01 8.34465027e-05 9.71555710e-03 1.00000000e+00
284 P st 38 cl 0 sigma 0.17627  G 1.04126334e-01 1.44949555e-01 3.32713127e-02 1.00000000e+00
284 P st 39 cl 1 sigma 0.40238  G -1.74570084e-01 3.61561775e-02 -5.88893890e-03 1.00000000e+00
284 P st 40 cl 0 sigma 0.17627  G 1.15901232e-01 1.37609243e-01 1.44720078e-02 1.00000000e+00
284 P st 41 cl 0 sigma 0.17627  G -1.06275082e-02 1.79535151e-01 1.50620937e-02 1.00000000e+00
284 P st 43 cl 0 sigma 0.17627  G -1.34754181e-01 1.19256973e-01 1.13248825e-02 1.00000000e+00
284 P st 45 cl 1 sigma 0.40238  G -1.29640102e-01 1.24800205e-01 8.98838043e-03 1.00000000e+00
284 S st 7 cl 1 sigma 0.13790  G -2.78285146e-01 1.18142366e-01 8.38905573e-02 1.00000000e+00
284 S st 10 cl 1 sigma 0.13790  G 6.18219376e-02 -3.05175781e-01 1.68561935e-02 1.00000000e+00
284 S st 11 cl 1 sigma 0.13790  G 8.44001770e-03 -3.11231613e-01 1.97768211e-02 1.00000000e+00
284 S st 12 cl 1 sigma 0.13790  G -8.23378563e-02 -3.00204754e-01 2.25901604e-02 1.00000000e+00
284 S st 20 cl 0 sigma 0.10762  G -2.71821022e-01 1.51634216e-01 2.49624252e-02 1.00000000e+00
284 S st 21 cl 1 sigma 0.13790  G -8.89062881e-02 -2.66265869e-01 -1.53589249e-01 1.00000000e+00
284 S st 23 cl 1 sigma 0.13790  G 1.10673904e-01 -2.85720825e-01 -3.29971313e-02 1.00000000e+00
284 S st 24 cl 0 sigma 0.10762  G -4.30822372e-02 -3.08012962e-01 1.32799149e-02 1.00000000e+00
284 S st 25 cl 0 sigma 0.10762  G -1.51228905e-01 -2.68554688e-01 -1.98364258e-02 1.00000000e+00
284 S st 27 cl 0 sigma 0.10762  G 1.45351887e-01 -2.75301933e-01 1.84297562e-02 1.00000000e+00
284 S st 30 cl 1 sigma 0.13790  G 4.78267670e-02 -3.07345390e-01 2.82645226e-02 1.00000000e+00
284 S st 33 cl 1 sigma 0.13790  G 2.58922577e-01 -1.72770023e-01 2.36272812e-02 1.00000000e+00
284 S st 38 cl 1 sigma 0.13790  G 1.80131197e-01 2.50756741e-01 5.75542450e-02 1.00000000e+00
284 S st 40 cl 0 sigma 0.10762  G 2.00521946e-01 2.38084793e-01 2.50101089e-02 1.00000000e+00
284 S st 41 cl 0 sigma 0.10762  G -1.83820724e-02 3.10599804e-01 2.60233879e-02 1.00000000e+00
284 S st 43 cl 0 sigma 0.10762  G -2.33137608e-01 2.06339359e-01 1.96099281e-02 1.00000000e+00
# EVENT 285  nrows 26  ncols 4  params[x y z ot]  hypo -8.8753 -4.5688 -1.5056
285 P st 5 cl 0 sigma 0.17627  G -1.47116184e-01 -1.03771687e-01 -2.75015831e-01 1.00000000e+00
285 P st 7 cl 0 sigma 0.17627  G -1.80891156e-01 2.15381384e-02 -5.54203987e-02 1.00000000e+00
285 P st 10 cl 1 sigma 0.40238  G 3.28898430e-02 -1.77013874e-01 -2.76052952e-01 1.00000000e+00
285 P st 11 cl 0 sigma 0.17627  G 2.36034393e-03 -1.80017948e-01 -2.75695324e-01 1.00000000e+00
285 P st 12 cl 0 sigma 0.17627  G -4.80115414e-02 -1.73521042e-01 -2.75343657e-01 1.00000000e+00
285 P st 13 cl 0 sigma 0.17627  G -1.05500221e-01 -1.45882368e-01 -2.75099277e-01 1.00000000e+00
285 P st 16 cl 0 sigma 0.17627  G -1.75750256e-01 3.90410423e-02 -2.75677443e-01 1.00000000e+00
285 P st 19 cl 0 sigma 0.17627  G -2.12639570e-02 -1.78775191e-01 -2.73033977e-01 1.00000000e+00
285 P st 20 cl 0 sigma 0.17627  G -1.62702799e-01 7.70866871e-02 -2.74944305e-01 1.00000000e+00
285 P st 24 cl 1 sigma 0.40238  G -2.58445740e-02 -1.78170204e-01 -2.76815891e-01 1.00000000e+00
285 P st 25 cl 1 sigma 0.40238  G -8.74757767e-02 -1.57201290e-01 -2.82740593e-01 1.00000000e+00
285 P st 30 cl 0 sigma 0.17627  G 2.17974186e-02 -1.78712606e-01 -2.74729729e-01 1.00000000e+00
285 P st 31 cl 0 sigma 0.17627  G -1.50310993e-01 -9.90748405e-02 -2.76076794e-01 1.00000000e+00
285 P st 33 cl 0 sigma 0.17627  G 1.43724680e-01 -1.08408928e-01 -2.75152922e-01 1.00000000e+00
285 P st 34 cl 0 sigma 0.17627  G -1.17301941e-01 -1.36578083e-01 -2.73722410e-01 1.00000000e+00
285 P st 36 cl 0 sigma 0.17627  G 1.79886818e-01 -7.27176666e-03 -2.73597240e-01 1.00000000e+00
285 P st 38 cl 0 sigma 0.17627  G 1.15782022e-01 1.40500069e-01 -6.10083342e-02 1.00000000e+00
285 P st 40 cl 0 sigma 0.17627  G 1.19686127e-01 1.34497881e-01 -2.74842978e-01 1.00000000e+00
285 P st 41 cl 0 sigma 0.17627  G -1.54197216e-02 1.79368258e-01 -2.74670124e-01 1.00000000e+00
285 S st 10 cl 1 sigma 0.13790  G 5.68866730e-02 -3.06200981e-01 -4.77552414e-01 1.00000000e+00
285 S st 11 cl 1 sigma 0.13790  G 4.07695770e-03 -3.11446190e-01 -4.76956367e-01 1.00000000e+00
285 S st 24 cl 1 sigma 0.13790  G -4.47034836e-02 -3.08227539e-01 -4.78935242e-01 1.00000000e+00
285 S st 25 cl 1 sigma 0.13790  G -1.51324272e-01 -2.71964073e-01 -4.89139557e-01 1.00000000e+00
285 S st 30 cl 1 sigma 0.13790  G 3.76939774e-02 -3.09169292e-01 -4.75275517e-01 1.00000000e+00
285 S st 33 cl 1 sigma 0.13790  G 2.48646736e-01 -1.87575817e-01 -4.76026535e-01 1.00000000e+00
285 S st 40 cl 0 sigma 0.10762  G 2.07042694e-01 2.32684612e-01 -4.75466251e-01 1.00000000e+00
# EVENT 286  nrows 28  ncols 4  params[x y z ot]  hypo -9.1408 -4.2664 -1.7905
286 P st 5 cl 0 sigma 0.17627  G -1.53505802e-01 -9.40799713e-02 -3.56638432e-01 1.00000000e+00
286 P st 7 cl 0 sigma 0.17627  G -2.59825587e-01 7.20322132e-02 -1.86225772e-01 1.00000000e+00
286 P st 13 cl 0 sigma 0.17627  G -1.14238262e-01 -1.39135122e-01 -3.56638432e-01 1.00000000e+00
286 P st 14 cl 0 sigma 0.17627  G -1.75696611e-01 -3.92735004e-02 -3.56638432e-01 1.00000000e+00
286 P st 15 cl 0 sigma 0.17627  G -1.79386139e-01 1.52707100e-02 -3.56638432e-01 1.00000000e+00
286 P st 16 cl 0 sigma 0.17627  G -1.74760818e-01 4.33087349e-02 -3.56638432e-01 1.00000000e+00
286 P st 17 cl 0 sigma 0.17627  G -1.61159039e-01 8.02516937e-02 -3.56638432e-01 1.00000000e+00
286 P st 18 cl 0 sigma 0.17627  G -1.37019157e-01 -1.16157532e-01 -3.56781483e-01 1.00000000e+00
286 P st 19 cl 0 sigma 0.17627  G -3.87191772e-02 -1.75923109e-01 -3.56486440e-01 1.00000000e+00
286 P st 20 cl 0 sigma 0.17627  G -1.60723925e-01 8.11100006e-02 -3.56644392e-01 1.00000000e+00
286 P st 24 cl 1 sigma 0.40238  G -2.98738480e-02 -1.77526474e-01 -3.56638432e-01 1.00000000e+00
286 P st 25 cl 0 sigma 0.17627  G -9.12427902e-02 -1.55103207e-01 -3.56686115e-01 1.00000000e+00
286 P st 30 cl 1 sigma 0.40238  G 1.40011311e-02 -1.79499388e-01 -3.56638432e-01 1.00000000e+00
286 P st 31 cl 1 sigma 0.40238  G -1.53422356e-01 -9.42111015e-02 -3.56626511e-01 1.00000000e+00
286 P st 33 cl 0 sigma 0.17627  G 1.45101547e-01 -1.06579065e-01 -3.56638432e-01 1.00000000e+00
286 P st 36 cl 0 sigma 0.17627  G 1.79898739e-01 7.05718994e-03 -3.56638432e-01 1.00000000e+00
286 P st 40 cl 0 sigma 0.17627  G 1.10089779e-01 1.42455101e-01 -3.56632471e-01 1.00000000e+00
286 P st 41 cl 0 sigma 0.17627  G -2.27153301e-02 1.78599358e-01 -3.56644392e-01 1.00000000e+00
286 P st 43 cl 1 sigma 0.40238  G -1.38664246e-01 1.14822388e-01 -3.56638432e-01 1.00000000e+00
286 S st 13 cl 1 sigma 0.13790  G -1.97625160e-01 -2.40719318e-01 -6.16979599e-01 1.00000000e+00
286 S st 18 cl 1 sigma 0.13790  G -2.37059593e-01 -2.00939178e-01 -6.17218018e-01 1.00000000e+00
286 S st 20 cl 1 sigma 0.13790  G -2.78043747e-01 1.40333176e-01 -6.16979599e-01 1.00000000e+00
286 S st 24 cl 1 sigma 0.13790  G -5.16653061e-02 -3.07130814e-01 -6.16955757e-01 1.00000000e+00
286 S st 25 cl 1 sigma 0.13790  G -1.57856941e-01 -2.68340111e-01 -6.17098808e-01 1.00000000e+00
286 S st 36 cl 0 sigma 0.10762  G 3.11207771e-01 1.22070312e-02 -6.16979599e-01 1.00000000e+00
286 S st 40 cl 1 sigma 0.13790  G 1.90460682e-01 2.46429443e-01 -6.16979599e-01 1.00000000e+00
286 S st 41 cl 1 sigma 0.13790  G -3.92913818e-02 3.08978558e-01 -6.16967678e-01 1.00000000e+00
286 S st 43 cl 1 sigma 0.13790  G -2.39896774e-01 1.98650360e-01 -6.16979599e-01 1.00000000e+00
# EVENT 287  nrows 23  ncols 4  params[x y z ot]  hypo -7.7548 -4.9304 0.3382
287 P st 7 cl 0 sigma 0.17627  G -2.80827284e-02 -1.63197517e-02 1.78641081e-01 1.00000000e+00
287 P st 11 cl 0 sigma 0.17627  G 2.01344490e-02 -1.61540508e-01 -7.15017319e-02 1.00000000e+00
287 P st 12 cl 1 sigma 0.40238  G -1.94907188e-02 -1.64341927e-01 -2.73883343e-02 1.00000000e+00
287 P st 13 cl 0 sigma 0.17627  G -7.11500645e-02 -1.49244070e-01 1.58011913e-02 1.00000000e+00
287 P st 15 cl 0 sigma 0.17627  G -1.65480375e-01 1.90734863e-04 7.46250153e-03 1.00000000e+00
287 P st 16 cl 0 sigma 0.17627  G -1.61701441e-01 3.36587429e-02 -4.05013561e-02 1.00000000e+00
287 P st 18 cl 0 sigma 0.17627  G -1.12950802e-01 -1.14965439e-01 -8.41498375e-02 1.00000000e+00
287 P st 19 cl 0 sigma 0.17627  G 3.08811665e-02 -1.54101849e-01 8.24987888e-02 1.00000000e+00
287 P st 20 cl 0 sigma 0.17627  G -1.44326687e-01 7.40230083e-02 5.49674034e-02 1.00000000e+00
287 P st 24 cl 1 sigma 0.40238  G -9.84668732e-03 -1.60896778e-01 -8.40544701e-02 1.00000000e+00
287 P st 30 cl 0 sigma 0.17627  G 4.82618809e-02 -1.57886744e-01 2.52246857e-02 1.00000000e+00
287 P st 31 cl 0 sigma 0.17627  G -1.27422810e-01 -9.92298126e-02 -8.19563866e-02 1.00000000e+00
287 P st 34 cl 0 sigma 0.17627  G -6.16371632e-02 -1.44773722e-01 8.47935677e-02 1.00000000e+00
287 P st 35 cl 1 sigma 0.40238  G -1.55162811e-01 -4.35590744e-02 -8.40902328e-02 1.00000000e+00
287 P st 36 cl 0 sigma 0.17627  G 1.62458420e-01 -1.67489052e-02 5.37455082e-02 1.00000000e+00
287 P st 39 cl 0 sigma 0.17627  G -1.58965588e-01 2.67148018e-02 -8.39948654e-02 1.00000000e+00
287 P st 40 cl 0 sigma 0.17627  G 1.29407644e-01 1.02728605e-01 1.83582306e-02 1.00000000e+00
287 P st 41 cl 0 sigma 0.17627  G 2.03669071e-02 1.61921978e-01 5.19573689e-02 1.00000000e+00
287 P st 43 cl 0 sigma 0.17627  G -1.22541189e-01 1.11055374e-01 -3.45885754e-02 1.00000000e+00
287 S st 11 cl 1 sigma 0.13790  G 3.48448753e-02 -2.79462337e-01 -1.23703480e-01 1.00000000e+00
287 S st 13 cl 1 sigma 0.13790  G -1.23095512e-01 -2.58195400e-01 2.73346901e-02 1.00000000e+00
287 S st 18 cl 0 sigma 0.10762  G -1.95407867e-01 -1.98912621e-01 -1.45554543e-01 1.00000000e+00
287 S st 36 cl 1 sigma 0.13790  G 2.81035900e-01 -2.89797783e-02 9.29951668e-02 1.00000000e+00
# EVENT 288  nrows 30  ncols 4  params[x y z ot]  hypo -3.9448 6.0677 -0.6476
288 P st 1 cl 0 sigma 0.17627  G 1.10906363e-01 -1.40160322e-01 2.26140022e-02 1.00000000e+00
288 P st 5 cl 0 sigma 0.17627  G -2.45571136e-03 1.78653002e-01 2.39431858e-02 1.00000000e+00
288 P st 7 cl 0 sigma 0.17627  G 5.44190407e-02 1.68764591e-01 1.21355057e-02 1.00000000e+00
288 P st 8 cl 0 sigma 0.17627  G -1.46526098e-01 1.02770329e-01 2.06410885e-02 1.00000000e+00
288 P st 10 cl 0 sigma 0.17627  G 1.75058842e-01 -3.53813171e-02 2.39133835e-02 1.00000000e+00
288 P st 11 cl 0 sigma 0.17627  G 1.73777342e-01 3.44634056e-02 3.15129757e-02 1.00000000e+00
288 P st 12 cl 0 sigma 0.17627  G 1.16312504e-01 1.31726265e-01 3.56018543e-02 1.00000000e+00
288 P st 13 cl 0 sigma 0.17627  G 3.67224216e-02 1.74140930e-01 2.90334225e-02 1.00000000e+00
288 P st 18 cl 0 sigma 0.17627  G -1.78629160e-01 -3.33786011e-04 2.43186951e-02 1.00000000e+00
288 P st 19 cl 0 sigma 0.17627  G 9.40024853e-02 1.52283907e-01 2.08675861e-02 1.00000000e+00
288 P st 21 cl 0 sigma 0.17627  G -2.94685364e-02 -1.76471472e-01 2.09927559e-02 1.00000000e+00
288 P st 22 cl 0 sigma 0.17627  G -1.09827518e-01 -1.41167641e-01 2.16364861e-02 1.00000000e+00
288 P st 24 cl 0 sigma 0.17627  G 1.23885274e-01 -1.24979019e-01 3.58998775e-02 1.00000000e+00
288 P st 25 cl 0 sigma 0.17627  G -1.14619732e-01 -1.32745504e-01 3.78429890e-02 1.00000000e+00
288 P st 26 cl 0 sigma 0.17627  G -1.73330307e-01 -4.41551208e-02 1.82271004e-02 1.00000000e+00
288 P st 27 cl 0 sigma 0.17627  G 1.77836418e-01 2.02059746e-02 1.88708305e-02 1.00000000e+00
288 P st 28 cl 0 sigma 0.17627  G -1.57728791e-01 6.95168972e-02 4.60773706e-02 1.00000000e+00
288 P st 30 cl 0 sigma 0.17627  G 1.31714344e-01 1.20818615e-01 2.33590603e-02 1.00000000e+00
288 P st 31 cl 0 sigma 0.17627  G -1.45256519e-01 1.03765726e-01 2.52246857e-02 1.00000000e+00
288 P st 33 cl 0 sigma 0.17627  G 1.47140026e-01 9.30547714e-02 1.57356262e-03 1.00000000e+00
288 P st 35 cl 1 sigma 0.40238  G -1.45292282e-01 9.50574875e-02 3.57627869e-04 1.00000000e+00
288 P st 36 cl 0 sigma 0.17627  G 1.09338760e-01 1.29365921e-01 -2.44259834e-02 1.00000000e+00
288 P st 37 cl 1 sigma 0.40238  G -9.85264778e-02 1.43611431e-01 -1.04904175e-03 1.00000000e+00
288 S st 7 cl 1 sigma 0.13790  G 9.41276550e-02 2.91991234e-01 2.09569931e-02 1.00000000e+00
288 S st 11 cl 0 sigma 0.10762  G 3.00621986e-01 5.96046448e-02 5.45024872e-02 1.00000000e+00
288 S st 12 cl 0 sigma 0.10762  G 2.01225281e-01 2.27886438e-01 6.15954399e-02 1.00000000e+00
288 S st 13 cl 0 sigma 0.10762  G 6.35266304e-02 3.01265717e-01 5.02109528e-02 1.00000000e+00
288 S st 24 cl 0 sigma 0.10762  G 2.14314461e-01 -2.16215849e-01 6.21080399e-02 1.00000000e+00
288 S st 27 cl 0 sigma 0.10762  G 3.07631493e-01 3.49521637e-02 3.26395035e-02 1.00000000e+00
288 S st 31 cl 0 sigma 0.10762  G -2.51281261e-01 1.79517269e-01 4.36425209e-02 1.00000000e+00
# EVENT 289  nrows 36  ncols 4  params[x y z ot]  hypo -9.9471 -1.4404 2.8128
289 P st 8 cl 0 sigma 0.17627  G -1.53815746e-01 -2.95042992e-02 3.81350517e-02 1.00000000e+00
289 P st 11 cl 0 sigma 0.17627  G -2.01582909e-02 -1.38598680e-01 8.06272030e-02 1.00000000e+00
289 P st 12 cl 0 sigma 0.17627  G -7.57694244e-02 -1.03121996e-01 9.71674919e-02 1.00000000e+00
289 P st 13 cl 0 sigma 0.17627  G -1.17564201e-01 -5.11825085e-02 9.58979130e-02 1.00000000e+00
289 P st 15 cl 1 sigma 0.40238  G -1.40076876e-01 5.63442707e-02 5.57899475e-02 1.00000000e+00
289 P st 16 cl 0 sigma 0.17627  G -1.38688087e-01 6.97255135e-02 4.47154045e-02 1.00000000e+00
289 P st 18 cl 0 sigma 0.17627  G -1.36685371e-01 -7.90238380e-02 3.33786011e-02 1.00000000e+00
289 P st 19 cl 0 sigma 0.17627  G -4.42206860e-02 -4.63724136e-03 1.51962042e-01 1.00000000e+00
289 P st 20 cl 0 sigma 0.17627  G -1.12253428e-01 9.82820988e-02 6.14821911e-02 1.00000000e+00
289 P st 22 cl 0 sigma 0.17627  G -9.83953476e-02 -1.24621391e-01 2.76803970e-02 1.00000000e+00
289 P st 23 cl 0 sigma 0.17627  G 5.50031662e-02 -1.46293640e-01 4.03523445e-02 1.00000000e+00
289 P st 24 cl 0 sigma 0.17627  G -4.29868698e-02 -1.47926807e-01 4.69207764e-02 1.00000000e+00
289 P st 25 cl 0 sigma 0.17627  G -9.93967056e-02 -1.21438503e-01 3.68595123e-02 1.00000000e+00
289 P st 27 cl 0 sigma 0.17627  G 7.05122948e-02 -1.24347210e-01 7.23421574e-02 1.00000000e+00
289 P st 30 cl 0 sigma 0.17627  G -1.19149685e-02 -7.04109669e-02 1.41394138e-01 1.00000000e+00
289 P st 31 cl 0 sigma 0.17627  G -1.47783756e-01 -4.76121902e-02 4.28318977e-02 1.00000000e+00
289 P st 33 cl 0 sigma 0.17627  G 1.11174583e-01 -2.45690346e-02 1.09875202e-01 1.00000000e+00
289 P st 34 cl 0 sigma 0.17627  G -1.04725361e-01 5.39422035e-03 1.23572350e-01 1.00000000e+00
289 P st 36 cl 0 sigma 0.17627  G 7.71105289e-02 8.02636147e-02 1.17504597e-01 1.00000000e+00
289 P st 40 cl 0 sigma 0.17627  G 5.02347946e-02 1.36435032e-01 6.78420067e-02 1.00000000e+00
289 P st 41 cl 0 sigma 0.17627  G -2.61664391e-02 1.46269798e-01 6.20722771e-02 1.00000000e+00
289 P st 42 cl 1 sigma 0.40238  G -1.15227699e-01 1.01256371e-01 5.07116318e-02 1.00000000e+00
289 P st 43 cl 0 sigma 0.17627  G -1.05357170e-01 1.14345551e-01 4.24265862e-02 1.00000000e+00
289 P st 45 cl 0 sigma 0.17627  G -1.05619431e-01 1.17576122e-01 3.19838524e-02 1.00000000e+00
289 S st 11 cl 1 sigma 0.13790  G -3.48687172e-02 -2.39765644e-01 1.39486790e-01 1.00000000e+00
289 S st 13 cl 1 sigma 0.13790  G -2.03394890e-01 -8.85486603e-02 1.65891647e-01 1.00000000e+00
289 S st 16 cl 1 sigma 0.13790  G -2.39920616e-01 1.20639801e-01 7.73668289e-02 1.00000000e+00
289 S st 18 cl 1 sigma 0.13790  G -2.36439705e-01 -1.36685371e-01 5.77449799e-02 1.00000000e+00
289 S st 20 cl 1 sigma 0.13790  G -1.94215775e-01 1.70040131e-01 1.06358528e-01 1.00000000e+00
289 S st 22 cl 1 sigma 0.13790  G -1.70207024e-01 -2.15625763e-01 4.78982925e-02 1.00000000e+00
289 S st 23 cl 0 sigma 0.10762  G 9.51290131e-02 -2.53057480e-01 6.98089600e-02 1.00000000e+00
289 S st 25 cl 0 sigma 0.10762  G -1.71995163e-01 -2.10094452e-01 6.38008118e-02 1.00000000e+00
289 S st 27 cl 0 sigma 0.10762  G 1.21986866e-01 -2.15101242e-01 1.25157833e-01 1.00000000e+00
289 S st 31 cl 1 sigma 0.13790  G -2.55656242e-01 -8.23497772e-02 7.41004944e-02 1.00000000e+00
289 S st 40 cl 0 sigma 0.10762  G 8.68916512e-02 2.36010551e-01 1.17361546e-01 1.00000000e+00
289 S st 45 cl 1 sigma 0.13790  G -1.82723999e-01 2.03394890e-01 5.53131104e-02 1.00000000e+00
# EVENT 290  nrows 39  ncols 4  params[x y z ot]  hypo 2.1264 -1.6096 0.7977
290 P st 2 cl 0 sigma 0.17627  G 5.56111336e-03 1.59114599e-01 2.34782696e-02 1.00000000e+00
290 P st 5 cl 0 sigma 0.17627  G 1.57558918e-01 -1.55329704e-02 2.83837318e-02 1.00000000e+00
290 P st 8 cl 0 sigma 0.17627  G -4.69267368e-02 -1.20532513e-01 8.74906778e-02 1.00000000e+00
290 P st 12 cl 0 sigma 0.17627  G 1.44231319e-01 -7.07864761e-02 1.34468079e-02 1.00000000e+00
290 P st 13 cl 0 sigma 0.17627  G 1.52486563e-01 -4.83989716e-02 1.94430351e-02 1.00000000e+00
290 P st 14 cl 0 sigma 0.17627  G 1.47950649e-01 3.75688076e-02 4.57942486e-02 1.00000000e+00
290 P st 15 cl 0 sigma 0.17627  G 1.09994411e-01 1.08337402e-01 4.20808792e-02 1.00000000e+00
290 P st 16 cl 0 sigma 0.17627  G 5.22673130e-02 1.47438049e-01 3.52144241e-02 1.00000000e+00
290 P st 17 cl 0 sigma 0.17627  G -2.05397606e-02 1.59049034e-01 1.57594681e-02 1.00000000e+00
290 P st 18 cl 0 sigma 0.17627  G -1.93357468e-02 -1.58780813e-01 1.90258026e-02 1.00000000e+00
290 P st 19 cl 0 sigma 0.17627  G 1.60706043e-01 -4.87565994e-03 1.27553940e-02 1.00000000e+00
290 P st 20 cl 0 sigma 0.17627  G 1.13183260e-01 1.12974644e-01 1.89125538e-02 1.00000000e+00
290 P st 22 cl 0 sigma 0.17627  G 1.07049942e-02 -1.60622597e-01 9.66787338e-03 1.00000000e+00
290 P st 24 cl 0 sigma 0.17627  G 1.04022026e-01 -1.22833252e-01 9.66787338e-03 1.00000000e+00
290 P st 26 cl 0 sigma 0.17627  G -5.63144684e-02 -1.50585175e-01 1.26600266e-02 1.00000000e+00
290 P st 28 cl 0 sigma 0.17627  G 6.78718090e-02 -1.43915415e-01 2.27570534e-02 1.00000000e+00
290 P st 29 cl 0 sigma 0.17627  G -8.71956348e-02 -1.31946802e-01 2.88486481e-02 1.00000000e+00
290 P st 31 cl 0 sigma 0.17627  G 2.62677670e-02 -1.45328045e-01 5.70535660e-02 1.00000000e+00
290 P st 33 cl 1 sigma 0.40238  G 1.60634518e-01 -1.10507011e-02 8.44001770e-03 1.00000000e+00
290 P st 35 cl 0 sigma 0.17627  G -1.50370598e-01 -2.41100788e-02 5.06639481e-02 1.00000000e+00
290 P st 36 cl 0 sigma 0.17627  G 1.58262253e-01 2.96831131e-02 9.19103622e-03 1.00000000e+00
290 P st 37 cl 0 sigma 0.17627  G -4.54604626e-02 1.21635199e-01 9.23573971e-02 1.00000000e+00
290 P st 39 cl 1 sigma 0.40238  G -9.22441483e-02 1.29449368e-01 2.37643719e-02 1.00000000e+00
290 P st 40 cl 0 sigma 0.17627  G 1.44696236e-01 7.06195831e-02 8.46385956e-03 1.00000000e+00
290 P st 41 cl 0 sigma 0.17627  G 1.25432014e-01 1.00851059e-01 1.02639198e-02 1.00000000e+00
290 P st 42 cl 1 sigma 0.40238  G 8.31246376e-02 1.36458874e-01 1.91748142e-02 1.00000000e+00
290 P st 46 cl 0 sigma 0.17627  G 1.51896477e-01 -2.75254250e-02 4.37974930e-02 1.00000000e+00
290 S st 12 cl 1 sigma 0.13790  G 2.49516964e-01 -1.22451782e-01 2.32696533e-02 1.00000000e+00
290 S st 13 cl 1 sigma 0.13790  G 2.63810158e-01 -8.37326050e-02 3.36170197e-02 1.00000000e+00
290 S st 15 cl 1 sigma 0.13790  G 1.90281868e-01 1.87420845e-01 7.28011131e-02 1.00000000e+00
290 S st 18 cl 0 sigma 0.10762  G -3.34501266e-02 -2.74693966e-01 3.28898430e-02 1.00000000e+00
290 S st 20 cl 0 sigma 0.10762  G 1.95789337e-01 1.95455551e-01 3.27348709e-02 1.00000000e+00
290 S st 24 cl 0 sigma 0.10762  G 1.79958344e-01 -2.12526321e-01 1.67369843e-02 1.00000000e+00
290 S st 33 cl 1 sigma 0.13790  G 2.77900696e-01 -1.91211700e-02 1.45912170e-02 1.00000000e+00
290 S st 36 cl 1 sigma 0.13790  G 2.73776054e-01 5.13792038e-02 1.59263611e-02 1.00000000e+00
290 S st 37 cl 0 sigma 0.10762  G -7.86423683e-02 2.10428238e-01 1.59788132e-01 1.00000000e+00
290 S st 39 cl 1 sigma 0.13790  G -1.59597397e-01 2.23946571e-01 4.11272049e-02 1.00000000e+00
290 S st 40 cl 1 sigma 0.13790  G 2.50315666e-01 1.22165680e-01 1.46627426e-02 1.00000000e+00
290 S st 41 cl 1 sigma 0.13790  G 2.17008591e-01 1.74498558e-01 1.77383423e-02 1.00000000e+00
# EVENT 291  nrows 49  ncols 4  params[x y z ot]  hypo -6.9819 -5.6886 2.2822
291 P st 1 cl 0 sigma 0.17627  G 1.42216682e-02 -1.59084797e-01 2.25186348e-02 1.00000000e+00
291 P st 2 cl 0 sigma 0.17627  G -1.47533417e-01 4.47213650e-02 4.76479530e-02 1.00000000e+00
291 P st 5 cl 0 sigma 0.17627  G -7.82430172e-02 -1.16473436e-01 8.04781914e-02 1.00000000e+00
291 P st 7 cl 0 sigma 0.17627  G 2.15709209e-02 -4.57227230e-02 1.53550506e-01 1.00000000e+00
291 P st 10 cl 0 sigma 0.17627  G 4.73618507e-02 -1.51193142e-01 3.03745270e-02 1.00000000e+00
291 P st 11 cl 0 sigma 0.17627  G 2.88367271e-02 -1.53553486e-01 3.97443771e-02 1.00000000e+00
291 P st 12 cl 0 sigma 0.17627  G -2.55703926e-03 -1.51860714e-01 5.25414944e-02 1.00000000e+00
291 P st 13 cl 0 sigma 0.17627  G -4.18841839e-02 -1.40261650e-01 6.80863857e-02 1.00000000e+00
291 P st 14 cl 0 sigma 0.17627  G -1.19048357e-01 -7.43567944e-02 8.06689262e-02 1.00000000e+00
291 P st 15 cl 0 sigma 0.17627  G -1.39224529e-01 -1.82390213e-02 7.82430172e-02 1.00000000e+00
291 P st 16 cl 0 sigma 0.17627  G -1.47300959e-01 1.86622143e-02 6.10768795e-02 1.00000000e+00
291 P st 17 cl 0 sigma 0.17627  G -1.42168999e-01 6.59704208e-02 3.83734703e-02 1.00000000e+00
291 P st 18 cl 0 sigma 0.17627  G -1.03247166e-01 -1.20985508e-01 2.64644623e-02 1.00000000e+00
291 P st 19 cl 0 sigma 0.17627  G 4.16159630e-02 -1.21861696e-01 9.75608826e-02 1.00000000e+00
291 P st 20 cl 0 sigma 0.17627  G -1.04629993e-01 4.30226326e-02 1.11979246e-01 1.00000000e+00
291 P st 21 cl 0 sigma 0.17627  G -3.44872475e-02 -1.56295300e-01 1.93238258e-02 1.00000000e+00
291 P st 24 cl 0 sigma 0.17627  G -8.94069672e-04 -1.58941746e-01 2.76327133e-02 1.00000000e+00
291 P st 25 cl 0 sigma 0.17627  G -5.76853752e-02 -1.48510933e-01 2.55703926e-02 1.00000000e+00
291 P st 27 cl 0 sigma 0.17627  G 8.31246376e-02 -1.34265423e-01 3.38912010e-02 1.00000000e+00
291 P st 28 cl 0 sigma 0.17627  G -8.00728798e-02 -1.35743618e-01 3.54290009e-02 1.00000000e+00
291 P st 29 cl 0 sigma 0.17627  G -1.27899647e-01 -9.47237015e-02 2.66075134e-02 1.00000000e+00
291 P st 30 cl 0 sigma 0.17627  G 5.33282757e-02 -1.37650967e-01 6.57379627e-02 1.00000000e+00
291 P st 31 cl 0 sigma 0.17627  G -1.14583969e-01 -1.07777119e-01 3.67999077e-02 1.00000000e+00
291 P st 33 cl 0 sigma 0.17627  G 1.24722719e-01 -8.88228416e-02 4.93943691e-02 1.00000000e+00
291 P st 34 cl 0 sigma 0.17627  G -1.87814236e-02 -1.20383501e-01 1.07032061e-01 1.00000000e+00
291 P st 35 cl 1 sigma 0.40238  G -1.49559975e-01 -5.26666641e-02 2.93254852e-02 1.00000000e+00
291 P st 36 cl 0 sigma 0.17627  G 1.35201216e-01 -2.97129154e-02 7.92384148e-02 1.00000000e+00
291 P st 37 cl 0 sigma 0.17627  G -1.53994560e-01 -2.29835510e-02 4.29034233e-02 1.00000000e+00
291 P st 38 cl 0 sigma 0.17627  G 1.01733208e-01 1.13010406e-02 1.25348568e-01 1.00000000e+00
291 P st 39 cl 1 sigma 0.40238  G -1.57010555e-01 1.88827515e-02 3.21984291e-02 1.00000000e+00
291 P st 40 cl 0 sigma 0.17627  G 1.25831366e-01 6.93261623e-02 7.10785389e-02 1.00000000e+00
291 P st 41 cl 0 sigma 0.17627  G 3.90529633e-02 1.20663643e-01 1.01101398e-01 1.00000000e+00
291 P st 42 cl 0 sigma 0.17627  G -1.21217966e-01 6.64234161e-02 8.36133957e-02 1.00000000e+00
291 P st 43 cl 0 sigma 0.17627  G -1.09761953e-01 9.82880592e-02 6.47187233e-02 1.00000000e+00
291 P st 46 cl 0 sigma 0.17627  G -9.95874405e-02 -1.07300282e-01 6.75916672e-02 1.00000000e+00
291 S st 2 cl 1 sigma 0.13790  G -2.55239010e-01 7.73787498e-02 8.24451447e-02 1.00000000e+00
291 S st 7 cl 1 sigma 0.13790  G 3.73244286e-02 -7.91013241e-02 2.65640020e-01 1.00000000e+00
291 S st 11 cl 1 sigma 0.13790  G 4.98771667e-02 -2.65645981e-01 6.87599182e-02 1.00000000e+00
291 S st 12 cl 1 sigma 0.13790  G -4.42266464e-03 -2.62725353e-01 9.08851624e-02 1.00000000e+00
291 S st 15 cl 1 sigma 0.13790  G -2.40874290e-01 -3.15666199e-02 1.35350227e-01 1.00000000e+00
291 S st 17 cl 1 sigma 0.13790  G -2.45976448e-01 1.14154816e-01 6.63995743e-02 1.00000000e+00
291 S st 18 cl 1 sigma 0.13790  G -1.78670883e-01 -2.09307671e-01 4.57763672e-02 1.00000000e+00
291 S st 20 cl 0 sigma 0.10762  G -1.81019306e-01 7.44223595e-02 1.93727016e-01 1.00000000e+00
291 S st 27 cl 1 sigma 0.13790  G 1.43814087e-01 -2.32291222e-01 5.86032867e-02 1.00000000e+00
291 S st 33 cl 1 sigma 0.13790  G 2.15744972e-01 -1.53648853e-01 8.54492188e-02 1.00000000e+00
291 S st 36 cl 1 sigma 0.13790  G 2.33888626e-01 -5.13911247e-02 1.37090683e-01 1.00000000e+00
291 S st 40 cl 0 sigma 0.10762  G 2.17688084e-01 1.19924545e-01 1.22964382e-01 1.00000000e+00
291 S st 41 cl 0 sigma 0.10762  G 6.75678253e-02 2.08747387e-01 1.74891949e-01 1.00000000e+00
291 S st 46 cl 1 sigma 0.13790  G -1.72281265e-01 -1.85644627e-01 1.16932392e-01 1.00000000e+00
# EVENT 292  nrows 22  ncols 4  params[x y z ot]  hypo 2.2395 -1.5755 2.6641
292 P st 1 cl 0 sigma 0.17627  G 9.94563103e-02 -1.24084949e-01 2.82287598e-02 1.00000000e+00
292 P st 2 cl 0 sigma 0.17627  G 7.29560852e-03 1.41972303e-01 7.71462917e-02 1.00000000e+00
292 P st 5 cl 0 sigma 0.17627  G 1.38592720e-01 -1.26063824e-02 8.48114491e-02 1.00000000e+00
292 P st 7 cl 0 sigma 0.17627  G 1.46150589e-01 4.78506088e-02 5.14507294e-02 1.00000000e+00
292 P st 8 cl 0 sigma 0.17627  G -2.89320946e-02 -8.22722912e-02 1.34795904e-01 1.00000000e+00
292 P st 10 cl 0 sigma 0.17627  G 1.31094456e-01 -8.92281532e-02 3.10778618e-02 1.00000000e+00
292 P st 11 cl 0 sigma 0.17627  G 1.35219097e-01 -7.98940659e-02 3.92913818e-02 1.00000000e+00
292 P st 12 cl 0 sigma 0.17627  G 1.38628483e-01 -6.66618347e-02 5.18202782e-02 1.00000000e+00
292 P st 13 cl 0 sigma 0.17627  G 1.40750408e-01 -4.33206558e-02 6.85751438e-02 1.00000000e+00
292 P st 14 cl 0 sigma 0.17627  G 1.19984150e-01 3.07619572e-02 1.06799603e-01 1.00000000e+00
292 P st 15 cl 0 sigma 0.17627  G 8.92937183e-02 8.59737396e-02 1.03038549e-01 1.00000000e+00
292 P st 16 cl 0 sigma 0.17627  G 4.57167625e-02 1.22040510e-01 9.50217247e-02 1.00000000e+00
292 P st 18 cl 0 sigma 0.17627  G -1.57177448e-02 -1.46162510e-01 6.87539577e-02 1.00000000e+00
292 P st 19 cl 0 sigma 0.17627  G 1.54387951e-01 -4.14848328e-03 4.89711761e-02 1.00000000e+00
292 P st 20 cl 0 sigma 0.17627  G 1.04570389e-01 1.02931261e-01 6.71327114e-02 1.00000000e+00
292 S st 2 cl 0 sigma 0.10762  G 1.26242638e-02 2.45618820e-01 1.33466721e-01 1.00000000e+00
292 S st 8 cl 0 sigma 0.10762  G -5.00559807e-02 -1.42335892e-01 2.33185291e-01 1.00000000e+00
292 S st 11 cl 0 sigma 0.10762  G 2.33936310e-01 -1.38235092e-01 6.79969788e-02 1.00000000e+00
292 S st 13 cl 0 sigma 0.10762  G 2.43484974e-01 -7.49468803e-02 1.18637085e-01 1.00000000e+00
292 S st 15 cl 1 sigma 0.13790  G 1.54471397e-01 1.48725510e-01 1.78265572e-01 1.00000000e+00
292 S st 18 cl 0 sigma 0.10762  G -2.71916389e-02 -2.52830982e-01 1.18935108e-01 1.00000000e+00
292 S st 20 cl 1 sigma 0.13790  G 1.80912018e-01 1.78050995e-01 1.16133690e-01 1.00000000e+00
# EVENT 293  nrows 20  ncols 4  params[x y z ot]  hypo 1.0841 -3.9983 2.1895
293 P st 2 cl 0 sigma 0.17627  G -2.25245953e-02 1.22421980e-01 9.96172428e-02 1.00000000e+00
293 P st 5 cl 0 sigma 0.17627  G 1.21164322e-01 -7.31408596e-02 7.86721706e-02 1.00000000e+00
293 P st 7 cl 0 sigma 0.17627  G 1.53100491e-01 1.33514404e-02 5.23030758e-02 1.00000000e+00
293 P st 8 cl 0 sigma 0.17627  G -5.21659851e-02 -1.26779079e-01 8.31842422e-02 1.00000000e+00
293 P st 11 cl 0 sigma 0.17627  G 1.18029118e-01 -1.06084347e-01 3.09467316e-02 1.00000000e+00
293 P st 12 cl 0 sigma 0.17627  G 1.18601322e-01 -1.01625919e-01 4.15205956e-02 1.00000000e+00
293 P st 14 cl 0 sigma 0.17627  G 1.08659267e-01 -4.18186188e-02 1.15525723e-01 1.00000000e+00
293 P st 15 cl 0 sigma 0.17627  G 8.88884068e-02 3.57389450e-02 1.32930279e-01 1.00000000e+00
293 P st 16 cl 0 sigma 0.17627  G 2.56896019e-02 9.18090343e-02 1.29902363e-01 1.00000000e+00
293 P st 18 cl 0 sigma 0.17627  G -3.00884247e-02 -1.53231621e-01 4.24861908e-02 1.00000000e+00
293 P st 19 cl 0 sigma 0.17627  G 1.49476528e-01 -4.23550606e-02 4.44889069e-02 1.00000000e+00
293 P st 20 cl 0 sigma 0.17627  G 1.14065409e-01 7.98642635e-02 8.35835934e-02 1.00000000e+00
293 S st 7 cl 1 sigma 0.13790  G 2.64871120e-01 2.31027603e-02 9.04917717e-02 1.00000000e+00
293 S st 8 cl 1 sigma 0.13790  G -9.02533531e-02 -2.19333172e-01 1.43921375e-01 1.00000000e+00
293 S st 11 cl 0 sigma 0.10762  G 2.04205513e-01 -1.83510780e-01 5.35249710e-02 1.00000000e+00
293 S st 12 cl 1 sigma 0.13790  G 2.05194950e-01 -1.75833702e-01 7.18593597e-02 1.00000000e+00
293 S st 15 cl 0 sigma 0.10762  G 1.53774023e-01 6.18219376e-02 2.29978561e-01 1.00000000e+00
293 S st 16 cl 1 sigma 0.13790  G 4.44471836e-02 1.58822536e-01 2.24721432e-01 1.00000000e+00
293 S st 18 cl 0 sigma 0.10762  G -5.20467758e-02 -2.65085697e-01 7.34925270e-02 1.00000000e+00
293 S st 19 cl 1 sigma 0.13790  G 2.58588791e-01 -7.32779503e-02 7.69376755e-02 1.00000000e+00
# EVENT 294  nrows 17  ncols 4  params[x y z ot]  hypo -3.6814 5.6987 -1.1531
294 P st 1 cl 0 sigma 0.17627  G 1.11132860e-01 -1.41263008e-01 1.22368336e-02 1.00000000e+00
294 P st 10 cl 0 sigma 0.17627  G 1.74558163e-01 -4.26828861e-02 1.28269196e-02 1.00000000e+00
294 P st 11 cl 0 sigma 0.17627  G 1.78009272e-01 2.12013721e-02 1.56223774e-02 1.00000000e+00
294 P st 12 cl 0 sigma 0.17627  G 1.31565332e-01 1.21194124e-01 1.81376934e-02 1.00000000e+00
294 P st 13 cl 0 sigma 0.17627  G 4.81605530e-02 1.72770023e-01 1.55925751e-02 1.00000000e+00
294 P st 14 cl 0 sigma 0.17627  G -3.04877758e-02 1.77162886e-01 1.18494034e-02 1.00000000e+00
294 P st 15 cl 0 sigma 0.17627  G -4.00185585e-02 1.75309181e-01 1.02043152e-02 1.00000000e+00
294 P st 16 cl 0 sigma 0.17627  G -5.58972359e-02 1.70743465e-01 8.76188278e-03 1.00000000e+00
294 P st 18 cl 0 sigma 0.17627  G -1.79368258e-01 -1.01745129e-02 1.35898590e-02 1.00000000e+00
294 P st 19 cl 0 sigma 0.17627  G 1.01846457e-01 1.48099661e-01 1.20460987e-02 1.00000000e+00
294 P st 20 cl 0 sigma 0.17627  G -3.57627869e-03 1.79672241e-01 9.02414322e-03 1.00000000e+00
294 S st 1 cl 1 sigma 0.13790  G 1.92236900e-01 -2.44355202e-01 2.11715698e-02 1.00000000e+00
294 S st 10 cl 1 sigma 0.13790  G 3.01992893e-01 -7.38382339e-02 2.21967697e-02 1.00000000e+00
294 S st 11 cl 0 sigma 0.10762  G 3.07977200e-01 3.66806984e-02 2.70247459e-02 1.00000000e+00
294 S st 12 cl 0 sigma 0.10762  G 2.27612257e-01 2.09677219e-01 3.13818455e-02 1.00000000e+00
294 S st 15 cl 1 sigma 0.13790  G -6.92367554e-02 3.03268433e-01 1.76429749e-02 1.00000000e+00
294 S st 20 cl 1 sigma 0.13790  G -6.19888306e-03 3.10826302e-01 1.55925751e-02 1.00000000e+00
# EVENT 295  nrows 15  ncols 4  params[x y z ot]  hypo -1.8264 -3.1883 -3.1146
295 P st 5 cl 0 sigma 0.17627  G 2.47973204e-01 -2.65854597e-01 -1.25402212e-01 1.00000000e+00
295 P st 7 cl 0 sigma 0.17627  G 1.73497200e-01 4.80830669e-02 -3.38679552e-01 1.00000000e+00
295 P st 8 cl 0 sigma 0.17627  G -1.36959553e-01 -1.16837025e-01 -3.38673592e-01 1.00000000e+00
295 P st 11 cl 0 sigma 0.17627  G 1.18112564e-01 -1.35874748e-01 -3.38685513e-01 1.00000000e+00
295 P st 12 cl 0 sigma 0.17627  G 1.15680695e-01 -1.37960911e-01 -3.38685513e-01 1.00000000e+00
295 P st 13 cl 0 sigma 0.17627  G 1.15936995e-01 -1.37734413e-01 -3.38679552e-01 1.00000000e+00
295 P st 15 cl 0 sigma 0.17627  G -1.05506182e-01 3.21927667e-01 -1.89167261e-01 1.00000000e+00
295 P st 16 cl 0 sigma 0.17627  G -1.16562843e-01 1.83600187e-01 -2.13122368e-01 1.00000000e+00
295 P st 18 cl 0 sigma 0.17627  G -8.39948654e-02 -1.59227848e-01 -3.38685513e-01 1.00000000e+00
295 P st 19 cl 0 sigma 0.17627  G 1.73103809e-01 -4.94241714e-02 -3.38685513e-01 1.00000000e+00
295 P st 20 cl 0 sigma 0.17627  G 9.42170620e-02 2.33554840e-01 -1.63334608e-01 1.00000000e+00
295 S st 8 cl 1 sigma 0.13790  G -2.36928463e-01 -2.02119350e-01 -5.85913658e-01 1.00000000e+00
295 S st 12 cl 1 sigma 0.13790  G 2.00116634e-01 -2.38668919e-01 -5.85925579e-01 1.00000000e+00
295 S st 18 cl 1 sigma 0.13790  G -1.45292282e-01 -2.75468826e-01 -5.85937500e-01 1.00000000e+00
295 S st 20 cl 1 sigma 0.13790  G 1.62982941e-01 4.04047966e-01 -2.82573700e-01 1.00000000e+00
# EVENT 296  nrows 14  ncols 4  params[x y z ot]  hypo -5.4297 -1.4021 2.7825
296 P st 5 cl 0 sigma 0.17627  G -5.90085983e-02 -1.41680241e-02 1.49548054e-01 1.00000000e+00
296 P st 10 cl 0 sigma 0.17627  G 8.26954842e-02 -1.29616261e-01 4.99606133e-02 1.00000000e+00
296 P st 11 cl 0 sigma 0.17627  G 6.92486763e-02 -1.25402212e-01 7.21752644e-02 1.00000000e+00
296 P st 12 cl 0 sigma 0.17627  G 3.64959240e-02 -1.08540058e-01 1.10125542e-01 1.00000000e+00
296 P st 13 cl 0 sigma 0.17627  G -1.22964382e-02 -7.33375549e-02 1.43671036e-01 1.00000000e+00
296 P st 15 cl 0 sigma 0.17627  G -9.82820988e-02 8.32021236e-02 9.32037830e-02 1.00000000e+00
296 P st 16 cl 0 sigma 0.17627  G -1.08492374e-01 9.78887081e-02 6.77049160e-02 1.00000000e+00
296 P st 18 cl 0 sigma 0.17627  G -1.16074085e-01 -1.02269650e-01 4.58002090e-02 1.00000000e+00
296 P st 19 cl 0 sigma 0.17627  G 9.55045223e-02 -3.60608101e-03 1.31863356e-01 1.00000000e+00
296 P st 20 cl 0 sigma 0.17627  G -4.50730324e-02 1.29252672e-01 8.64505768e-02 1.00000000e+00
296 S st 11 cl 1 sigma 0.13790  G 1.19805336e-01 -2.16948986e-01 1.24859810e-01 1.00000000e+00
296 S st 13 cl 0 sigma 0.10762  G -2.12669373e-02 -1.26880407e-01 2.48545408e-01 1.00000000e+00
296 S st 18 cl 1 sigma 0.13790  G -2.00772285e-01 -1.76930428e-01 7.92503357e-02 1.00000000e+00
296 S st 19 cl 1 sigma 0.13790  G 1.65235996e-01 -6.21080399e-03 2.28130817e-01 1.00000000e+00
# EVENT 297  nrows 14  ncols 4  params[x y z ot]  hypo -6.4736 -2.5538 2.0939
297 P st 5 cl 0 sigma 0.17627  G -9.35792923e-02 -5.45740128e-02 1.24424696e-01 1.00000000e+00
297 P st 7 cl 0 sigma 0.17627  G 3.34739685e-02 7.66336918e-02 1.35517120e-01 1.00000000e+00
297 P st 8 cl 0 sigma 0.17627  G -1.46555901e-01 -5.51462173e-02 4.24027443e-02 1.00000000e+00
297 P st 12 cl 0 sigma 0.17627  G 9.47713852e-03 -1.38616562e-01 8.44299793e-02 1.00000000e+00
297 P st 14 cl 0 sigma 0.17627  G -1.26671791e-01 5.02467155e-03 1.02984905e-01 1.00000000e+00
297 P st 15 cl 0 sigma 0.17627  G -1.29973888e-01 5.93543053e-02 7.87436962e-02 1.00000000e+00
297 P st 18 cl 0 sigma 0.17627  G -1.17528439e-01 -1.06406212e-01 3.26991081e-02 1.00000000e+00
297 P st 19 cl 0 sigma 0.17627  G 6.98000193e-02 -4.39524651e-02 1.36312842e-01 1.00000000e+00
297 P st 20 cl 0 sigma 0.17627  G -7.84754753e-02 1.18339062e-01 8.33928585e-02 1.00000000e+00
297 S st 5 cl 1 sigma 0.13790  G -1.61910057e-01 -9.44018364e-02 2.15244293e-01 1.00000000e+00
297 S st 8 cl 1 sigma 0.13790  G -2.53546238e-01 -9.54389572e-02 7.33613968e-02 1.00000000e+00
297 S st 12 cl 1 sigma 0.13790  G 1.63912773e-02 -2.39801407e-01 1.46067142e-01 1.00000000e+00
297 S st 15 cl 0 sigma 0.10762  G -2.24852562e-01 1.02686882e-01 1.36232376e-01 1.00000000e+00
297 S st 18 cl 0 sigma 0.10762  G -2.03323364e-01 -1.84082985e-01 5.65528870e-02 1.00000000e+00
# EVENT 298  nrows 13  ncols 4  params[x y z ot]  hypo 2.6370 -0.6738 2.6103
298 P st 0 cl 0 sigma 0.17627  G -2.52962112e-02 1.55079365e-01 3.98039818e-02 1.00000000e+00
298 P st 1 cl 0 sigma 0.17627  G 1.05750561e-01 -1.18708611e-01 2.89916992e-02 1.00000000e+00
298 P st 2 cl 0 sigma 0.17627  G 1.42395496e-02 1.46871805e-01 6.82115555e-02 1.00000000e+00
298 P st 3 cl 0 sigma 0.17627  G -3.62157822e-02 1.55591965e-01 2.32934952e-02 1.00000000e+00
298 P st 4 cl 0 sigma 0.17627  G 3.81588936e-02 1.53887272e-01 3.15427780e-02 1.00000000e+00
298 P st 5 cl 0 sigma 0.17627  G 1.40100718e-01 7.49230385e-03 8.02576542e-02 1.00000000e+00
298 P st 6 cl 0 sigma 0.17627  G -6.82234764e-02 1.42097473e-01 3.65614891e-02 1.00000000e+00
298 P st 7 cl 0 sigma 0.17627  G 1.43563747e-01 5.80072403e-02 4.79340553e-02 1.00000000e+00
298 P st 8 cl 0 sigma 0.17627  G -1.81078911e-02 -5.92231750e-02 1.47628784e-01 1.00000000e+00
298 P st 9 cl 0 sigma 0.17627  G -3.90887260e-02 1.54030323e-01 2.95639038e-02 1.00000000e+00
298 S st 2 cl 1 sigma 0.13790  G 2.46405602e-02 2.54082680e-01 1.17981434e-01 1.00000000e+00
298 S st 7 cl 1 sigma 0.13790  G 2.48360634e-01 1.00326538e-01 8.29339027e-02 1.00000000e+00
298 S st 8 cl 1 sigma 0.13790  G -3.13162804e-02 -1.02460384e-01 2.55405903e-01 1.00000000e+00
# EVENT 299  nrows 10  ncols 4  params[x y z ot]  hypo 4.0827 -0.1450 3.1627
299 P st 2 cl 0 sigma 0.17627  G 3.78072262e-02 1.41972303e-01 7.04348087e-02 1.00000000e+00
299 P st 4 cl 0 sigma 0.17627  G 4.94122505e-02 1.49762630e-01 3.48925591e-02 1.00000000e+00
299 P st 5 cl 0 sigma 0.17627  G 1.42014027e-01 1.56998634e-02 7.46309757e-02 1.00000000e+00
299 P st 6 cl 0 sigma 0.17627  G -5.14030457e-02 1.47187710e-01 4.30345535e-02 1.00000000e+00
299 P st 7 cl 0 sigma 0.17627  G 1.43337250e-01 5.72323799e-02 4.81963158e-02 1.00000000e+00
299 P st 8 cl 0 sigma 0.17627  G 3.34203243e-02 -4.48107719e-02 1.53118372e-01 1.00000000e+00
299 P st 9 cl 0 sigma 0.17627  G -2.48789787e-02 1.55842304e-01 3.42845917e-02 1.00000000e+00
299 S st 7 cl 1 sigma 0.13790  G 2.47979164e-01 9.89913940e-02 8.33988190e-02 1.00000000e+00
299 S st 8 cl 1 sigma 0.13790  G 5.78284264e-02 -7.75098801e-02 2.64906883e-01 1.00000000e+00
299 S st 9 cl 1 sigma 0.13790  G -4.30345535e-02 2.69556046e-01 5.92947006e-02 1.00000000e+00
# EVENT 300  nrows 10  ncols 4  params[x y z ot]  hypo 1.2528 -3.6830 0.0366
300 P st 2 cl 0 sigma 0.17627  G -2.28464603e-02 1.68281794e-01 5.56826591e-02 1.00000000e+00
300 P st 4 cl 0 sigma 0.17627  G 3.12447548e-02 1.58560276e-01 -8.32915306e-02 1.00000000e+00
300 P st 5 cl 0 sigma 0.17627  G 1.53446198e-01 -8.00609589e-02 2.88128853e-02 1.00000000e+00
300 P st 6 cl 0 sigma 0.17627  G -9.97304916e-02 1.27947330e-01 -8.26001167e-02 1.00000000e+00
300 P st 7 cl 0 sigma 0.17627  G 1.70028210e-01 2.07185745e-02 -5.05685806e-02 1.00000000e+00
300 P st 8 cl 0 sigma 0.17627  G -6.41465187e-02 -1.59049034e-01 4.71115112e-02 1.00000000e+00
300 P st 9 cl 0 sigma 0.17627  G -6.19530678e-02 1.48844719e-01 -8.40663910e-02 1.00000000e+00
300 S st 6 cl 1 sigma 0.13790  G -1.72543526e-01 2.21300125e-01 -1.42908096e-01 1.00000000e+00
300 S st 7 cl 1 sigma 0.13790  G 2.94148922e-01 3.58462334e-02 -8.74996185e-02 1.00000000e+00
300 S st 8 cl 1 sigma 0.13790  G -1.10971928e-01 -2.75158882e-01 8.15033913e-02 1.00000000e+00
# EVENT 301  nrows 10  ncols 4  params[x y z ot]  hypo 4.1580 1.2160 5.2502
301 P st 1 cl 0 sigma 0.17627  G 1.16646290e-01 -9.79661942e-02 5.44548035e-02 1.00000000e+00
301 P st 2 cl 0 sigma 0.17627  G 3.12209129e-02 1.32095814e-01 8.71539116e-02 1.00000000e+00
301 P st 3 cl 0 sigma 0.17627  G -2.23159790e-02 1.54495239e-01 4.09364700e-02 1.00000000e+00
301 P st 4 cl 0 sigma 0.17627  G 4.52160835e-02 1.46591663e-01 5.08666039e-02 1.00000000e+00
301 P st 5 cl 0 sigma 0.17627  G 1.22487545e-01 3.42488289e-02 9.89794731e-02 1.00000000e+00
301 P st 6 cl 0 sigma 0.17627  G -4.45961952e-02 1.43492222e-01 6.05463982e-02 1.00000000e+00
301 P st 7 cl 0 sigma 0.17627  G 1.30486488e-01 6.70909882e-02 6.90817833e-02 1.00000000e+00
301 P st 8 cl 0 sigma 0.17627  G 2.21788883e-02 2.69412994e-03 1.59370899e-01 1.00000000e+00
301 P st 9 cl 0 sigma 0.17627  G -2.18391418e-02 1.52027607e-01 5.00798225e-02 1.00000000e+00
301 S st 7 cl 1 sigma 0.13790  G 2.25734711e-01 1.16062164e-01 1.19543076e-01 1.00000000e+00
# EVENT 302  nrows 10  ncols 4  params[x y z ot]  hypo 1.7725 -1.7154 1.6622
302 P st 2 cl 0 sigma 0.17627  G -2.68816948e-03 1.52379274e-01 5.60462475e-02 1.00000000e+00
302 P st 4 cl 0 sigma 0.17627  G 3.23057175e-02 1.56724453e-01 2.18510628e-02 1.00000000e+00
302 P st 5 cl 0 sigma 0.17627  G 1.47169828e-01 -1.81615353e-02 6.70969486e-02 1.00000000e+00
302 P st 6 cl 0 sigma 0.17627  G -8.21590424e-02 1.37007236e-01 2.42590904e-02 1.00000000e+00
302 P st 7 cl 0 sigma 0.17627  G 1.50078535e-01 4.93526459e-02 3.56435776e-02 1.00000000e+00
302 P st 8 cl 0 sigma 0.17627  G -5.19692898e-02 -1.03652477e-01 1.15489960e-01 1.00000000e+00
302 P st 9 cl 0 sigma 0.17627  G -4.99725342e-02 1.52289867e-01 1.96933746e-02 1.00000000e+00
302 S st 5 cl 1 sigma 0.13790  G 2.54619122e-01 -3.14235687e-02 1.16086006e-01 1.00000000e+00
302 S st 7 cl 1 sigma 0.13790  G 2.59637833e-01 8.53538513e-02 6.16550446e-02 1.00000000e+00
302 S st 8 cl 1 sigma 0.13790  G -8.98957253e-02 -1.79314613e-01 1.99800730e-01 1.00000000e+00
# EVENT 303  nrows 15  ncols 4  params[x y z ot]  hypo 2.9668 -0.9008 3.9139
303 P st 0 cl 0 sigma 0.17627  G -2.10165977e-02 1.50012970e-01 5.38587570e-02 1.00000000e+00
303 P st 1 cl 0 sigma 0.17627  G 1.04689598e-01 -1.16229057e-01 3.82065773e-02 1.00000000e+00
303 P st 2 cl 0 sigma 0.17627  G 1.93834305e-02 1.34551525e-01 8.65101814e-02 1.00000000e+00
303 P st 3 cl 0 sigma 0.17627  G -3.37600708e-02 1.54256821e-01 3.20911407e-02 1.00000000e+00
303 P st 4 cl 0 sigma 0.17627  G 4.08768654e-02 1.49583817e-01 4.28080559e-02 1.00000000e+00
303 P st 5 cl 0 sigma 0.17627  G 1.28525496e-01 2.28881836e-03 9.38594341e-02 1.00000000e+00
303 P st 6 cl 0 sigma 0.17627  G -6.39915466e-02 1.38521194e-01 5.00321388e-02 1.00000000e+00
303 P st 7 cl 0 sigma 0.17627  G 1.39784813e-01 5.16533852e-02 6.11066818e-02 1.00000000e+00
303 P st 8 cl 0 sigma 0.17627  G -5.08427620e-03 -4.89771366e-02 1.51026249e-01 1.00000000e+00
303 P st 9 cl 0 sigma 0.17627  G -3.58819962e-02 1.51431561e-01 4.06026840e-02 1.00000000e+00
303 S st 2 cl 1 sigma 0.13790  G 3.35216522e-02 2.32768059e-01 1.49679184e-01 1.00000000e+00
303 S st 3 cl 1 sigma 0.13790  G -5.83887100e-02 2.66861916e-01 5.55276871e-02 1.00000000e+00
303 S st 7 cl 1 sigma 0.13790  G 2.41827965e-01 8.93354416e-02 1.05690956e-01 1.00000000e+00
303 S st 8 cl 1 sigma 0.13790  G -8.80956650e-03 -8.47339630e-02 2.61282921e-01 1.00000000e+00
303 S st 9 cl 1 sigma 0.13790  G -6.20841980e-02 2.61950493e-01 7.02381134e-02 1.00000000e+00
# EVENT 304  nrows 10  ncols 4  params[x y z ot]  hypo 1.8046 -0.7494 3.0900
304 P st 1 cl 0 sigma 0.17627  G 1.00028515e-01 -1.22082233e-01 3.52263451e-02 1.00000000e+00
304 P st 2 cl 0 sigma 0.17627  G -1.59740448e-03 1.43361092e-01 7.80045986e-02 1.00000000e+00
304 P st 4 cl 0 sigma 0.17627  G 3.01599503e-02 1.54459476e-01 3.77535820e-02 1.00000000e+00
304 P st 5 cl 0 sigma 0.17627  G 1.29222870e-01 6.23464584e-03 1.00189447e-01 1.00000000e+00
304 P st 6 cl 0 sigma 0.17627  G -7.54714012e-02 1.37162209e-01 4.18066978e-02 1.00000000e+00
304 P st 7 cl 0 sigma 0.17627  G 1.38998032e-01 6.00934029e-02 5.99384308e-02 1.00000000e+00
304 P st 8 cl 0 sigma 0.17627  G -4.17232513e-02 -5.57065010e-02 1.45375729e-01 1.00000000e+00
304 P st 9 cl 0 sigma 0.17627  G -4.62651253e-02 1.50990486e-01 3.44514847e-02 1.00000000e+00
304 S st 2 cl 1 sigma 0.13790  G -2.77757645e-03 2.48038769e-01 1.34956837e-01 1.00000000e+00
304 S st 7 cl 1 sigma 0.13790  G 2.40480900e-01 1.03962421e-01 1.03688240e-01 1.00000000e+00
# EVENT 305  nrows 12  ncols 4  params[x y z ot]  hypo -6.3050 -2.8981 0.1251
305 P st 1 cl 0 sigma 0.17627  G 2.42233276e-02 -1.59347057e-01 -8.41498375e-02 1.00000000e+00
305 P st 2 cl 0 sigma 0.17627  G -1.38092041e-01 9.23275948e-02 -7.00592995e-02 1.00000000e+00
305 P st 3 cl 0 sigma 0.17627  G -9.71078873e-02 1.28602982e-01 -8.41856003e-02 1.00000000e+00
305 P st 4 cl 0 sigma 0.17627  G -5.76138496e-02 1.50573254e-01 -8.40067863e-02 1.00000000e+00
305 P st 5 cl 0 sigma 0.17627  G -1.26504898e-01 -9.65535641e-02 9.40889120e-02 1.00000000e+00
305 P st 6 cl 0 sigma 0.17627  G -1.32906437e-01 9.11474228e-02 -8.41736794e-02 1.00000000e+00
305 P st 7 cl 0 sigma 0.17627  G 7.26252794e-02 1.19075179e-01 1.24245882e-01 1.00000000e+00
305 P st 9 cl 0 sigma 0.17627  G -1.09863281e-01 1.17921829e-01 -8.41856003e-02 1.00000000e+00
305 S st 1 cl 1 sigma 0.13790  G 4.18901443e-02 -2.75683403e-01 -1.45554543e-01 1.00000000e+00
305 S st 6 cl 1 sigma 0.13790  G -2.29930878e-01 1.57690048e-01 -1.45626068e-01 1.00000000e+00
305 S st 7 cl 1 sigma 0.13790  G 1.25646591e-01 2.05999613e-01 2.14952230e-01 1.00000000e+00
305 S st 9 cl 1 sigma 0.13790  G -1.90043449e-01 2.03990936e-01 -1.45649910e-01 1.00000000e+00
# EVENT 306  nrows 10  ncols 4  params[x y z ot]  hypo 0.3963 -4.0635 2.4468
306 P st 2 cl 0 sigma 0.17627  G -4.15325165e-02 1.19972229e-01 9.75787640e-02 1.00000000e+00
306 P st 3 cl 0 sigma 0.17627  G -6.07252121e-02 1.47545338e-01 2.19821930e-02 1.00000000e+00
306 P st 4 cl 0 sigma 0.17627  G 2.06470490e-02 1.55591965e-01 3.52621078e-02 1.00000000e+00
306 P st 5 cl 0 sigma 0.17627  G 1.08814240e-01 -7.79986382e-02 8.61883163e-02 1.00000000e+00
306 P st 6 cl 0 sigma 0.17627  G -1.05547905e-01 1.16407871e-01 3.45468521e-02 1.00000000e+00
306 P st 7 cl 0 sigma 0.17627  G 1.48332119e-01 1.28507614e-02 5.74469566e-02 1.00000000e+00
306 P st 8 cl 0 sigma 0.17627  G -6.53982162e-02 -1.21098757e-01 7.84635544e-02 1.00000000e+00
306 P st 9 cl 0 sigma 0.17627  G -7.02261925e-02 1.41894817e-01 2.88128853e-02 1.00000000e+00
306 S st 7 cl 1 sigma 0.13790  G 2.56609917e-01 2.22206116e-02 9.93728638e-02 1.00000000e+00
306 S st 8 cl 1 sigma 0.13790  G -1.13129616e-01 -2.09498405e-01 1.35731697e-01 1.00000000e+00
# EVENT 307  nrows 10  ncols 4  params[x y z ot]  hypo 5.5657 2.1140 5.6907
307 P st 1 cl 0 sigma 0.17627  G 1.24585629e-01 -8.62598419e-02 5.29408455e-02 1.00000000e+00
307 P st 2 cl 0 sigma 0.17627  G 4.58955765e-02 1.31034851e-01 8.11815262e-02 1.00000000e+00
307 P st 3 cl 0 sigma 0.17627  G -1.21355057e-02 1.55329704e-01 3.94344330e-02 1.00000000e+00
307 P st 4 cl 0 sigma 0.17627  G 5.32865524e-02 1.43969059e-01 4.74929810e-02 1.00000000e+00
307 P st 5 cl 0 sigma 0.17627  G 1.25849247e-01 4.19139862e-02 8.92996788e-02 1.00000000e+00
307 P st 6 cl 0 sigma 0.17627  G -2.93135643e-02 1.46448612e-01 5.91397285e-02 1.00000000e+00
307 P st 7 cl 0 sigma 0.17627  G 1.30641460e-01 6.89148903e-02 6.26444817e-02 1.00000000e+00
307 P st 8 cl 0 sigma 0.17627  G 5.23328781e-02 2.26855278e-02 1.52367353e-01 1.00000000e+00
307 P st 9 cl 0 sigma 0.17627  G -9.60826874e-03 1.52969360e-01 4.81843948e-02 1.00000000e+00
307 S st 4 cl 1 sigma 0.13790  G 9.22203064e-02 2.49052048e-01 8.21828842e-02 1.00000000e+00
# EVENT 308  nrows 10  ncols 4  params[x y z ot]  hypo 1.9587 -0.6221 1.8849
308 P st 1 cl 0 sigma 0.17627  G 1.02937222e-01 -1.22535229e-01 1.89661980e-02 1.00000000e+00
308 P st 2 cl 0 sigma 0.17627  G 1.36494637e-03 1.53434277e-01 4.67121601e-02 1.00000000e+00
308 P st 5 cl 0 sigma 0.17627  G 1.45125389e-01 1.00076199e-02 6.51180744e-02 1.00000000e+00
308 P st 6 cl 0 sigma 0.17627  G -7.49945641e-02 1.40869617e-01 2.25543976e-02 1.00000000e+00
308 P st 7 cl 0 sigma 0.17627  G 1.44255161e-01 6.32882118e-02 3.32474709e-02 1.00000000e+00
308 P st 8 cl 0 sigma 0.17627  G -5.04374504e-02 -7.05957413e-02 1.34855509e-01 1.00000000e+00
308 S st 1 cl 1 sigma 0.13790  G 1.78074837e-01 -2.11954117e-01 3.28063965e-02 1.00000000e+00
308 S st 6 cl 1 sigma 0.13790  G -1.29747391e-01 2.43663788e-01 3.90291214e-02 1.00000000e+00
308 S st 7 cl 1 sigma 0.13790  G 2.49564648e-01 1.09517574e-01 5.75304031e-02 1.00000000e+00
308 S st 8 cl 1 sigma 0.13790  G -8.72552395e-02 -1.22123957e-01 2.33304501e-01 1.00000000e+00
# EVENT 309  nrows 10  ncols 4  params[x y z ot]  hypo 3.9318 0.8234 5.4401
309 P st 1 cl 1 sigma 0.40238  G 1.13546848e-01 -1.00672245e-01 5.41925430e-02 1.00000000e+00
309 P st 4 cl 0 sigma 0.17627  G 4.40716743e-02 1.45864487e-01 5.21183014e-02 1.00000000e+00
309 P st 5 cl 0 sigma 0.17627  G 1.19137764e-01 2.80618668e-02 1.01864338e-01 1.00000000e+00
309 P st 6 cl 0 sigma 0.17627  G -4.73737717e-02 1.41012669e-01 6.17265701e-02 1.00000000e+00
309 P st 7 cl 0 sigma 0.17627  G 1.29926205e-01 6.36458397e-02 7.09295273e-02 1.00000000e+00
309 P st 8 cl 0 sigma 0.17627  G 1.77621841e-02 -5.90682030e-03 1.59877539e-01 1.00000000e+00
309 P st 9 cl 0 sigma 0.17627  G -2.40325928e-02 1.50692463e-01 5.10334969e-02 1.00000000e+00
309 S st 5 cl 1 sigma 0.13790  G 2.06124783e-01 4.85301018e-02 1.76227093e-01 1.00000000e+00
309 S st 6 cl 1 sigma 0.13790  G -8.19444656e-02 2.43949890e-01 1.06811523e-01 1.00000000e+00
309 S st 9 cl 1 sigma 0.13790  G -4.15563583e-02 2.60663033e-01 8.83102417e-02 1.00000000e+00
# EVENT 310  nrows 11  ncols 4  params[x y z ot]  hypo 0.5297 -5.1440 4.5181
310 P st 2 cl 0 sigma 0.17627  G -3.27646732e-02 7.75396824e-02 1.41066313e-01 1.00000000e+00
310 P st 3 cl 0 sigma 0.17627  G -6.12497330e-02 1.42061710e-01 4.80413437e-02 1.00000000e+00
310 P st 4 cl 0 sigma 0.17627  G 2.26259232e-02 1.43420696e-01 7.37547874e-02 1.00000000e+00
310 P st 5 cl 0 sigma 0.17627  G 8.52704048e-02 -8.03172588e-02 1.15513802e-01 1.00000000e+00
310 P st 6 cl 0 sigma 0.17627  G -1.03712082e-01 1.02412701e-01 7.16090202e-02 1.00000000e+00
310 P st 7 cl 0 sigma 0.17627  G 1.29973888e-01 -6.59227371e-03 9.62734222e-02 1.00000000e+00
310 P st 8 cl 0 sigma 0.17627  G -4.73916531e-02 -1.11556053e-01 1.08629465e-01 1.00000000e+00
310 P st 9 cl 0 sigma 0.17627  G -7.01546669e-02 1.32596493e-01 6.18934631e-02 1.00000000e+00
310 S st 6 cl 1 sigma 0.13790  G -1.79409981e-01 1.77168846e-01 1.23858452e-01 1.00000000e+00
310 S st 7 cl 1 sigma 0.13790  G 2.24864483e-01 -1.13844872e-02 1.66535378e-01 1.00000000e+00
310 S st 9 cl 1 sigma 0.13790  G -1.21378899e-01 2.29406357e-01 1.07049942e-01 1.00000000e+00
# EVENT 311  nrows 10  ncols 4  params[x y z ot]  hypo 3.2421 0.6122 1.8471
311 P st 1 cl 0 sigma 0.17627  G 1.15692616e-01 -1.10626221e-01 1.89900398e-02 1.00000000e+00
311 P st 2 cl 0 sigma 0.17627  G 2.32934952e-02 1.54823065e-01 3.84330750e-02 1.00000000e+00
311 P st 5 cl 0 sigma 0.17627  G 1.48522854e-01 3.42369080e-02 5.02228737e-02 1.00000000e+00
311 P st 6 cl 0 sigma 0.17627  G -5.81979752e-02 1.48785114e-01 2.15411186e-02 1.00000000e+00
311 P st 7 cl 0 sigma 0.17627  G 1.41882896e-01 7.11798668e-02 2.76207924e-02 1.00000000e+00
311 P st 8 cl 0 sigma 0.17627  G 2.54809856e-03 -1.68442726e-02 1.57359242e-01 1.00000000e+00
311 P st 9 cl 0 sigma 0.17627  G -3.15189362e-02 1.57117844e-01 1.74641609e-02 1.00000000e+00
311 S st 1 cl 1 sigma 0.13790  G 2.00128555e-01 -1.91378593e-01 3.28540802e-02 1.00000000e+00
311 S st 6 cl 1 sigma 0.13790  G -1.00684166e-01 2.57396698e-01 3.72648239e-02 1.00000000e+00
311 S st 7 cl 1 sigma 0.13790  G 2.45475769e-01 1.23143196e-01 4.78029251e-02 1.00000000e+00
# EVENT 312  nrows 12  ncols 4  params[x y z ot]  hypo 3.7106 1.6716 3.9158
312 P st 1 cl 0 sigma 0.17627  G 1.19400024e-01 -9.95039940e-02 4.13417816e-02 1.00000000e+00
312 P st 2 cl 0 sigma 0.17627  G 2.61306763e-02 1.44159794e-01 6.60777092e-02 1.00000000e+00
312 P st 3 cl 0 sigma 0.17627  G -2.52485275e-02 1.56450272e-01 2.85387039e-02 1.00000000e+00
312 P st 4 cl 0 sigma 0.17627  G 4.17232513e-02 1.51360035e-01 3.62157822e-02 1.00000000e+00
312 P st 5 cl 0 sigma 0.17627  G 1.30826235e-01 4.66287136e-02 8.20159912e-02 1.00000000e+00
312 P st 6 cl 0 sigma 0.17627  G -4.88519669e-02 1.47378445e-01 4.29511070e-02 1.00000000e+00
312 P st 7 cl 0 sigma 0.17627  G 1.31571293e-01 7.57455826e-02 5.26309013e-02 1.00000000e+00
312 P st 8 cl 0 sigma 0.17627  G 1.57058239e-02 1.73747540e-02 1.59025192e-01 1.00000000e+00
312 P st 9 cl 0 sigma 0.17627  G -2.54392624e-02 1.55007839e-01 3.51786613e-02 1.00000000e+00
312 S st 4 cl 1 sigma 0.13790  G 7.21931458e-02 2.61831284e-01 6.26564026e-02 1.00000000e+00
312 S st 8 cl 1 sigma 0.13790  G 2.71558762e-02 3.00526619e-02 2.75099277e-01 1.00000000e+00
312 S st 9 cl 1 sigma 0.13790  G -4.40120697e-02 2.68149376e-01 6.08921051e-02 1.00000000e+00
# EVENT 313  nrows 13  ncols 4  params[x y z ot]  hypo 1.8828 -3.1973 2.6025
313 P st 0 cl 0 sigma 0.17627  G -4.10556793e-02 1.48975849e-01 4.95672226e-02 1.00000000e+00
313 P st 1 cl 0 sigma 0.17627  G 9.06586647e-02 -1.31070614e-01 2.64048576e-02 1.00000000e+00
313 P st 2 cl 0 sigma 0.17627  G -1.78813934e-04 1.31183863e-01 9.84251499e-02 1.00000000e+00
313 P st 4 cl 0 sigma 0.17627  G 3.64184380e-02 1.52909756e-01 3.86595726e-02 1.00000000e+00
313 P st 5 cl 0 sigma 0.17627  G 1.30790472e-01 -4.96447086e-02 8.46028328e-02 1.00000000e+00
313 P st 6 cl 0 sigma 0.17627  G -8.77618790e-02 1.29425526e-01 4.27842140e-02 1.00000000e+00
313 P st 7 cl 0 sigma 0.17627  G 1.50120258e-01 2.48908997e-02 5.57661057e-02 1.00000000e+00
313 P st 8 cl 0 sigma 0.17627  G -3.36885452e-02 -1.11657381e-01 1.10203028e-01 1.00000000e+00
313 P st 9 cl 0 sigma 0.17627  G -5.29646873e-02 1.49023533e-01 3.45349312e-02 1.00000000e+00
313 S st 1 cl 1 sigma 0.13790  G 1.56831741e-01 -2.26736069e-01 4.56809998e-02 1.00000000e+00
313 S st 2 cl 1 sigma 0.13790  G -3.21865082e-04 2.26950645e-01 1.70290470e-01 1.00000000e+00
313 S st 7 cl 1 sigma 0.13790  G 2.59709358e-01 4.30464745e-02 9.64641571e-02 1.00000000e+00
313 S st 8 cl 1 sigma 0.13790  G -5.82814217e-02 -1.93166733e-01 1.90663338e-01 1.00000000e+00
# EVENT 314  nrows 12  ncols 4  params[x y z ot]  hypo 3.1640 1.5562 5.1409
314 P st 1 cl 0 sigma 0.17627  G 1.13666058e-01 -1.00255013e-01 5.76615334e-02 1.00000000e+00
314 P st 2 cl 0 sigma 0.17627  G 1.76310539e-02 1.37460232e-01 8.60929489e-02 1.00000000e+00
314 P st 3 cl 0 sigma 0.17627  G -2.86579132e-02 1.53899193e-01 4.00781631e-02 1.00000000e+00
314 P st 4 cl 0 sigma 0.17627  G 3.67879868e-02 1.49226189e-01 5.06997108e-02 1.00000000e+00
314 P st 5 cl 0 sigma 0.17627  G 1.12724304e-01 4.14490700e-02 1.06686354e-01 1.00000000e+00
314 P st 6 cl 0 sigma 0.17627  G -5.26785851e-02 1.41859055e-01 5.81979752e-02 1.00000000e+00
314 P st 7 cl 0 sigma 0.17627  G 1.24561787e-01 7.40647316e-02 7.25746155e-02 1.00000000e+00
314 P st 8 cl 0 sigma 0.17627  G -1.37090683e-04 7.74860382e-03 1.60670280e-01 1.00000000e+00
314 P st 9 cl 0 sigma 0.17627  G -2.94804573e-02 1.51395798e-01 4.87685204e-02 1.00000000e+00
314 S st 5 cl 1 sigma 0.13790  G 1.95026398e-01 7.17282295e-02 1.84559822e-01 1.00000000e+00
314 S st 7 cl 1 sigma 0.13790  G 2.15506554e-01 1.28126144e-01 1.25551224e-01 1.00000000e+00
314 S st 8 cl 1 sigma 0.13790  G -2.02655792e-04 1.34110451e-02 2.77936459e-01 1.00000000e+00
# EVENT 315  nrows 14  ncols 4  params[x y z ot]  hypo 1.2538 -3.3678 4.0862
315 P st 0 cl 0 sigma 0.17627  G -4.72784042e-02 1.38354301e-01 7.05122948e-02 1.00000000e+00
315 P st 1 cl 0 sigma 0.17627  G 8.46743584e-02 -1.31726265e-01 4.06861305e-02 1.00000000e+00
315 P st 2 cl 0 sigma 0.17627  G -1.39534473e-02 1.09869242e-01 1.21003389e-01 1.00000000e+00
315 P st 3 cl 0 sigma 0.17627  G -5.13315201e-02 1.48093700e-01 4.00781631e-02 1.00000000e+00
315 P st 4 cl 0 sigma 0.17627  G 2.86102295e-02 1.48832798e-01 5.83648682e-02 1.00000000e+00
315 P st 5 cl 0 sigma 0.17627  G 1.06048584e-01 -4.87744808e-02 1.14482641e-01 1.00000000e+00
315 P st 6 cl 0 sigma 0.17627  G -9.04798508e-02 1.19948387e-01 6.13093376e-02 1.00000000e+00
315 P st 7 cl 0 sigma 0.17627  G 1.37996674e-01 2.18272209e-02 8.29339027e-02 1.00000000e+00
315 P st 8 cl 0 sigma 0.17627  G -4.12106514e-02 -9.54568386e-02 1.23661757e-01 1.00000000e+00
315 P st 9 cl 0 sigma 0.17627  G -5.78880310e-02 1.42455101e-01 5.14030457e-02 1.00000000e+00
315 S st 1 cl 1 sigma 0.13790  G 1.46508217e-01 -2.27928162e-01 7.03811646e-02 1.00000000e+00
315 S st 4 cl 1 sigma 0.13790  G 4.94956970e-02 2.57492065e-01 1.00970268e-01 1.00000000e+00
315 S st 7 cl 1 sigma 0.13790  G 2.38740444e-01 3.77655029e-02 1.43504143e-01 1.00000000e+00
315 S st 8 cl 1 sigma 0.13790  G -7.12990761e-02 -1.65128708e-01 2.13932991e-01 1.00000000e+00
# EVENT 316  nrows 13  ncols 4  params[x y z ot]  hypo 3.4518 1.0453 4.7424
316 P st 0 cl 0 sigma 0.17627  G -1.32679939e-02 1.50501728e-01 5.72681427e-02 1.00000000e+00
316 P st 1 cl 0 sigma 0.17627  G 1.13832951e-01 -1.02818012e-01 5.05328178e-02 1.00000000e+00
316 P st 2 cl 0 sigma 0.17627  G 2.27570534e-02 1.37388706e-01 8.32319260e-02 1.00000000e+00
316 P st 3 cl 0 sigma 0.17627  G -2.74419785e-02 1.54614449e-01 3.68118286e-02 1.00000000e+00
316 P st 4 cl 0 sigma 0.17627  G 4.03285027e-02 1.49023533e-01 4.68492508e-02 1.00000000e+00
316 P st 5 cl 0 sigma 0.17627  G 1.23363733e-01 3.49342823e-02 9.97364521e-02 1.00000000e+00
316 P st 6 cl 0 sigma 0.17627  G -5.20706177e-02 1.42896175e-01 5.47885895e-02 1.00000000e+00
316 P st 7 cl 0 sigma 0.17627  G 1.29747391e-01 6.90102577e-02 6.66379929e-02 1.00000000e+00
316 P st 8 cl 0 sigma 0.17627  G 8.16583633e-03 -8.88109207e-04 1.60813332e-01 1.00000000e+00
316 P st 9 cl 0 sigma 0.17627  G -2.80737877e-02 1.52325630e-01 4.52995300e-02 1.00000000e+00
316 S st 2 cl 1 sigma 0.13790  G 3.93748283e-02 2.37691402e-01 1.43992901e-01 1.00000000e+00
316 S st 8 cl 1 sigma 0.13790  G 1.41143799e-02 -1.54972076e-03 2.78222561e-01 1.00000000e+00
316 S st 9 cl 1 sigma 0.13790  G -4.85658646e-02 2.63547897e-01 7.83920288e-02 1.00000000e+00
# EVENT 317  nrows 13  ncols 4  params[x y z ot]  hypo 2.2618 -1.3231 1.5966
317 P st 0 cl 0 sigma 0.17627  G -3.16500664e-02 1.56414509e-01 2.67624855e-02 1.00000000e+00
317 P st 1 cl 0 sigma 0.17627  G 1.01649761e-01 -1.24192238e-01 1.80959702e-02 1.00000000e+00
317 P st 2 cl 0 sigma 0.17627  G 8.13007355e-03 1.54203176e-01 5.22673130e-02 1.00000000e+00
317 P st 3 cl 0 sigma 0.17627  G -4.03404236e-02 1.55496597e-01 1.53303146e-02 1.00000000e+00
317 P st 4 cl 0 sigma 0.17627  G 3.64542007e-02 1.56009197e-01 2.10642815e-02 1.00000000e+00
317 P st 5 cl 0 sigma 0.17627  G 1.51205063e-01 -7.45058060e-03 6.15417957e-02 1.00000000e+00
317 P st 6 cl 0 sigma 0.17627  G -7.57813454e-02 1.40798092e-01 2.40325928e-02 1.00000000e+00
317 P st 7 cl 0 sigma 0.17627  G 1.49643421e-01 5.27739525e-02 3.31640244e-02 1.00000000e+00
317 P st 8 cl 0 sigma 0.17627  G -3.73482704e-02 -9.84609127e-02 1.26290321e-01 1.00000000e+00
317 P st 9 cl 0 sigma 0.17627  G -4.44531441e-02 1.54078007e-01 1.94072723e-02 1.00000000e+00
317 S st 6 cl 1 sigma 0.13790  G -1.31106377e-01 2.43568420e-01 4.15802002e-02 1.00000000e+00
317 S st 7 cl 1 sigma 0.13790  G 2.58874893e-01 9.12904739e-02 5.73635101e-02 1.00000000e+00
317 S st 8 cl 1 sigma 0.13790  G -6.46173954e-02 -1.70332193e-01 2.18492746e-01 1.00000000e+00
# EVENT 318  nrows 12  ncols 4  params[x y z ot]  hypo 4.8531 1.7737 2.3011
318 P st 1 cl 0 sigma 0.17627  G 1.27303600e-01 -9.60707664e-02 2.37703323e-02 1.00000000e+00
318 P st 2 cl 0 sigma 0.17627  G 4.37855721e-02 1.50001049e-01 4.09483910e-02 1.00000000e+00
318 P st 4 cl 0 sigma 0.17627  G 5.11169434e-02 1.51407719e-01 2.13503838e-02 1.00000000e+00
318 P st 5 cl 0 sigma 0.17627  G 1.46728754e-01 4.71472740e-02 4.82380390e-02 1.00000000e+00
318 P st 6 cl 0 sigma 0.17627  G -3.89456749e-02 1.54197216e-01 2.66075134e-02 1.00000000e+00
318 P st 7 cl 0 sigma 0.17627  G 1.39975548e-01 7.42316246e-02 2.98738480e-02 1.00000000e+00
318 P st 8 cl 0 sigma 0.17627  G 6.08801842e-02 2.52664089e-02 1.44034624e-01 1.00000000e+00
318 P st 9 cl 0 sigma 0.17627  G -1.62124634e-02 1.58989429e-01 2.13265419e-02 1.00000000e+00
318 S st 1 cl 1 sigma 0.13790  G 2.20227242e-01 -1.66201591e-01 4.11033630e-02 1.00000000e+00
318 S st 5 cl 1 sigma 0.13790  G 2.53820419e-01 8.15749168e-02 8.34345818e-02 1.00000000e+00
318 S st 7 cl 1 sigma 0.13790  G 2.42161751e-01 1.28436089e-01 5.16891479e-02 1.00000000e+00
318 S st 9 cl 1 sigma 0.13790  G -2.80618668e-02 2.75087357e-01 3.68833542e-02 1.00000000e+00
# EVENT 319  nrows 11  ncols 4  params[x y z ot]  hypo 2.0764 -0.6402 2.9607
319 P st 1 cl 0 sigma 0.17627  G 1.02269650e-01 -1.20580196e-01 2.97427177e-02 1.00000000e+00
319 P st 2 cl 0 sigma 0.17627  G 3.48687172e-03 1.44481659e-01 6.82055950e-02 1.00000000e+00
319 P st 4 cl 0 sigma 0.17627  G 3.26156616e-02 1.54280663e-01 3.17692757e-02 1.00000000e+00
319 P st 5 cl 0 sigma 0.17627  G 1.30891800e-01 8.43405724e-03 8.70168209e-02 1.00000000e+00
319 P st 6 cl 0 sigma 0.17627  G -7.28130341e-02 1.39033794e-01 3.57508659e-02 1.00000000e+00
319 P st 7 cl 0 sigma 0.17627  G 1.39725208e-01 6.02722168e-02 5.04970551e-02 1.00000000e+00
319 P st 8 cl 0 sigma 0.17627  G -3.82721424e-02 -5.99443913e-02 1.45214796e-01 1.00000000e+00
319 P st 9 cl 0 sigma 0.17627  G -4.37378883e-02 1.52063370e-01 2.92062759e-02 1.00000000e+00
319 S st 6 cl 1 sigma 0.13790  G -1.25956535e-01 2.40492821e-01 6.18457794e-02 1.00000000e+00
319 S st 7 cl 1 sigma 0.13790  G 2.41732597e-01 1.04272366e-01 8.73565674e-02 1.00000000e+00
319 S st 8 cl 1 sigma 0.13790  G -6.62088394e-02 -1.03700161e-01 2.51209736e-01 1.00000000e+00
# EVENT 320  nrows 12  ncols 4  params[x y z ot]  hypo 4.3961 0.8411 3.4031
320 P st 1 cl 0 sigma 0.17627  G 1.19900703e-01 -1.02305412e-01 3.37243080e-02 1.00000000e+00
320 P st 2 cl 0 sigma 0.17627  G 3.89218330e-02 1.43170357e-01 6.30140305e-02 1.00000000e+00
320 P st 3 cl 0 sigma 0.17627  G -2.14576721e-02 1.57570839e-01 2.59160995e-02 1.00000000e+00
320 P st 4 cl 0 sigma 0.17627  G 4.93168831e-02 1.49714947e-01 3.27110291e-02 1.00000000e+00
320 P st 5 cl 0 sigma 0.17627  G 1.39653683e-01 3.15666199e-02 7.07507133e-02 1.00000000e+00
320 P st 6 cl 0 sigma 0.17627  G -4.51207161e-02 1.49309635e-01 4.03523445e-02 1.00000000e+00
320 P st 7 cl 0 sigma 0.17627  G 1.39772892e-01 6.59823418e-02 4.55141068e-02 1.00000000e+00
320 P st 8 cl 0 sigma 0.17627  G 3.93390656e-02 -7.55190849e-03 1.55305862e-01 1.00000000e+00
320 P st 9 cl 0 sigma 0.17627  G -2.08139420e-02 1.56342983e-01 3.23534012e-02 1.00000000e+00
320 S st 3 cl 1 sigma 0.13790  G -3.71217728e-02 2.72631645e-01 4.48703766e-02 1.00000000e+00
320 S st 7 cl 1 sigma 0.13790  G 2.41827965e-01 1.14130974e-01 7.87496567e-02 1.00000000e+00
320 S st 8 cl 1 sigma 0.13790  G 6.80565834e-02 -1.30534172e-02 2.68685818e-01 1.00000000e+00
# EVENT 321  nrows 10  ncols 4  params[x y z ot]  hypo 2.8683 2.1026 3.0869
321 P st 1 cl 0 sigma 0.17627  G 1.19459629e-01 -1.02376938e-01 3.85046005e-02 1.00000000e+00
321 P st 2 cl 0 sigma 0.17627  G 1.41739845e-02 1.51801109e-01 5.71131706e-02 1.00000000e+00
321 P st 4 cl 0 sigma 0.17627  G 3.45468521e-02 1.54805183e-01 3.11613083e-02 1.00000000e+00
321 P st 5 cl 0 sigma 0.17627  G 1.27762556e-01 5.94496727e-02 7.98165798e-02 1.00000000e+00
321 P st 6 cl 0 sigma 0.17627  G -5.56945801e-02 1.47593021e-01 3.58581543e-02 1.00000000e+00
321 P st 7 cl 0 sigma 0.17627  G 1.28805637e-01 8.56041908e-02 4.83512878e-02 1.00000000e+00
321 P st 8 cl 0 sigma 0.17627  G -1.20460987e-02 4.07397747e-02 1.56652927e-01 1.00000000e+00
321 P st 9 cl 0 sigma 0.17627  G -3.18169594e-02 1.55568123e-01 2.96592712e-02 1.00000000e+00
321 S st 2 cl 1 sigma 0.13790  G 2.45094299e-02 2.62618065e-01 9.88125801e-02 1.00000000e+00
321 S st 5 cl 1 sigma 0.13790  G 2.21014023e-01 1.02841854e-01 1.38080120e-01 1.00000000e+00
# EVENT 322  nrows 13  ncols 4  params[x y z ot]  hypo 2.6114 0.2387 6.2581
322 P st 1 cl 0 sigma 0.17627  G 1.02639198e-01 -1.07121468e-01 6.33716583e-02 1.00000000e+00
322 P st 2 cl 0 sigma 0.17627  G 1.01447105e-02 1.21188164e-01 1.06346607e-01 1.00000000e+00
322 P st 3 cl 0 sigma 0.17627  G -3.36408615e-02 1.50084496e-01 4.81367111e-02 1.00000000e+00
322 P st 4 cl 0 sigma 0.17627  G 3.36647034e-02 1.44636631e-01 6.21438026e-02 1.00000000e+00
322 P st 5 cl 0 sigma 0.17627  G 1.03920698e-01 2.02834606e-02 1.22559071e-01 1.00000000e+00
322 P st 6 cl 0 sigma 0.17627  G -5.95808029e-02 1.32608414e-01 6.99758530e-02 1.00000000e+00
322 P st 7 cl 0 sigma 0.17627  G 1.21152401e-01 6.00814819e-02 8.78810883e-02 1.00000000e+00
322 P st 8 cl 0 sigma 0.17627  G -1.47938728e-02 -2.18033791e-02 1.59400702e-01 1.00000000e+00
322 P st 9 cl 0 sigma 0.17627  G -3.52859497e-02 1.45924091e-01 5.89489937e-02 1.00000000e+00
322 S st 2 cl 1 sigma 0.13790  G 1.75476074e-02 2.09641457e-01 1.83999538e-01 1.00000000e+00
322 S st 3 cl 1 sigma 0.13790  G -5.81502914e-02 2.59661674e-01 8.33034515e-02 1.00000000e+00
322 S st 7 cl 1 sigma 0.13790  G 2.09593773e-01 1.03950500e-01 1.52039528e-01 1.00000000e+00
322 S st 9 cl 1 sigma 0.13790  G -6.10351562e-02 2.52389908e-01 1.01971626e-01 1.00000000e+00
# EVENT 323  nrows 11  ncols 4  params[x y z ot]  hypo 3.5667 2.0480 4.6951
323 P st 1 cl 0 sigma 0.17627  G 1.18792057e-01 -9.64879990e-02 5.23328781e-02 1.00000000e+00
323 P st 2 cl 0 sigma 0.17627  G 2.27093697e-02 1.41394138e-01 7.64489174e-02 1.00000000e+00
323 P st 4 cl 0 sigma 0.17627  G 3.93509865e-02 1.50167942e-01 4.43100929e-02 1.00000000e+00
323 P st 5 cl 0 sigma 0.17627  G 1.22112036e-01 5.05626202e-02 9.53495502e-02 1.00000000e+00
323 P st 6 cl 0 sigma 0.17627  G -4.82797623e-02 1.45173073e-01 5.17010689e-02 1.00000000e+00
323 P st 7 cl 0 sigma 0.17627  G 1.26159191e-01 7.78794289e-02 6.37292862e-02 1.00000000e+00
323 P st 8 cl 0 sigma 0.17627  G 1.22487545e-02 3.01599503e-02 1.58846378e-01 1.00000000e+00
323 P st 9 cl 0 sigma 0.17627  G -2.58564949e-02 1.53517723e-01 4.29749489e-02 1.00000000e+00
323 S st 5 cl 1 sigma 0.13790  G 2.11250782e-01 8.74638557e-02 1.64961815e-01 1.00000000e+00
323 S st 7 cl 1 sigma 0.13790  G 2.18248367e-01 1.34754181e-01 1.10244751e-01 1.00000000e+00
323 S st 8 cl 1 sigma 0.13790  G 2.11954117e-02 5.21898270e-02 2.74801254e-01 1.00000000e+00
# EVENT 324  nrows 10  ncols 4  params[x y z ot]  hypo 3.7772 0.7776 3.6055
324 P st 1 cl 0 sigma 0.17627  G 1.16550922e-01 -1.05047226e-01 3.96847725e-02 1.00000000e+00
324 P st 2 cl 0 sigma 0.17627  G 2.93731689e-02 1.42443180e-01 7.18235970e-02 1.00000000e+00
324 P st 4 cl 0 sigma 0.17627  G 4.43458557e-02 1.50811672e-01 3.80754471e-02 1.00000000e+00
324 P st 5 cl 0 sigma 0.17627  G 1.35183334e-01 3.19182873e-02 8.37266445e-02 1.00000000e+00
324 P st 6 cl 0 sigma 0.17627  G -5.10573387e-02 1.46734715e-01 4.56213951e-02 1.00000000e+00
324 P st 7 cl 0 sigma 0.17627  G 1.36756897e-01 6.73294067e-02 5.41687012e-02 1.00000000e+00
324 P st 8 cl 0 sigma 0.17627  G 2.21550465e-02 -1.09255314e-02 1.59555674e-01 1.00000000e+00
324 P st 9 cl 0 sigma 0.17627  G -2.61425972e-02 1.55079365e-01 3.70621681e-02 1.00000000e+00
324 S st 2 cl 1 sigma 0.13790  G 5.07950783e-02 2.46417522e-01 1.24251842e-01 1.00000000e+00
324 S st 7 cl 1 sigma 0.13790  G 2.36582756e-01 1.16515160e-01 9.37223434e-02 1.00000000e+00
# EVENT 325  nrows 11  ncols 4  params[x y z ot]  hypo 2.1900 0.4083 2.9471
325 P st 1 cl 0 sigma 0.17627  G 1.07896328e-01 -1.15323067e-01 3.12089920e-02 1.00000000e+00
325 P st 2 cl 0 sigma 0.17627  G 5.07235527e-03 1.48433447e-01 5.99682331e-02 1.00000000e+00
325 P st 5 cl 0 sigma 0.17627  G 1.32119656e-01 3.13043594e-02 8.37087631e-02 1.00000000e+00
325 P st 6 cl 0 sigma 0.17627  G -6.74605370e-02 1.42097473e-01 3.34024429e-02 1.00000000e+00
325 P st 7 cl 0 sigma 0.17627  G 1.35040283e-01 7.22885132e-02 4.76717949e-02 1.00000000e+00
325 P st 8 cl 0 sigma 0.17627  G -3.60965729e-02 -2.45451927e-02 1.54328346e-01 1.00000000e+00
325 P st 9 cl 0 sigma 0.17627  G -4.04357910e-02 1.53374672e-01 2.74658203e-02 1.00000000e+00
325 S st 2 cl 1 sigma 0.13790  G 8.78572464e-03 2.56800652e-01 1.03747845e-01 1.00000000e+00
325 S st 5 cl 1 sigma 0.13790  G 2.28571892e-01 5.41567802e-02 1.44815445e-01 1.00000000e+00
325 S st 6 cl 1 sigma 0.13790  G -1.16729736e-01 2.45809555e-01 5.77926636e-02 1.00000000e+00
325 S st 8 cl 1 sigma 0.13790  G -6.24537468e-02 -4.24623489e-02 2.66987085e-01 1.00000000e+00
# EVENT 326  nrows 12  ncols 4  params[x y z ot]  hypo 0.6556 -2.5650 2.5953
326 P st 2 cl 0 sigma 0.17627  G -2.82406807e-02 1.32954121e-01 8.72850418e-02 1.00000000e+00
326 P st 3 cl 0 sigma 0.17627  G -5.45978546e-02 1.49965286e-01 2.49385834e-02 1.00000000e+00
326 P st 4 cl 0 sigma 0.17627  G 2.14099884e-02 1.56080723e-01 3.73959541e-02 1.00000000e+00
326 P st 5 cl 0 sigma 0.17627  G 1.18118525e-01 -4.04834747e-02 1.04641914e-01 1.00000000e+00
326 P st 6 cl 0 sigma 0.17627  G -9.47117805e-02 1.25670433e-01 3.84092331e-02 1.00000000e+00
326 P st 7 cl 0 sigma 0.17627  G 1.44308805e-01 3.88503075e-02 6.31749630e-02 1.00000000e+00
326 P st 8 cl 0 sigma 0.17627  G -6.63697720e-02 -9.60469246e-02 1.10781193e-01 1.00000000e+00
326 P st 9 cl 0 sigma 0.17627  G -6.20722771e-02 1.45947933e-01 3.19957733e-02 1.00000000e+00
326 S st 2 cl 1 sigma 0.13790  G -4.88519669e-02 2.30002403e-01 1.50990486e-01 1.00000000e+00
326 S st 6 cl 1 sigma 0.13790  G -1.63841248e-01 2.17390060e-01 6.64472580e-02 1.00000000e+00
326 S st 7 cl 1 sigma 0.13790  G 2.49683857e-01 6.72221184e-02 1.09279156e-01 1.00000000e+00
326 S st 8 cl 1 sigma 0.13790  G -1.14822388e-01 -1.66153908e-01 1.91640854e-01 1.00000000e+00
# EVENT 327  nrows 13  ncols 4  params[x y z ot]  hypo 1.5610 -2.7826 3.3432
327 P st 1 cl 0 sigma 0.17627  G 8.96334648e-02 -1.30033493e-01 3.21149826e-02 1.00000000e+00
327 P st 2 cl 0 sigma 0.17627  G -7.36117363e-03 1.25384331e-01 1.01262331e-01 1.00000000e+00
327 P st 3 cl 0 sigma 0.17627  G -4.80890274e-02 1.50895119e-01 3.02195549e-02 1.00000000e+00
327 P st 4 cl 0 sigma 0.17627  G 3.14116478e-02 1.51896477e-01 4.39524651e-02 1.00000000e+00
327 P st 5 cl 0 sigma 0.17627  G 1.19680166e-01 -3.89635563e-02 9.97841358e-02 1.00000000e+00
327 P st 6 cl 0 sigma 0.17627  G -8.69035721e-02 1.27422810e-01 4.75645065e-02 1.00000000e+00
327 P st 7 cl 0 sigma 0.17627  G 1.43837929e-01 3.13401222e-02 6.55531883e-02 1.00000000e+00
327 P st 8 cl 0 sigma 0.17627  G -4.08291817e-02 -9.78171825e-02 1.21176243e-01 1.00000000e+00
327 P st 9 cl 0 sigma 0.17627  G -5.40137291e-02 1.46865845e-01 3.90529633e-02 1.00000000e+00
327 S st 2 cl 1 sigma 0.13790  G -1.27434731e-02 2.16925144e-01 1.75189972e-01 1.00000000e+00
327 S st 7 cl 1 sigma 0.13790  G 2.48849392e-01 5.42163849e-02 1.13391876e-01 1.00000000e+00
327 S st 8 cl 1 sigma 0.13790  G -7.06434250e-02 -1.69217587e-01 2.09617615e-01 1.00000000e+00
327 S st 9 cl 1 sigma 0.13790  G -9.34600830e-02 2.54082680e-01 6.75678253e-02 1.00000000e+00
# EVENT 328  nrows 10  ncols 4  params[x y z ot]  hypo 1.0485 -2.2217 1.3366
328 P st 1 cl 0 sigma 0.17627  G 9.03964043e-02 -1.32858753e-01 1.29103661e-02 1.00000000e+00
328 P st 2 cl 0 sigma 0.17627  G -2.08437443e-02 1.52486563e-01 4.50789928e-02 1.00000000e+00
328 P st 4 cl 0 sigma 0.17627  G 2.56299973e-02 1.58357620e-01 1.61170959e-02 1.00000000e+00
328 P st 5 cl 0 sigma 0.17627  G 1.45453215e-01 -3.56376171e-02 5.84900379e-02 1.00000000e+00
328 P st 6 cl 0 sigma 0.17627  G -9.13977623e-02 1.31738186e-01 1.69992447e-02 1.00000000e+00
328 P st 8 cl 0 sigma 0.17627  G -7.26759434e-02 -1.12867355e-01 7.95483589e-02 1.00000000e+00
328 P st 9 cl 0 sigma 0.17627  G -5.81741333e-02 1.49691105e-01 1.41859055e-02 1.00000000e+00
328 S st 1 cl 1 sigma 0.13790  G 1.56402588e-01 -2.29859352e-01 2.23636627e-02 1.00000000e+00
328 S st 6 cl 1 sigma 0.13790  G -1.58143044e-01 2.27904320e-01 2.94208527e-02 1.00000000e+00
328 S st 8 cl 1 sigma 0.13790  G -1.25730038e-01 -1.95252895e-01 1.37615204e-01 1.00000000e+00
# EVENT 329  nrows 11  ncols 4  params[x y z ot]  hypo 2.0626 0.7830 3.7019
329 P st 2 cl 0 sigma 0.17627  G 2.72989273e-03 1.44708157e-01 7.31706619e-02 1.00000000e+00
329 P st 4 cl 0 sigma 0.17627  G 2.96711922e-02 1.53827667e-01 3.90052795e-02 1.00000000e+00
329 P st 5 cl 0 sigma 0.17627  G 1.20902061e-01 3.69250774e-02 1.01500750e-01 1.00000000e+00
329 P st 6 cl 0 sigma 0.17627  G -6.62684441e-02 1.40643120e-01 4.35709953e-02 1.00000000e+00
329 P st 7 cl 0 sigma 0.17627  G 1.28829479e-01 7.49707222e-02 6.16431236e-02 1.00000000e+00
329 P st 8 cl 0 sigma 0.17627  G -3.67581844e-02 -9.70959663e-03 1.57260895e-01 1.00000000e+00
329 P st 9 cl 0 sigma 0.17627  G -4.03404236e-02 1.52051449e-01 3.62634659e-02 1.00000000e+00
329 S st 2 cl 1 sigma 0.13790  G 4.72068787e-03 2.50339508e-01 1.26564503e-01 1.00000000e+00
329 S st 6 cl 1 sigma 0.13790  G -1.14631653e-01 2.43330002e-01 7.53879547e-02 1.00000000e+00
329 S st 7 cl 1 sigma 0.13790  G 2.22873688e-01 1.29723549e-01 1.06644630e-01 1.00000000e+00
329 S st 8 cl 1 sigma 0.13790  G -6.35981560e-02 -1.67846680e-02 2.72083282e-01 1.00000000e+00
# EVENT 330  nrows 14  ncols 4  params[x y z ot]  hypo 3.4496 0.9685 6.0731
330 P st 0 cl 0 sigma 0.17627  G -1.28984451e-02 1.45101547e-01 7.12275505e-02 1.00000000e+00
330 P st 1 cl 0 sigma 0.17627  G 1.10197067e-01 -1.00290775e-01 6.30497932e-02 1.00000000e+00
330 P st 2 cl 0 sigma 0.17627  G 2.07901001e-02 1.24645233e-01 9.99331474e-02 1.00000000e+00
330 P st 3 cl 0 sigma 0.17627  G -2.71558762e-02 1.52111053e-01 4.69684601e-02 1.00000000e+00
330 P st 4 cl 0 sigma 0.17627  G 3.94582748e-02 1.45220757e-01 5.91039658e-02 1.00000000e+00
330 P st 5 cl 0 sigma 0.17627  G 1.11961365e-01 3.05294991e-02 1.14631653e-01 1.00000000e+00
330 P st 6 cl 0 sigma 0.17627  G -5.06043434e-02 1.38080120e-01 6.84380531e-02 1.00000000e+00
330 P st 7 cl 0 sigma 0.17627  G 1.23834610e-01 6.49929047e-02 8.15987587e-02 1.00000000e+00
330 P st 8 cl 0 sigma 0.17627  G 6.52670860e-03 -2.52127647e-03 1.60825253e-01 1.00000000e+00
330 P st 9 cl 0 sigma 0.17627  G -2.75135040e-02 1.48749352e-01 5.72919846e-02 1.00000000e+00
330 S st 1 cl 1 sigma 0.13790  G 1.90687180e-01 -1.73473358e-01 1.09076500e-01 1.00000000e+00
330 S st 2 cl 1 sigma 0.13790  G 3.59773636e-02 2.15637684e-01 1.72889233e-01 1.00000000e+00
330 S st 6 cl 1 sigma 0.13790  G -8.75711441e-02 2.38895416e-01 1.18422508e-01 1.00000000e+00
330 S st 9 cl 1 sigma 0.13790  G -4.76360321e-02 2.57301331e-01 9.90867615e-02 1.00000000e+00
# EVENT 331  nrows 12  ncols 4  params[x y z ot]  hypo 3.0764 0.8152 3.1087
331 P st 1 cl 0 sigma 0.17627  G 1.14262104e-01 -1.08814240e-01 3.58939171e-02 1.00000000e+00
331 P st 2 cl 0 sigma 0.17627  G 1.90496445e-02 1.47664547e-01 6.49452209e-02 1.00000000e+00
331 P st 3 cl 0 sigma 0.17627  G -3.07559967e-02 1.56426430e-01 2.57015228e-02 1.00000000e+00
331 P st 4 cl 0 sigma 0.17627  G 3.87072563e-02 1.53410435e-01 3.35097313e-02 1.00000000e+00
331 P st 5 cl 0 sigma 0.17627  G 1.35987997e-01 3.60846519e-02 8.21948051e-02 1.00000000e+00
331 P st 6 cl 0 sigma 0.17627  G -5.80191612e-02 1.46019459e-01 3.91602516e-02 1.00000000e+00
331 P st 7 cl 0 sigma 0.17627  G 1.36053562e-01 7.19666481e-02 5.04136086e-02 1.00000000e+00
331 P st 8 cl 0 sigma 0.17627  G -3.82065773e-03 -1.04486942e-02 1.60437822e-01 1.00000000e+00
331 P st 9 cl 0 sigma 0.17627  G -3.22341919e-02 1.55162811e-01 3.19719315e-02 1.00000000e+00
331 S st 6 cl 1 sigma 0.13790  G -1.00398064e-01 2.52580643e-01 6.77347183e-02 1.00000000e+00
331 S st 7 cl 1 sigma 0.13790  G 2.35366821e-01 1.24478340e-01 8.72135162e-02 1.00000000e+00
331 S st 8 cl 1 sigma 0.13790  G -6.62207603e-03 -1.80542469e-02 2.77566910e-01 1.00000000e+00
# EVENT 332  nrows 10  ncols 4  params[x y z ot]  hypo -9.7162 -6.1797 0.4890
332 P st 1 cl 0 sigma 0.17627  G -1.03354454e-02 -1.60837173e-01 -8.41856003e-02 1.00000000e+00
332 P st 2 cl 0 sigma 0.17627  G -1.58381462e-01 2.99930573e-02 -8.22067261e-02 1.00000000e+00
332 P st 4 cl 0 sigma 0.17627  G -1.04272366e-01 1.22892857e-01 -8.36133957e-02 1.00000000e+00
332 P st 5 cl 0 sigma 0.17627  G -1.21229887e-01 -1.06531382e-01 -2.89916992e-02 1.00000000e+00
332 P st 7 cl 0 sigma 0.17627  G -1.20729208e-01 -7.59363174e-02 1.05172396e-01 1.00000000e+00
332 P st 8 cl 0 sigma 0.17627  G -1.40428543e-01 -7.90476799e-02 -8.41140747e-02 1.00000000e+00
332 P st 9 cl 0 sigma 0.17627  G -1.34992599e-01 8.80241394e-02 -8.41736794e-02 1.00000000e+00
332 S st 1 cl 1 sigma 0.13790  G -1.79290771e-02 -2.78258324e-01 -1.45626068e-01 1.00000000e+00
332 S st 7 cl 1 sigma 0.13790  G -2.08854675e-01 -1.31362677e-01 1.81949139e-01 1.00000000e+00
332 S st 8 cl 1 sigma 0.13790  G -2.42924690e-01 -1.36780739e-01 -1.45530701e-01 1.00000000e+00
# EVENT 333  nrows 10  ncols 4  params[x y z ot]  hypo -9.7309 -6.6724 0.5147
333 P st 1 cl 0 sigma 0.17627  G -1.01923943e-02 -1.60825253e-01 7.47442245e-03 1.00000000e+00
333 P st 2 cl 0 sigma 0.17627  G -1.59418583e-01 2.34007835e-02 1.14202499e-02 1.00000000e+00
333 P st 4 cl 0 sigma 0.17627  G -1.07395649e-01 1.20139122e-01 1.07288361e-02 1.00000000e+00
333 P st 5 cl 0 sigma 0.17627  G -1.16181374e-01 -1.11562014e-01 1.73985958e-02 1.00000000e+00
333 P st 7 cl 0 sigma 0.17627  G -1.13302469e-01 -9.53555107e-02 8.16673040e-02 1.00000000e+00
333 P st 8 cl 0 sigma 0.17627  G -1.38151646e-01 -8.29458237e-02 9.15527344e-03 1.00000000e+00
333 P st 9 cl 0 sigma 0.17627  G -1.36888027e-01 8.50796700e-02 7.27176666e-03 1.00000000e+00
333 S st 1 cl 1 sigma 0.13790  G -1.76668167e-02 -2.78258324e-01 1.29222870e-02 1.00000000e+00
333 S st 7 cl 1 sigma 0.13790  G -1.96003914e-01 -1.64967775e-01 1.41280890e-01 1.00000000e+00
333 S st 8 cl 1 sigma 0.13790  G -2.39038467e-01 -1.43527985e-01 1.58309937e-02 1.00000000e+00
# EVENT 334  nrows 13  ncols 4  params[x y z ot]  hypo 2.3627 0.1259 3.6444
334 P st 1 cl 0 sigma 0.17627  G 1.06430054e-01 -1.14727020e-01 4.11033630e-02 1.00000000e+00
334 P st 2 cl 0 sigma 0.17627  G 7.94529915e-03 1.43021345e-01 7.81118870e-02 1.00000000e+00
334 P st 3 cl 0 sigma 0.17627  G -3.65734100e-02 1.54352188e-01 3.03268433e-02 1.00000000e+00
334 P st 4 cl 0 sigma 0.17627  G 3.34978104e-02 1.52897835e-01 4.04715538e-02 1.00000000e+00
334 P st 5 cl 0 sigma 0.17627  G 1.25014782e-01 2.31146812e-02 9.98020172e-02 1.00000000e+00
334 P st 6 cl 0 sigma 0.17627  G -6.62446022e-02 1.40392780e-01 4.58359718e-02 1.00000000e+00
334 P st 7 cl 0 sigma 0.17627  G 1.33752823e-01 6.64830208e-02 6.19292259e-02 1.00000000e+00
334 P st 8 cl 0 sigma 0.17627  G -2.48968601e-02 -2.92241573e-02 1.56635046e-01 1.00000000e+00
334 P st 9 cl 0 sigma 0.17627  G -3.92913818e-02 1.52218342e-01 3.78251076e-02 1.00000000e+00
334 S st 1 cl 1 sigma 0.13790  G 1.84154510e-01 -1.98459625e-01 7.11202621e-02 1.00000000e+00
334 S st 2 cl 1 sigma 0.13790  G 1.37567520e-02 2.47430801e-01 1.35135651e-01 1.00000000e+00
334 S st 6 cl 1 sigma 0.13790  G -1.14607811e-01 2.42829323e-01 7.93218613e-02 1.00000000e+00
334 S st 8 cl 1 sigma 0.13790  G -4.30703163e-02 -5.05447388e-02 2.70974636e-01 1.00000000e+00
# EVENT 335  nrows 12  ncols 4  params[x y z ot]  hypo 3.8341 1.1954 3.0518
335 P st 1 cl 0 sigma 0.17627  G 1.19519234e-01 -1.03187561e-01 3.51667404e-02 1.00000000e+00
335 P st 2 cl 0 sigma 0.17627  G 2.99692154e-02 1.47581100e-01 6.16431236e-02 1.00000000e+00
335 P st 3 cl 0 sigma 0.17627  G -2.50816345e-02 1.57475471e-01 2.53915787e-02 1.00000000e+00
335 P st 4 cl 0 sigma 0.17627  G 4.41789627e-02 1.52230263e-01 3.23772430e-02 1.00000000e+00
335 P st 5 cl 0 sigma 0.17627  G 1.38688087e-01 3.98993492e-02 7.44819641e-02 1.00000000e+00
335 P st 6 cl 0 sigma 0.17627  G -4.98414040e-02 1.49214268e-01 3.88860703e-02 1.00000000e+00
335 P st 7 cl 0 sigma 0.17627  G 1.37436390e-01 7.24434853e-02 4.68611717e-02 1.00000000e+00
335 P st 8 cl 0 sigma 0.17627  G 2.70843506e-02 4.88758087e-03 1.58935785e-01 1.00000000e+00
335 P st 9 cl 0 sigma 0.17627  G -2.53200531e-02 1.56545639e-01 3.15308571e-02 1.00000000e+00
335 S st 2 cl 1 sigma 0.13790  G 5.18321991e-02 2.55322456e-01 1.06644630e-01 1.00000000e+00
335 S st 7 cl 1 sigma 0.13790  G 2.37774849e-01 1.25312805e-01 8.10623169e-02 1.00000000e+00
335 S st 9 cl 1 sigma 0.13790  G -4.37736511e-02 2.70867348e-01 5.45740128e-02 1.00000000e+00
# EVENT 336  nrows 13  ncols 4  params[x y z ot]  hypo 3.5695 1.1599 4.4166
336 P st 0 cl 0 sigma 0.17627  G -1.20759010e-02 1.51836872e-01 5.17129898e-02 1.00000000e+00
336 P st 1 cl 0 sigma 0.17627  G 1.15597248e-01 -1.02305412e-01 4.57048416e-02 1.00000000e+00
336 P st 2 cl 0 sigma 0.17627  G 2.45571136e-02 1.39391422e-01 7.61747360e-02 1.00000000e+00
336 P st 3 cl 0 sigma 0.17627  G -2.66551971e-02 1.55329704e-01 3.29732895e-02 1.00000000e+00
336 P st 4 cl 0 sigma 0.17627  G 4.13298607e-02 1.49965286e-01 4.19855118e-02 1.00000000e+00
336 P st 5 cl 0 sigma 0.17627  G 1.26087666e-01 3.70919704e-02 9.16957855e-02 1.00000000e+00
336 P st 6 cl 0 sigma 0.17627  G -5.10334969e-02 1.44457817e-01 4.95433807e-02 1.00000000e+00
336 P st 7 cl 0 sigma 0.17627  G 1.30939484e-01 7.02500343e-02 6.02126122e-02 1.00000000e+00
336 P st 8 cl 0 sigma 0.17627  G 8.43405724e-03 1.78217888e-03 1.60580873e-01 1.00000000e+00
336 P st 9 cl 0 sigma 0.17627  G -2.70724297e-02 1.53326988e-01 4.06861305e-02 1.00000000e+00
336 S st 1 cl 1 sigma 0.13790  G 2.00009346e-01 -1.77025795e-01 7.90834427e-02 1.00000000e+00
336 S st 5 cl 1 sigma 0.13790  G 2.18129158e-01 6.41703606e-02 1.58643723e-01 1.00000000e+00
336 S st 7 cl 1 sigma 0.13790  G 2.26545334e-01 1.21521950e-01 1.04165077e-01 1.00000000e+00
# EVENT 337  nrows 13  ncols 4  params[x y z ot]  hypo 4.4267 2.1525 4.6077
337 P st 0 cl 0 sigma 0.17627  G -3.05175781e-03 1.52802467e-01 5.34415245e-02 1.00000000e+00
337 P st 1 cl 0 sigma 0.17627  G 1.23035908e-01 -9.23037529e-02 5.03659248e-02 1.00000000e+00
337 P st 2 cl 0 sigma 0.17627  G 3.36527824e-02 1.39749050e-01 7.47680664e-02 1.00000000e+00
337 P st 3 cl 0 sigma 0.17627  G -1.98841095e-02 1.56378746e-01 3.52382660e-02 1.00000000e+00
337 P st 4 cl 0 sigma 0.17627  G 4.57644463e-02 1.48880482e-01 4.35113907e-02 1.00000000e+00
337 P st 5 cl 0 sigma 0.17627  G 1.26755238e-01 4.86254692e-02 8.82267952e-02 1.00000000e+00
337 P st 6 cl 0 sigma 0.17627  G -4.04834747e-02 1.47664547e-01 5.22136688e-02 1.00000000e+00
337 P st 7 cl 0 sigma 0.17627  G 1.30069256e-01 7.56144524e-02 6.02364540e-02 1.00000000e+00
337 P st 8 cl 0 sigma 0.17627  G 3.36706638e-02 2.88903713e-02 1.55836344e-01 1.00000000e+00
337 P st 9 cl 0 sigma 0.17627  G -1.89304352e-02 1.54721737e-01 4.30345535e-02 1.00000000e+00
337 S st 4 cl 1 sigma 0.13790  G 7.91788101e-02 2.57563591e-01 7.52687454e-02 1.00000000e+00
337 S st 5 cl 1 sigma 0.13790  G 2.19273567e-01 8.41259956e-02 1.52635574e-01 1.00000000e+00
337 S st 7 cl 1 sigma 0.13790  G 2.25043297e-01 1.30820274e-01 1.04212761e-01 1.00000000e+00
# EVENT 338  nrows 12  ncols 4  params[x y z ot]  hypo 4.8740 2.1036 2.5032
338 P st 1 cl 0 sigma 0.17627  G 1.28650665e-01 -9.37819481e-02 2.76088715e-02 1.00000000e+00
338 P st 2 cl 0 sigma 0.17627  G 4.25457954e-02 1.49440765e-01 4.49061394e-02 1.00000000e+00
338 P st 3 cl 0 sigma 0.17627  G -1.71899796e-02 1.59215927e-01 1.95503235e-02 1.00000000e+00
338 P st 4 cl 0 sigma 0.17627  G 5.03778458e-02 1.51455402e-01 2.40445137e-02 1.00000000e+00
338 P st 5 cl 0 sigma 0.17627  G 1.43980980e-01 5.16057014e-02 5.35130501e-02 1.00000000e+00
338 P st 6 cl 0 sigma 0.17627  G -3.79085541e-02 1.54221058e-01 2.98142433e-02 1.00000000e+00
338 P st 7 cl 0 sigma 0.17627  G 1.38223171e-01 7.69138336e-02 3.37243080e-02 1.00000000e+00
338 P st 8 cl 0 sigma 0.17627  G 5.40673733e-02 3.26454639e-02 1.44445896e-01 1.00000000e+00
338 P st 9 cl 0 sigma 0.17627  G -1.57594681e-02 1.58894062e-01 2.40206718e-02 1.00000000e+00
338 S st 1 cl 1 sigma 0.13790  G 2.22587585e-01 -1.62220001e-01 4.77313995e-02 1.00000000e+00
338 S st 2 cl 1 sigma 0.13790  G 7.35878944e-02 2.58529186e-01 7.76886940e-02 1.00000000e+00
338 S st 6 cl 1 sigma 0.13790  G -6.55889511e-02 2.66814232e-01 5.15699387e-02 1.00000000e+00
# EVENT 339  nrows 13  ncols 4  params[x y z ot]  hypo 3.0481 0.4555 4.4304
339 P st 0 cl 0 sigma 0.17627  G -1.81555748e-02 1.50501728e-01 5.41329384e-02 1.00000000e+00
339 P st 1 cl 0 sigma 0.17627  G 1.09910965e-01 -1.08349323e-01 4.54187393e-02 1.00000000e+00
339 P st 2 cl 0 sigma 0.17627  G 1.78098679e-02 1.35874748e-01 8.18729401e-02 1.00000000e+00
339 P st 3 cl 0 sigma 0.17627  G -3.10659409e-02 1.54280663e-01 3.39269638e-02 1.00000000e+00
339 P st 4 cl 0 sigma 0.17627  G 3.83734703e-02 1.50012970e-01 4.40716743e-02 1.00000000e+00
339 P st 5 cl 0 sigma 0.17627  G 1.24454498e-01 2.66671181e-02 9.86337662e-02 1.00000000e+00
339 P st 6 cl 0 sigma 0.17627  G -5.78641891e-02 1.41155720e-01 5.11527061e-02 1.00000000e+00
339 P st 7 cl 0 sigma 0.17627  G 1.32071972e-01 6.55055046e-02 6.41226768e-02 1.00000000e+00
339 P st 8 cl 0 sigma 0.17627  G -4.22596931e-03 -2.11536884e-02 1.59966946e-01 1.00000000e+00
339 P st 9 cl 0 sigma 0.17627  G -3.24726105e-02 1.51920319e-01 4.21047211e-02 1.00000000e+00
339 S st 1 cl 1 sigma 0.13790  G 1.90138817e-01 -1.87444687e-01 7.85827637e-02 1.00000000e+00
339 S st 2 cl 1 sigma 0.13790  G 3.08275223e-02 2.35068798e-01 1.41632557e-01 1.00000000e+00
339 S st 6 cl 1 sigma 0.13790  G -1.00135803e-01 2.44235992e-01 8.84771347e-02 1.00000000e+00
# EVENT 340  nrows 13  ncols 4  params[x y z ot]  hypo 3.7393 0.6541 0.7494
340 P st 0 cl 0 sigma 0.17627  G -1.13129616e-02 1.60622597e-01 9.73939896e-03 1.00000000e+00
340 P st 1 cl 0 sigma 0.17627  G 1.18875504e-01 -1.08683109e-01 8.24928284e-03 1.00000000e+00
340 P st 2 cl 0 sigma 0.17627  G 3.22282314e-02 1.57392025e-01 1.48177147e-02 1.00000000e+00
340 P st 3 cl 0 sigma 0.17627  G -2.66075134e-02 1.58882141e-01 6.48498535e-03 1.00000000e+00
340 P st 4 cl 0 sigma 0.17627  G 4.53948975e-02 1.54519081e-01 8.04662704e-03 1.00000000e+00
340 P st 5 cl 0 sigma 0.17627  G 1.56390667e-01 3.45528126e-02 1.87098980e-02 1.00000000e+00
340 P st 6 cl 0 sigma 0.17627  G -5.37157059e-02 1.51789188e-01 9.36985016e-03 1.00000000e+00
340 P st 7 cl 0 sigma 0.17627  G 1.44910812e-01 7.00116158e-02 1.08838081e-02 1.00000000e+00
340 P st 8 cl 0 sigma 0.17627  G 4.30196524e-02 -3.19898129e-02 1.52570009e-01 1.00000000e+00
340 P st 9 cl 0 sigma 0.17627  G -2.72989273e-02 1.58715248e-01 7.85589218e-03 1.00000000e+00
340 S st 1 cl 1 sigma 0.13790  G 2.05612183e-01 -1.87969208e-01 1.42574310e-02 1.00000000e+00
340 S st 2 cl 1 sigma 0.13790  G 5.57541847e-02 2.72285938e-01 2.56538391e-02 1.00000000e+00
340 S st 7 cl 1 sigma 0.13790  G 2.50720978e-01 1.21116638e-01 1.88112259e-02 1.00000000e+00
# EVENT 341  nrows 11  ncols 4  params[x y z ot]  hypo 1.4694 -4.3175 -1.1659
341 P st 2 cl 0 sigma 0.17627  G -1.84357166e-02 1.77973509e-01 1.88887119e-02 1.00000000e+00
341 P st 4 cl 0 sigma 0.17627  G 3.96251678e-02 1.75392628e-01 9.63211060e-03 1.00000000e+00
341 P st 5 cl 0 sigma 0.17627  G 1.52689219e-01 -9.46581364e-02 1.40666962e-02 1.00000000e+00
341 P st 6 cl 0 sigma 0.17627  G -1.13284588e-01 1.39689445e-01 9.97781754e-03 1.00000000e+00
341 P st 7 cl 0 sigma 0.17627  G 1.79564953e-01 8.55326653e-03 1.16229057e-02 1.00000000e+00
341 P st 8 cl 0 sigma 0.17627  G -5.40494919e-02 -1.71214342e-01 1.49667263e-02 1.00000000e+00
341 P st 9 cl 0 sigma 0.17627  G -6.91294670e-02 1.64687634e-01 6.98566437e-03 1.00000000e+00
341 S st 2 cl 1 sigma 0.13790  G -3.18944454e-02 3.07893753e-01 3.26871872e-02 1.00000000e+00
341 S st 6 cl 1 sigma 0.13790  G -1.96003914e-01 2.41637230e-01 1.72615051e-02 1.00000000e+00
341 S st 7 cl 1 sigma 0.13790  G 3.10659409e-01 1.47938728e-02 2.00986862e-02 1.00000000e+00
341 S st 8 cl 1 sigma 0.13790  G -9.34958458e-02 -2.96211243e-01 2.58922577e-02 1.00000000e+00
# EVENT 342  nrows 11  ncols 4  params[x y z ot]  hypo 5.5337 0.4996 1.3935
342 P st 2 cl 0 sigma 0.17627  G 6.04033470e-02 1.47157907e-01 2.50160694e-02 1.00000000e+00
342 P st 3 cl 0 sigma 0.17627  G -1.36852264e-02 1.60264969e-01 1.04427338e-02 1.00000000e+00
342 P st 4 cl 0 sigma 0.17627  G 6.02006912e-02 1.49011612e-01 1.25408173e-02 1.00000000e+00
342 P st 5 cl 0 sigma 0.17627  G 1.56921148e-01 2.54809856e-02 2.52127647e-02 1.00000000e+00
342 P st 6 cl 0 sigma 0.17627  G -3.53932381e-02 1.56378746e-01 1.60694122e-02 1.00000000e+00
342 P st 7 cl 0 sigma 0.17627  G 1.48653984e-01 6.00934029e-02 1.60932541e-02 1.00000000e+00
342 P st 8 cl 0 sigma 0.17627  G 9.29325819e-02 -2.26765871e-02 1.20222569e-01 1.00000000e+00
342 P st 9 cl 0 sigma 0.17627  G -1.13010406e-02 1.60264969e-01 1.27911568e-02 1.00000000e+00
342 S st 2 cl 1 sigma 0.13790  G 1.04498863e-01 2.54583359e-01 4.32968140e-02 1.00000000e+00
342 S st 3 cl 1 sigma 0.13790  G -2.36511230e-02 2.77256966e-01 1.80482864e-02 1.00000000e+00
342 S st 8 cl 1 sigma 0.13790  G 1.60777569e-01 -3.92317772e-02 2.07978487e-01 1.00000000e+00
# EVENT 343  nrows 11  ncols 4  params[x y z ot]  hypo 2.7112 0.2924 2.8051
343 P st 1 cl 0 sigma 0.17627  G 1.10363960e-01 -1.13677979e-01 3.02791595e-02 1.00000000e+00
343 P st 2 cl 0 sigma 0.17627  G 1.41024590e-02 1.48850679e-01 6.05463982e-02 1.00000000e+00
343 P st 4 cl 0 sigma 0.17627  G 3.66806984e-02 1.54161453e-01 2.95639038e-02 1.00000000e+00
343 P st 5 cl 0 sigma 0.17627  G 1.38086081e-01 2.76684761e-02 7.81536102e-02 1.00000000e+00
343 P st 6 cl 0 sigma 0.17627  G -6.35027885e-02 1.44302845e-01 3.42249870e-02 1.00000000e+00
343 P st 7 cl 0 sigma 0.17627  G 1.38473511e-01 6.87360764e-02 4.57644463e-02 1.00000000e+00
343 P st 8 cl 0 sigma 0.17627  G -1.47461891e-02 -2.50875950e-02 1.56676769e-01 1.00000000e+00
343 P st 9 cl 0 sigma 0.17627  G -3.63945961e-02 1.54638290e-01 2.78592110e-02 1.00000000e+00
343 S st 2 cl 1 sigma 0.13790  G 2.43902206e-02 2.57515907e-01 1.04749203e-01 1.00000000e+00
343 S st 6 cl 1 sigma 0.13790  G -1.09887123e-01 2.49624252e-01 5.91993332e-02 1.00000000e+00
343 S st 8 cl 1 sigma 0.13790  G -2.55167484e-02 -4.33921814e-02 2.71046162e-01 1.00000000e+00
# EVENT 344  nrows 10  ncols 4  params[x y z ot]  hypo 3.6694 0.7620 4.3143
344 P st 1 cl 0 sigma 0.17627  G 1.14655495e-01 -1.04403496e-01 4.47392464e-02 1.00000000e+00
344 P st 2 cl 0 sigma 0.17627  G 2.68101692e-02 1.37662888e-01 7.88450241e-02 1.00000000e+00
344 P st 4 cl 0 sigma 0.17627  G 4.30107117e-02 1.49393082e-01 4.28795815e-02 1.00000000e+00
344 P st 5 cl 0 sigma 0.17627  G 1.28811598e-01 3.05771828e-02 9.17434692e-02 1.00000000e+00
344 P st 6 cl 0 sigma 0.17627  G -5.13434410e-02 1.44112110e-01 5.09142876e-02 1.00000000e+00
344 P st 7 cl 0 sigma 0.17627  G 1.33574009e-01 6.62326813e-02 6.06656075e-02 1.00000000e+00
344 P st 8 cl 0 sigma 0.17627  G 1.85787678e-02 -1.17301941e-02 1.60133839e-01 1.00000000e+00
344 S st 6 cl 1 sigma 0.13790  G -8.88109207e-02 2.49338150e-01 8.80956650e-02 1.00000000e+00
344 S st 7 cl 1 sigma 0.13790  G 2.31099129e-01 1.14583969e-01 1.04951859e-01 1.00000000e+00
344 S st 8 cl 1 sigma 0.13790  G 3.21388245e-02 -2.02894211e-02 2.77018547e-01 1.00000000e+00
# EVENT 345  nrows 14  ncols 4  params[x y z ot]  hypo 2.4600 -0.4870 1.9337
345 P st 0 cl 0 sigma 0.17627  G -2.73108482e-02 1.56712532e-01 2.48908997e-02 1.00000000e+00
345 P st 1 cl 0 sigma 0.17627  G 1.06370449e-01 -1.19554996e-01 1.86800957e-02 1.00000000e+00
345 P st 2 cl 0 sigma 0.17627  G 1.10328197e-02 1.52683258e-01 4.55677509e-02 1.00000000e+00
345 P st 3 cl 0 sigma 0.17627  G -3.73601913e-02 1.56068802e-01 1.47104263e-02 1.00000000e+00
345 P st 4 cl 0 sigma 0.17627  G 3.64065170e-02 1.55687332e-01 1.98006630e-02 1.00000000e+00
345 P st 5 cl 0 sigma 0.17627  G 1.47140026e-01 1.24871731e-02 5.91933727e-02 1.00000000e+00
345 P st 6 cl 0 sigma 0.17627  G -6.98447227e-02 1.43408775e-01 2.27570534e-02 1.00000000e+00
345 P st 7 cl 0 sigma 0.17627  G 1.44946575e-01 6.23583794e-02 3.13282013e-02 1.00000000e+00
345 P st 8 cl 0 sigma 0.17627  G -2.94715166e-02 -6.46978617e-02 1.40953064e-01 1.00000000e+00
345 P st 9 cl 0 sigma 0.17627  G -4.05192375e-02 1.54781342e-01 1.84535980e-02 1.00000000e+00
345 S st 2 cl 1 sigma 0.13790  G 1.90854073e-02 2.64143944e-01 7.88331032e-02 1.00000000e+00
345 S st 6 cl 1 sigma 0.13790  G -1.20830536e-01 2.48050690e-01 3.93629074e-02 1.00000000e+00
345 S st 7 cl 1 sigma 0.13790  G 2.50744820e-01 1.07872486e-01 5.42044640e-02 1.00000000e+00
345 S st 8 cl 1 sigma 0.13790  G -5.09917736e-02 -1.11925602e-01 2.43854523e-01 1.00000000e+00
# EVENT 346  nrows 11  ncols 4  params[x y z ot]  hypo 0.4850 -5.0919 4.1087
346 P st 1 cl 0 sigma 0.17627  G 7.37786293e-02 -1.38640404e-01 3.82900238e-02 1.00000000e+00
346 P st 2 cl 0 sigma 0.17627  G -3.49462032e-02 8.17656517e-02 1.37388706e-01 1.00000000e+00
346 P st 3 cl 0 sigma 0.17627  G -6.18577003e-02 1.42991543e-01 4.32968140e-02 1.00000000e+00
346 P st 4 cl 0 sigma 0.17627  G 2.23040581e-02 1.45828724e-01 6.76155090e-02 1.00000000e+00
346 P st 5 cl 0 sigma 0.17627  G 8.48829746e-02 -7.97450542e-02 1.10834837e-01 1.00000000e+00
346 P st 6 cl 0 sigma 0.17627  G -1.05285645e-01 1.04069710e-01 6.53862953e-02 1.00000000e+00
346 P st 7 cl 0 sigma 0.17627  G 1.33895874e-01 -5.93066216e-03 9.02891159e-02 1.00000000e+00
346 P st 8 cl 0 sigma 0.17627  G -5.02347946e-02 -1.15317106e-01 1.02901459e-01 1.00000000e+00
346 P st 9 cl 0 sigma 0.17627  G -7.11202621e-02 1.34074688e-01 5.61714172e-02 1.00000000e+00
346 S st 7 cl 1 sigma 0.13790  G 2.31635571e-01 -1.02639198e-02 1.56211853e-01 1.00000000e+00
346 S st 8 cl 1 sigma 0.13790  G -8.68916512e-02 -1.99496746e-01 1.78027153e-01 1.00000000e+00
# EVENT 347  nrows 10  ncols 4  params[x y z ot]  hypo 2.1895 -2.3241 0.0989
347 P st 2 cl 0 sigma 0.17627  G 8.49962234e-03 1.71822309e-01 2.12907791e-02 1.00000000e+00
347 P st 5 cl 0 sigma 0.17627  G 1.68210268e-01 -3.62932682e-02 1.71363354e-02 1.00000000e+00
347 P st 6 cl 0 sigma 0.17627  G -8.25405121e-02 1.38759613e-01 -8.33630562e-02 1.00000000e+00
347 P st 7 cl 0 sigma 0.17627  G 1.61492825e-01 4.05907631e-02 -7.05957413e-02 1.00000000e+00
347 P st 8 cl 0 sigma 0.17627  G -4.53054905e-02 -1.56795979e-01 8.52346420e-02 1.00000000e+00
347 P st 9 cl 0 sigma 0.17627  G -4.81843948e-02 1.53791904e-01 -8.41379166e-02 1.00000000e+00
347 S st 2 cl 1 sigma 0.13790  G 1.47104263e-02 2.97248363e-01 3.68356705e-02 1.00000000e+00
347 S st 6 cl 1 sigma 0.13790  G -1.42788887e-01 2.40087509e-01 -1.44219398e-01 1.00000000e+00
347 S st 7 cl 1 sigma 0.13790  G 2.79378891e-01 7.02261925e-02 -1.22141838e-01 1.00000000e+00
347 S st 8 cl 1 sigma 0.13790  G -7.83801079e-02 -2.71248817e-01 1.47455931e-01 1.00000000e+00
# EVENT 348  nrows 11  ncols 4  params[x y z ot]  hypo 4.2544 0.9370 4.5305
348 P st 2 cl 0 sigma 0.17627  G 3.46302986e-02 1.36423111e-01 8.28266144e-02 1.00000000e+00
348 P st 3 cl 0 sigma 0.17627  G -2.21490860e-02 1.55854225e-01 3.72171402e-02 1.00000000e+00
348 P st 4 cl 0 sigma 0.17627  G 4.70995903e-02 1.47604942e-01 4.65154648e-02 1.00000000e+00
348 P st 5 cl 0 sigma 0.17627  G 1.29890442e-01 3.14116478e-02 9.26017761e-02 1.00000000e+00
348 P st 6 cl 0 sigma 0.17627  G -4.50968742e-02 1.45387650e-01 5.61237335e-02 1.00000000e+00
348 P st 7 cl 0 sigma 0.17627  G 1.34062767e-01 6.51478767e-02 6.34193420e-02 1.00000000e+00
348 P st 8 cl 0 sigma 0.17627  G 3.30388546e-02 -4.24385071e-03 1.58649683e-01 1.00000000e+00
348 P st 9 cl 0 sigma 0.17627  G -2.16126442e-02 1.53934956e-01 4.59074974e-02 1.00000000e+00
348 S st 6 cl 1 sigma 0.13790  G -7.80344009e-02 2.51507759e-01 9.70840454e-02 1.00000000e+00
348 S st 7 cl 1 sigma 0.13790  G 2.31933594e-01 1.12724304e-01 1.09696388e-01 1.00000000e+00
348 S st 8 cl 1 sigma 0.13790  G 5.71608543e-02 -7.34329224e-03 2.74479389e-01 1.00000000e+00
# EVENT 349  nrows 13  ncols 4  params[x y z ot]  hypo 3.0673 0.0439 4.5318
349 P st 0 cl 0 sigma 0.17627  G -1.83463097e-02 1.49285793e-01 6.11782074e-02 1.00000000e+00
349 P st 2 cl 0 sigma 0.17627  G 1.88708305e-02 1.34074688e-01 9.13262367e-02 1.00000000e+00
349 P st 3 cl 0 sigma 0.17627  G -3.14474106e-02 1.53779984e-01 3.84092331e-02 1.00000000e+00
349 P st 4 cl 0 sigma 0.17627  G 3.92675400e-02 1.49011612e-01 4.98890877e-02 1.00000000e+00
349 P st 5 cl 0 sigma 0.17627  G 1.21521950e-01 1.85251236e-02 1.05822086e-01 1.00000000e+00
349 P st 6 cl 0 sigma 0.17627  G -5.88297844e-02 1.39677525e-01 5.77688217e-02 1.00000000e+00
349 P st 7 cl 0 sigma 0.17627  G 1.33645535e-01 6.09159470e-02 7.07864761e-02 1.00000000e+00
349 P st 8 cl 0 sigma 0.17627  G -3.36170197e-03 -3.31282616e-02 1.58900023e-01 1.00000000e+00
349 P st 9 cl 0 sigma 0.17627  G -3.29017639e-02 1.51145458e-01 4.77075577e-02 1.00000000e+00
349 S st 2 cl 1 sigma 0.13790  G 3.26395035e-02 2.31957436e-01 1.57988071e-01 1.00000000e+00
349 S st 6 cl 1 sigma 0.13790  G -1.01780891e-01 2.41661072e-01 9.99450684e-02 1.00000000e+00
349 S st 7 cl 1 sigma 0.13790  G 2.31242180e-01 1.05404854e-01 1.22451782e-01 1.00000000e+00
349 S st 8 cl 1 sigma 0.13790  G -5.81741333e-03 -5.73277473e-02 2.74896622e-01 1.00000000e+00
# EVENT 350  nrows 15  ncols 4  params[x y z ot]  hypo 1.8943 -2.6560 4.1385
350 P st 0 cl 0 sigma 0.17627  G -3.71694565e-02 1.42502785e-01 6.75678253e-02 1.00000000e+00
350 P st 1 cl 0 sigma 0.17627  G 9.11235809e-02 -1.26874447e-01 4.12225723e-02 1.00000000e+00
350 P st 2 cl 0 sigma 0.17627  G 8.34465027e-05 1.15895271e-01 1.13528967e-01 1.00000000e+00
350 P st 3 cl 0 sigma 0.17627  G -4.48465347e-02 1.50299072e-01 3.90291214e-02 1.00000000e+00
350 P st 4 cl 0 sigma 0.17627  G 3.40223312e-02 1.48248672e-01 5.48839569e-02 1.00000000e+00
350 P st 5 cl 0 sigma 0.17627  G 1.11699104e-01 -3.17931175e-02 1.10554695e-01 1.00000000e+00
350 P st 6 cl 0 sigma 0.17627  G -8.10265541e-02 1.26218796e-01 6.02722168e-02 1.00000000e+00
350 P st 7 cl 0 sigma 0.17627  G 1.39927864e-01 3.12805176e-02 7.71999359e-02 1.00000000e+00
350 P st 8 cl 0 sigma 0.17627  G -2.85685062e-02 -8.34465027e-02 1.33603811e-01 1.00000000e+00
350 P st 9 cl 0 sigma 0.17627  G -4.97698784e-02 1.45828724e-01 4.98652458e-02 1.00000000e+00
350 S st 2 cl 1 sigma 0.13790  G 1.43051147e-04 2.00498104e-01 1.96397305e-01 1.00000000e+00
350 S st 6 cl 1 sigma 0.13790  G -1.40190125e-01 2.18367577e-01 1.04284286e-01 1.00000000e+00
350 S st 7 cl 1 sigma 0.13790  G 2.42078304e-01 5.41210175e-02 1.33550167e-01 1.00000000e+00
350 S st 8 cl 1 sigma 0.13790  G -4.94122505e-02 -1.44374371e-01 2.31134892e-01 1.00000000e+00
350 S st 9 cl 1 sigma 0.13790  G -8.60691071e-02 2.52294540e-01 8.62836838e-02 1.00000000e+00
# EVENT 351  nrows 12  ncols 4  params[x y z ot]  hypo 1.5949 -2.7031 2.4843
351 P st 1 cl 0 sigma 0.17627  G 9.10162926e-02 -1.30903721e-01 2.23517418e-02 1.00000000e+00
351 P st 2 cl 0 sigma 0.17627  G -7.14063644e-03 1.37239695e-01 8.00609589e-02 1.00000000e+00
351 P st 3 cl 0 sigma 0.17627  G -4.80532646e-02 1.52289867e-01 2.08973885e-02 1.00000000e+00
351 P st 4 cl 0 sigma 0.17627  G 3.21745872e-02 1.54566765e-01 3.06606293e-02 1.00000000e+00
351 P st 5 cl 0 sigma 0.17627  G 1.31517649e-01 -4.06265259e-02 7.95066357e-02 1.00000000e+00
351 P st 6 cl 0 sigma 0.17627  G -8.79049301e-02 1.30534172e-01 3.34978104e-02 1.00000000e+00
351 P st 7 cl 0 sigma 0.17627  G 1.49178505e-01 3.36885452e-02 4.78744507e-02 1.00000000e+00
351 P st 8 cl 0 sigma 0.17627  G -4.56273556e-02 -1.09338760e-01 1.06906891e-01 1.00000000e+00
351 P st 9 cl 0 sigma 0.17627  G -5.41925430e-02 1.49130821e-01 2.71320343e-02 1.00000000e+00
351 S st 1 cl 1 sigma 0.13790  G 1.57451630e-01 -2.26449966e-01 3.86714935e-02 1.00000000e+00
351 S st 6 cl 1 sigma 0.13790  G -1.52087212e-01 2.25830078e-01 5.79118729e-02 1.00000000e+00
351 S st 7 cl 1 sigma 0.13790  G 2.58064270e-01 5.82814217e-02 8.28146935e-02 1.00000000e+00
# EVENT 352  nrows 15  ncols 4  params[x y z ot]  hypo 1.8254 -2.4660 3.6771
352 P st 0 cl 0 sigma 0.17627  G -3.80516052e-02 1.44898891e-01 6.01410866e-02 1.00000000e+00
352 P st 1 cl 0 sigma 0.17627  G 9.21010971e-02 -1.27434731e-01 3.70621681e-02 1.00000000e+00
352 P st 2 cl 0 sigma 0.17627  G -1.32322311e-03 1.21295452e-01 1.05077028e-01 1.00000000e+00
352 P st 3 cl 0 sigma 0.17627  G -4.52041626e-02 1.51133537e-01 3.42845917e-02 1.00000000e+00
352 P st 4 cl 0 sigma 0.17627  G 3.33666801e-02 1.50787830e-01 4.86135483e-02 1.00000000e+00
352 P st 5 cl 0 sigma 0.17627  G 1.17808580e-01 -2.99930573e-02 1.05512142e-01 1.00000000e+00
352 P st 6 cl 0 sigma 0.17627  G -8.21352005e-02 1.28948689e-01 5.34176826e-02 1.00000000e+00
352 P st 7 cl 0 sigma 0.17627  G 1.42264366e-01 3.49760056e-02 7.06434250e-02 1.00000000e+00
352 P st 8 cl 0 sigma 0.17627  G -3.32653522e-02 -8.74936581e-02 1.31314993e-01 1.00000000e+00
352 P st 9 cl 0 sigma 0.17627  G -5.02586365e-02 1.47175789e-01 4.39405441e-02 1.00000000e+00
352 S st 0 cl 1 sigma 0.13790  G -6.58035278e-02 2.50697136e-01 1.04069710e-01 1.00000000e+00
352 S st 2 cl 1 sigma 0.13790  G -2.30073929e-03 2.09844112e-01 1.81794167e-01 1.00000000e+00
352 S st 6 cl 1 sigma 0.13790  G -1.42073631e-01 2.23088264e-01 9.24110413e-02 1.00000000e+00
352 S st 7 cl 1 sigma 0.13790  G 2.46131420e-01 6.04987144e-02 1.22213364e-01 1.00000000e+00
352 S st 8 cl 1 sigma 0.13790  G -5.75423241e-02 -1.51371956e-01 2.27177143e-01 1.00000000e+00
# EVENT 353  nrows 12  ncols 4  params[x y z ot]  hypo 1.3546 -2.8325 3.1515
353 P st 1 cl 0 sigma 0.17627  G 8.83817673e-02 -1.31309032e-01 3.22341919e-02 1.00000000e+00
353 P st 2 cl 0 sigma 0.17627  G -1.23322010e-02 1.27667189e-01 1.01739168e-01 1.00000000e+00
353 P st 3 cl 0 sigma 0.17627  G -4.98414040e-02 1.50656700e-01 3.02076340e-02 1.00000000e+00
353 P st 4 cl 0 sigma 0.17627  G 2.93850899e-02 1.52957439e-01 4.42624092e-02 1.00000000e+00
353 P st 5 cl 0 sigma 0.17627  G 1.20902061e-01 -4.22477722e-02 1.02275610e-01 1.00000000e+00
353 P st 6 cl 0 sigma 0.17627  G -8.93354416e-02 1.26659870e-01 4.72784042e-02 1.00000000e+00
353 P st 7 cl 0 sigma 0.17627  G 1.43587589e-01 3.11970711e-02 6.70313835e-02 1.00000000e+00
353 P st 8 cl 0 sigma 0.17627  G -4.57823277e-02 -9.84549522e-02 1.19429827e-01 1.00000000e+00
353 P st 9 cl 0 sigma 0.17627  G -5.62548637e-02 1.46591663e-01 3.89814377e-02 1.00000000e+00
353 S st 2 cl 1 sigma 0.13790  G -2.13027000e-02 2.20870972e-01 1.76000595e-01 1.00000000e+00
353 S st 7 cl 1 sigma 0.13790  G 2.48384476e-01 5.39898872e-02 1.15954876e-01 1.00000000e+00
353 S st 8 cl 1 sigma 0.13790  G -7.92026520e-02 -1.70314312e-01 2.06613541e-01 1.00000000e+00
# EVENT 354  nrows 14  ncols 4  params[x y z ot]  hypo 1.1145 -3.0404 1.7496
354 P st 0 cl 0 sigma 0.17627  G -5.16295433e-02 1.49953365e-01 3.08513641e-02 1.00000000e+00
354 P st 1 cl 0 sigma 0.17627  G 8.71658325e-02 -1.34611130e-01 1.73330307e-02 1.00000000e+00
354 P st 2 cl 0 sigma 0.17627  G -2.06768513e-02 1.42341852e-01 7.10844994e-02 1.00000000e+00
354 P st 3 cl 0 sigma 0.17627  G -5.27620316e-02 1.51550770e-01 1.64151192e-02 1.00000000e+00
354 P st 4 cl 0 sigma 0.17627  G 2.77996063e-02 1.57058239e-01 2.46167183e-02 1.00000000e+00
354 P st 5 cl 0 sigma 0.17627  G 1.33424997e-01 -5.42819500e-02 7.12037086e-02 1.00000000e+00
354 P st 6 cl 0 sigma 0.17627  G -9.51051712e-02 1.27923489e-01 2.59160995e-02 1.00000000e+00
354 P st 7 cl 0 sigma 0.17627  G 1.53321028e-01 3.05116177e-02 4.06324863e-02 1.00000000e+00
354 P st 8 cl 0 sigma 0.17627  G -6.20007515e-02 -1.24031305e-01 8.40365887e-02 1.00000000e+00
354 P st 9 cl 0 sigma 0.17627  G -6.02602959e-02 1.48153305e-01 2.11834908e-02 1.00000000e+00
354 S st 2 cl 1 sigma 0.13790  G -3.57627869e-02 2.46250629e-01 1.22976303e-01 1.00000000e+00
354 S st 6 cl 1 sigma 0.13790  G -1.64580345e-01 2.21300125e-01 4.48226929e-02 1.00000000e+00
354 S st 7 cl 1 sigma 0.13790  G 2.65264511e-01 5.27977943e-02 7.02857971e-02 1.00000000e+00
354 S st 8 cl 1 sigma 0.13790  G -1.07228756e-01 -2.14588642e-01 1.45387650e-01 1.00000000e+00
# EVENT 355  nrows 13  ncols 4  params[x y z ot]  hypo -6.3697 3.3643 0.4492
355 P st 0 cl 0 sigma 0.17627  G -8.84056091e-02 1.34754181e-01 -8.41856003e-02 1.00000000e+00
355 P st 1 cl 0 sigma 0.17627  G 4.02212143e-02 -1.57082081e-01 -5.70356846e-02 1.00000000e+00
355 P st 2 cl 0 sigma 0.17627  G -9.27329063e-02 1.31809711e-01 -8.40902328e-02 1.00000000e+00
355 P st 3 cl 0 sigma 0.17627  G -7.91549683e-02 1.40380859e-01 -8.41856003e-02 1.00000000e+00
355 P st 4 cl 0 sigma 0.17627  G -4.10556793e-02 1.55830383e-01 -8.41736794e-02 1.00000000e+00
355 P st 5 cl 0 sigma 0.17627  G -8.03470612e-02 1.39707327e-01 4.69744205e-02 1.00000000e+00
355 P st 6 cl 0 sigma 0.17627  G -1.08361244e-01 1.19280815e-01 -8.41856003e-02 1.00000000e+00
355 P st 7 cl 0 sigma 0.17627  G 2.10404396e-02 1.61027908e-01 -3.69966030e-02 1.00000000e+00
355 P st 8 cl 0 sigma 0.17627  G -1.57392025e-01 3.77535820e-02 -6.88314438e-02 1.00000000e+00
355 P st 9 cl 0 sigma 0.17627  G -8.75473022e-02 1.35278702e-01 -8.42094421e-02 1.00000000e+00
355 S st 1 cl 1 sigma 0.13790  G 6.95943832e-02 -2.71773338e-01 -9.86814499e-02 1.00000000e+00
355 S st 7 cl 1 sigma 0.13790  G 3.64065170e-02 2.78580189e-01 -6.40034676e-02 1.00000000e+00
355 S st 8 cl 1 sigma 0.13790  G -2.72285938e-01 6.52909279e-02 -1.19102001e-01 1.00000000e+00
# EVENT 356  nrows 10  ncols 4  params[x y z ot]  hypo -5.5083 3.9124 2.1282
356 P st 1 cl 0 sigma 0.17627  G 5.51044941e-02 -1.44392252e-01 5.08308411e-02 1.00000000e+00
356 P st 2 cl 0 sigma 0.17627  G -8.20398331e-02 1.36280060e-01 2.87771225e-02 1.00000000e+00
356 P st 3 cl 0 sigma 0.17627  G -7.37905502e-02 1.42717361e-01 1.40666962e-02 1.00000000e+00
356 P st 4 cl 0 sigma 0.17627  G -3.34739685e-02 1.56724453e-01 1.95622444e-02 1.00000000e+00
356 P st 5 cl 0 sigma 0.17627  G -4.42206860e-02 1.31320953e-01 8.63969326e-02 1.00000000e+00
356 P st 7 cl 0 sigma 0.17627  G 3.33786011e-02 1.50412321e-01 5.02288342e-02 1.00000000e+00
356 P st 8 cl 0 sigma 0.17627  G -1.47324800e-01 4.81426716e-02 4.87148762e-02 1.00000000e+00
356 P st 9 cl 0 sigma 0.17627  G -8.14437866e-02 1.38330460e-01 1.63078308e-02 1.00000000e+00
356 S st 2 cl 1 sigma 0.13790  G -1.41930580e-01 2.35772133e-01 4.97817993e-02 1.00000000e+00
356 S st 8 cl 1 sigma 0.13790  G -2.54881382e-01 8.32915306e-02 8.42809677e-02 1.00000000e+00
# EVENT 357  nrows 10  ncols 4  params[x y z ot]  hypo -5.7015 5.1325 1.5362
357 P st 1 cl 0 sigma 0.17627  G 6.04212284e-02 -1.43206120e-01 4.82797623e-02 1.00000000e+00
357 P st 4 cl 0 sigma 0.17627  G -3.30924988e-02 1.57332420e-01 1.43766403e-02 1.00000000e+00
357 P st 5 cl 0 sigma 0.17627  G -4.38690186e-02 1.45590305e-01 5.81145287e-02 1.00000000e+00
357 P st 6 cl 0 sigma 0.17627  G -9.92298126e-02 1.26576424e-01 1.33514404e-02 1.00000000e+00
357 P st 7 cl 0 sigma 0.17627  G 2.74062157e-02 1.56533718e-01 3.41534615e-02 1.00000000e+00
357 P st 8 cl 0 sigma 0.17627  G -1.44183636e-01 6.59108162e-02 3.54647636e-02 1.00000000e+00
357 P st 9 cl 0 sigma 0.17627  G -7.91072845e-02 1.40047073e-01 1.22070312e-02 1.00000000e+00
357 S st 1 cl 1 sigma 0.13790  G 1.04522705e-01 -2.47764587e-01 8.35180283e-02 1.00000000e+00
357 S st 6 cl 1 sigma 0.13790  G -1.71637535e-01 2.18987465e-01 2.30550766e-02 1.00000000e+00
357 S st 7 cl 1 sigma 0.13790  G 4.73856926e-02 2.70819664e-01 5.90920448e-02 1.00000000e+00
# EVENT 358  nrows 10  ncols 4  params[x y z ot]  hypo -5.3885 4.8162 -0.1482
358 P st 1 cl 0 sigma 0.17627  G 7.16984272e-02 -1.60294771e-01 3.27229500e-02 1.00000000e+00
358 P st 2 cl 0 sigma 0.17627  G -7.79509544e-02 1.41322613e-01 -7.87734985e-02 1.00000000e+00
358 P st 5 cl 0 sigma 0.17627  G -4.48703766e-02 1.69926882e-01 4.48942184e-02 1.00000000e+00
358 P st 6 cl 0 sigma 0.17627  G -9.91344452e-02 1.27053261e-01 -8.01801682e-02 1.00000000e+00
358 P st 7 cl 0 sigma 0.17627  G 3.57031822e-02 1.67286396e-01 6.67572021e-03 1.00000000e+00
358 P st 8 cl 0 sigma 0.17627  G -1.58250332e-01 6.91413879e-02 1.58190727e-02 1.00000000e+00
358 S st 1 cl 1 sigma 0.13790  G 1.24025345e-01 -2.77304649e-01 5.66244125e-02 1.00000000e+00
358 S st 2 cl 1 sigma 0.13790  G -1.34873390e-01 2.44474411e-01 -1.36280060e-01 1.00000000e+00
358 S st 6 cl 1 sigma 0.13790  G -1.71518326e-01 2.19821930e-01 -1.38711929e-01 1.00000000e+00
358 S st 8 cl 1 sigma 0.13790  G -2.73764133e-01 1.19626522e-01 2.73466110e-02 1.00000000e+00
# EVENT 359  nrows 13  ncols 4  params[x y z ot]  hypo -6.1934 3.5867 1.6887
359 P st 1 cl 0 sigma 0.17627  G 4.29213047e-02 -1.51038170e-01 3.97384167e-02 1.00000000e+00
359 P st 2 cl 0 sigma 0.17627  G -8.95500183e-02 1.32513046e-01 2.20775604e-02 1.00000000e+00
359 P st 3 cl 0 sigma 0.17627  G -7.76529312e-02 1.40857697e-01 1.10626221e-02 1.00000000e+00
359 P st 4 cl 0 sigma 0.17627  G -3.91840935e-02 1.55735016e-01 1.53779984e-02 1.00000000e+00
359 P st 5 cl 0 sigma 0.17627  G -6.57439232e-02 1.29139423e-01 7.38561153e-02 1.00000000e+00
359 P st 6 cl 0 sigma 0.17627  G -1.06573105e-01 1.20282173e-01 1.38759613e-02 1.00000000e+00
359 P st 7 cl 0 sigma 0.17627  G 2.28881836e-02 1.54167414e-01 4.23550606e-02 1.00000000e+00
359 P st 8 cl 0 sigma 0.17627  G -1.52456760e-01 4.08768654e-02 3.57151031e-02 1.00000000e+00
359 P st 9 cl 0 sigma 0.17627  G -8.58306885e-02 1.35946274e-01 1.27315521e-02 1.00000000e+00
359 S st 1 cl 1 sigma 0.13790  G 7.42673874e-02 -2.61306763e-01 6.87360764e-02 1.00000000e+00
359 S st 2 cl 1 sigma 0.13790  G -1.54876709e-01 2.29263306e-01 3.81946564e-02 1.00000000e+00
359 S st 7 cl 1 sigma 0.13790  G 3.95894051e-02 2.66718864e-01 7.32541084e-02 1.00000000e+00
359 S st 8 cl 1 sigma 0.13790  G -2.63786316e-01 7.07030296e-02 6.17980957e-02 1.00000000e+00
# EVENT 360  nrows 11  ncols 4  params[x y z ot]  hypo -6.6599 3.3753 1.1070
360 P st 1 cl 0 sigma 0.17627  G 3.46422195e-02 -1.55788660e-01 2.74419785e-02 1.00000000e+00
360 P st 2 cl 0 sigma 0.17627  G -9.45568085e-02 1.29997730e-01 1.54137611e-02 1.00000000e+00
360 P st 4 cl 0 sigma 0.17627  G -4.31299210e-02 1.55067444e-01 1.11460686e-02 1.00000000e+00
360 P st 5 cl 0 sigma 0.17627  G -8.23318958e-02 1.28716230e-01 5.61237335e-02 1.00000000e+00
360 P st 6 cl 0 sigma 0.17627  G -1.09362602e-01 1.18160248e-01 9.98973846e-03 1.00000000e+00
360 P st 7 cl 0 sigma 0.17627  G 1.50024891e-02 1.58339739e-01 3.11613083e-02 1.00000000e+00
360 P st 8 cl 0 sigma 0.17627  G -1.55949593e-01 3.64661217e-02 2.35915184e-02 1.00000000e+00
360 P st 9 cl 0 sigma 0.17627  G -8.87870789e-02 1.34325027e-01 9.29832458e-03 1.00000000e+00
360 S st 1 cl 1 sigma 0.13790  G 5.99384308e-02 -2.69532204e-01 4.74452972e-02 1.00000000e+00
360 S st 7 cl 1 sigma 0.13790  G 2.59518623e-02 2.73919106e-01 5.39183617e-02 1.00000000e+00
360 S st 8 cl 1 sigma 0.13790  G -2.69794464e-01 6.30974770e-02 4.08053398e-02 1.00000000e+00
# EVENT 361  nrows 10  ncols 4  params[x y z ot]  hypo -4.8115 5.0889 -0.0144
361 P st 1 cl 0 sigma 0.17627  G 8.40842724e-02 -1.52873993e-01 3.26216221e-02 1.00000000e+00
361 P st 2 cl 0 sigma 0.17627  G -7.18235970e-02 1.44302845e-01 -7.87377357e-02 1.00000000e+00
361 P st 5 cl 0 sigma 0.17627  G -2.72750854e-02 1.72811747e-01 4.40061092e-02 1.00000000e+00
361 P st 7 cl 0 sigma 0.17627  G 4.27722931e-02 1.60610676e-01 -2.53915787e-03 1.00000000e+00
361 P st 8 cl 0 sigma 0.17627  G -1.54000521e-01 7.74085522e-02 2.25305557e-02 1.00000000e+00
361 P st 9 cl 0 sigma 0.17627  G -7.49588013e-02 1.42621994e-01 -8.01563263e-02 1.00000000e+00
361 S st 1 cl 1 sigma 0.13790  G 1.45459175e-01 -2.64477730e-01 5.64336777e-02 1.00000000e+00
361 S st 2 cl 1 sigma 0.13790  G -1.24263763e-01 2.49648094e-01 -1.36208534e-01 1.00000000e+00
361 S st 7 cl 1 sigma 0.13790  G 7.39932060e-02 2.77864933e-01 -4.38690186e-03 1.00000000e+00
361 S st 8 cl 1 sigma 0.13790  G -2.66420841e-01 1.33919716e-01 3.89814377e-02 1.00000000e+00
# EVENT 362  nrows 10  ncols 4  params[x y z ot]  hypo -4.4839 4.7748 -1.2160
362 P st 1 cl 0 sigma 0.17627  G 8.92460346e-02 -1.56080723e-01 1.19686127e-02 1.00000000e+00
362 P st 2 cl 0 sigma 0.17627  G -7.68184662e-02 1.58524513e-01 -2.50339508e-04 1.00000000e+00
362 P st 5 cl 0 sigma 0.17627  G -1.96218491e-02 1.78569555e-01 1.45912170e-02 1.00000000e+00
362 P st 6 cl 0 sigma 0.17627  G -9.51766968e-02 1.30057335e-01 -9.10043716e-02 1.00000000e+00
362 P st 7 cl 0 sigma 0.17627  G 5.31673431e-02 1.71804428e-01 1.08599663e-02 1.00000000e+00
362 P st 8 cl 0 sigma 0.17627  G -1.61904097e-01 7.82191753e-02 1.19686127e-02 1.00000000e+00
362 S st 1 cl 1 sigma 0.13790  G 1.54399872e-01 -2.70032883e-01 2.07185745e-02 1.00000000e+00
362 S st 2 cl 1 sigma 0.13790  G -1.32894516e-01 2.74252892e-01 -4.05311584e-04 1.00000000e+00
362 S st 7 cl 1 sigma 0.13790  G 9.19699669e-02 2.97224522e-01 1.87754631e-02 1.00000000e+00
362 S st 8 cl 1 sigma 0.13790  G -2.80094147e-01 1.35302544e-01 2.06947327e-02 1.00000000e+00
# EVENT 363  nrows 12  ncols 4  params[x y z ot]  hypo -6.3184 4.0366 5.1772
363 P st 1 cl 0 sigma 0.17627  G 3.52740288e-02 -1.23989582e-01 9.90152359e-02 1.00000000e+00
363 P st 2 cl 0 sigma 0.17627  G -8.26120377e-02 1.24931335e-01 6.11066818e-02 1.00000000e+00
363 P st 4 cl 0 sigma 0.17627  G -3.80277634e-02 1.50680542e-01 4.44173813e-02 1.00000000e+00
363 P st 5 cl 0 sigma 0.17627  G -4.62472439e-02 9.46581364e-02 1.23751163e-01 1.00000000e+00
363 P st 6 cl 0 sigma 0.17627  G -1.02710724e-01 1.18088722e-01 4.03165817e-02 1.00000000e+00
363 P st 7 cl 0 sigma 0.17627  G 1.64270401e-02 1.29890442e-01 9.47475433e-02 1.00000000e+00
363 P st 8 cl 0 sigma 0.17627  G -1.29878521e-01 4.05192375e-02 8.68320465e-02 1.00000000e+00
363 P st 9 cl 0 sigma 0.17627  G -8.32080841e-02 1.33419037e-01 3.70979309e-02 1.00000000e+00
363 S st 1 cl 1 sigma 0.13790  G 6.10113144e-02 -2.14481354e-01 1.71303749e-01 1.00000000e+00
363 S st 2 cl 1 sigma 0.13790  G -1.42908096e-01 2.16126442e-01 1.05714798e-01 1.00000000e+00
363 S st 7 cl 1 sigma 0.13790  G 2.84433365e-02 2.24709511e-01 1.63912773e-01 1.00000000e+00
363 S st 8 cl 1 sigma 0.13790  G -2.24709511e-01 7.01189041e-02 1.50215626e-01 1.00000000e+00
# EVENT 364  nrows 10  ncols 4  params[x y z ot]  hypo -6.8403 3.8485 4.2564
364 P st 1 cl 0 sigma 0.17627  G 2.84910202e-02 -1.33836269e-01 8.59618187e-02 1.00000000e+00
364 P st 2 cl 0 sigma 0.17627  G -8.93115997e-02 1.25098228e-01 4.99963760e-02 1.00000000e+00
364 P st 4 cl 0 sigma 0.17627  G -4.24623489e-02 1.51371956e-01 3.60488892e-02 1.00000000e+00
364 P st 5 cl 0 sigma 0.17627  G -6.01291656e-02 9.78350639e-02 1.13344193e-01 1.00000000e+00
364 P st 7 cl 0 sigma 0.17627  G 9.45329666e-03 1.38020515e-01 8.43882561e-02 1.00000000e+00
364 P st 8 cl 0 sigma 0.17627  G -1.38986111e-01 3.84926796e-02 7.17639923e-02 1.00000000e+00
364 S st 1 cl 1 sigma 0.13790  G 4.93049622e-02 -2.31552124e-01 1.48725510e-01 1.00000000e+00
364 S st 2 cl 1 sigma 0.13790  G -1.54542923e-01 2.16436386e-01 8.64744186e-02 1.00000000e+00
364 S st 7 cl 1 sigma 0.13790  G 1.63555145e-02 2.38776207e-01 1.45983696e-01 1.00000000e+00
364 S st 8 cl 1 sigma 0.13790  G -2.40480900e-01 6.65903091e-02 1.24144554e-01 1.00000000e+00
# EVENT 365  nrows 10  ncols 4  params[x y z ot]  hypo -6.6962 3.4865 4.0411
365 P st 1 cl 0 sigma 0.17627  G 3.04222107e-02 -1.37674809e-01 8.28027725e-02 1.00000000e+00
365 P st 2 cl 0 sigma 0.17627  G -9.02652740e-02 1.24704838e-01 5.13076782e-02 1.00000000e+00
365 P st 4 cl 0 sigma 0.17627  G -4.22596931e-02 1.51634216e-01 3.67522240e-02 1.00000000e+00
365 P st 5 cl 0 sigma 0.17627  G -5.95748425e-02 9.42647457e-02 1.17605925e-01 1.00000000e+00
365 P st 6 cl 0 sigma 0.17627  G -1.07288361e-01 1.16419792e-01 3.27348709e-02 1.00000000e+00
365 P st 7 cl 0 sigma 0.17627  G 1.22070312e-02 1.37037039e-01 8.73267651e-02 1.00000000e+00
365 P st 8 cl 0 sigma 0.17627  G -1.41453743e-01 3.45349312e-02 7.32421875e-02 1.00000000e+00
365 S st 1 cl 1 sigma 0.13790  G 5.26189804e-02 -2.38156319e-01 1.43241882e-01 1.00000000e+00
365 S st 2 cl 1 sigma 0.13790  G -1.56116486e-01 2.15744972e-01 8.87393951e-02 1.00000000e+00
365 S st 8 cl 1 sigma 0.13790  G -2.44712830e-01 5.97834587e-02 1.26719475e-01 1.00000000e+00
# EVENT 366  nrows 10  ncols 4  params[x y z ot]  hypo -4.7448 5.2124 3.2331
366 P st 1 cl 0 sigma 0.17627  G 7.08699226e-02 -1.24281645e-01 7.57694244e-02 1.00000000e+00
366 P st 2 cl 0 sigma 0.17627  G -6.87956810e-02 1.40929222e-01 3.88503075e-02 1.00000000e+00
366 P st 4 cl 0 sigma 0.17627  G -2.59160995e-02 1.57022476e-01 2.65836716e-02 1.00000000e+00
366 P st 5 cl 0 sigma 0.17627  G -1.88529491e-02 1.30909681e-01 9.17315483e-02 1.00000000e+00
366 P st 6 cl 0 sigma 0.17627  G -9.38653946e-02 1.28817558e-01 2.51054764e-02 1.00000000e+00
366 P st 7 cl 0 sigma 0.17627  G 3.92079353e-02 1.45411491e-01 5.84721565e-02 1.00000000e+00
366 P st 8 cl 0 sigma 0.17627  G -1.29616261e-01 6.77347183e-02 6.76155090e-02 1.00000000e+00
366 S st 1 cl 1 sigma 0.13790  G 1.22594833e-01 -2.15029716e-01 1.31082535e-01 1.00000000e+00
366 S st 7 cl 1 sigma 0.13790  G 6.78420067e-02 2.51543522e-01 1.01149082e-01 1.00000000e+00
366 S st 8 cl 1 sigma 0.13790  G -2.24208832e-01 1.17158890e-01 1.16980076e-01 1.00000000e+00
# EVENT 367  nrows 11  ncols 4  params[x y z ot]  hypo -5.1953 5.6316 5.0945
367 P st 1 cl 0 sigma 0.17627  G 5.74946404e-02 -1.07157230e-01 1.08778477e-01 1.00000000e+00
367 P st 2 cl 0 sigma 0.17627  G -6.83546066e-02 1.35171413e-01 5.81145287e-02 1.00000000e+00
367 P st 4 cl 0 sigma 0.17627  G -2.80141830e-02 1.53803825e-01 4.17470932e-02 1.00000000e+00
367 P st 5 cl 0 sigma 0.17627  G -2.30789185e-02 1.13874674e-01 1.12849474e-01 1.00000000e+00
367 P st 6 cl 0 sigma 0.17627  G -9.29832458e-02 1.26290321e-01 3.93390656e-02 1.00000000e+00
367 P st 7 cl 0 sigma 0.17627  G 2.96354294e-02 1.37543678e-01 8.23259354e-02 1.00000000e+00
367 P st 8 cl 0 sigma 0.17627  G -1.20007992e-01 6.53386116e-02 8.97169113e-02 1.00000000e+00
367 S st 1 cl 1 sigma 0.13790  G 9.94682312e-02 -1.85418129e-01 1.88183784e-01 1.00000000e+00
367 S st 5 cl 1 sigma 0.13790  G -3.99351120e-02 1.97005272e-01 1.95229053e-01 1.00000000e+00
367 S st 6 cl 1 sigma 0.13790  G -1.60884857e-01 2.18534470e-01 6.80923462e-02 1.00000000e+00
367 S st 7 cl 1 sigma 0.13790  G 5.12361526e-02 2.37941742e-01 1.42431259e-01 1.00000000e+00
# EVENT 368  nrows 11  ncols 4  params[x y z ot]  hypo -6.9104 3.5359 2.8324
368 P st 1 cl 0 sigma 0.17627  G 2.89201736e-02 -1.47116184e-01 6.04629517e-02 1.00000000e+00
368 P st 2 cl 0 sigma 0.17627  G -9.36269760e-02 1.26755238e-01 3.38673592e-02 1.00000000e+00
368 P st 4 cl 0 sigma 0.17627  G -4.42266464e-02 1.53207779e-01 2.39253044e-02 1.00000000e+00
368 P st 5 cl 0 sigma 0.17627  G -7.13050365e-02 1.06108189e-01 9.30905342e-02 1.00000000e+00
368 P st 6 cl 0 sigma 0.17627  G -1.08933449e-01 1.16896629e-01 2.11954117e-02 1.00000000e+00
368 P st 7 cl 0 sigma 0.17627  G 9.23275948e-03 1.47294998e-01 6.38008118e-02 1.00000000e+00
368 P st 8 cl 0 sigma 0.17627  G -1.48463249e-01 3.62277031e-02 5.04851341e-02 1.00000000e+00
368 S st 1 cl 1 sigma 0.13790  G 5.00202179e-02 -2.54535675e-01 1.04570389e-01 1.00000000e+00
368 S st 5 cl 1 sigma 0.13790  G -1.23357773e-01 1.83558464e-01 1.61051750e-01 1.00000000e+00
368 S st 7 cl 1 sigma 0.13790  G 1.59621239e-02 2.54845619e-01 1.10375881e-01 1.00000000e+00
368 S st 8 cl 1 sigma 0.13790  G -2.56860256e-01 6.26683235e-02 8.73327255e-02 1.00000000e+00
# EVENT 369  nrows 11  ncols 4  params[x y z ot]  hypo -6.1124 -0.6865 3.2392
369 P st 0 cl 0 sigma 0.17627  G -1.01470947e-01 1.20449066e-01 3.51428986e-02 1.00000000e+00
369 P st 1 cl 0 sigma 0.17627  G 2.95162201e-02 -1.52039528e-01 4.56690788e-02 1.00000000e+00
369 P st 2 cl 0 sigma 0.17627  G -1.09994411e-01 1.05690956e-01 5.40733337e-02 1.00000000e+00
369 P st 4 cl 0 sigma 0.17627  G -4.73618507e-02 1.49953365e-01 3.64184380e-02 1.00000000e+00
369 P st 5 cl 0 sigma 0.17627  G -6.79135323e-02 1.00553036e-02 1.44958496e-01 1.00000000e+00
369 P st 6 cl 0 sigma 0.17627  G -1.21140480e-01 1.02317333e-01 2.98738480e-02 1.00000000e+00
369 P st 7 cl 0 sigma 0.17627  G 3.32474709e-02 1.02376938e-01 1.19858980e-01 1.00000000e+00
369 P st 8 cl 0 sigma 0.17627  G -1.45280361e-01 -2.75850296e-02 6.39677048e-02 1.00000000e+00
369 P st 9 cl 0 sigma 0.17627  G -9.87291336e-02 1.24549866e-01 2.76565552e-02 1.00000000e+00
369 S st 1 cl 1 sigma 0.13790  G 5.10454178e-02 -2.63023376e-01 7.89880753e-02 1.00000000e+00
369 S st 8 cl 1 sigma 0.13790  G -2.51328945e-01 -4.76956367e-02 1.10685825e-01 1.00000000e+00
# EVENT 370  nrows 11  ncols 4  params[x y z ot]  hypo -2.9405 5.6503 -1.6068
370 P st 0 cl 0 sigma 0.17627  G -6.00337982e-02 1.50179863e-01 -3.65734100e-01 1.00000000e+00
370 P st 1 cl 0 sigma 0.17627  G 1.20383501e-01 -1.33860111e-01 -3.56632471e-01 1.00000000e+00
370 P st 2 cl 0 sigma 0.17627  G -5.86271286e-02 1.70218945e-01 -3.56626511e-01 1.00000000e+00
370 P st 4 cl 0 sigma 0.17627  G -1.26838684e-02 1.60837173e-01 -3.65996361e-01 1.00000000e+00
370 P st 5 cl 0 sigma 0.17627  G 2.42412090e-02 1.78396702e-01 -3.56632471e-01 1.00000000e+00
370 P st 6 cl 0 sigma 0.17627  G -8.45193863e-02 1.37281418e-01 -3.66020203e-01 1.00000000e+00
370 P st 7 cl 0 sigma 0.17627  G 7.13944435e-02 1.65271759e-01 -3.56626511e-01 1.00000000e+00
370 P st 8 cl 0 sigma 0.17627  G -1.44141912e-01 1.07866526e-01 -3.56638432e-01 1.00000000e+00
370 P st 9 cl 0 sigma 0.17627  G -6.36100769e-02 1.48057938e-01 -3.66067886e-01 1.00000000e+00
370 S st 1 cl 1 sigma 0.13790  G 2.08282471e-01 -2.31575966e-01 -6.16979599e-01 1.00000000e+00
370 S st 7 cl 1 sigma 0.13790  G 1.23524666e-01 2.85935402e-01 -6.16955757e-01 1.00000000e+00
# EVENT 371  nrows 10  ncols 4  params[x y z ot]  hypo -5.5815 3.7426 3.6568
371 P st 1 cl 0 sigma 0.17627  G 4.93049622e-02 -1.35219097e-01 7.53998756e-02 1.00000000e+00
371 P st 2 cl 0 sigma 0.17627  G -8.11934471e-02 1.31690502e-01 4.72784042e-02 1.00000000e+00
371 P st 4 cl 0 sigma 0.17627  G -3.38196754e-02 1.54435635e-01 3.26395035e-02 1.00000000e+00
371 P st 5 cl 0 sigma 0.17627  G -3.97384167e-02 1.09159946e-01 1.15007162e-01 1.00000000e+00
371 P st 7 cl 0 sigma 0.17627  G 3.04520130e-02 1.39802694e-01 7.69495964e-02 1.00000000e+00
371 P st 8 cl 0 sigma 0.17627  G -1.38616562e-01 4.22239304e-02 7.35402107e-02 1.00000000e+00
371 P st 9 cl 0 sigma 0.17627  G -8.16345215e-02 1.36613846e-01 2.71320343e-02 1.00000000e+00
371 S st 5 cl 1 sigma 0.13790  G -6.87479973e-02 1.88851357e-01 1.98972225e-01 1.00000000e+00
371 S st 7 cl 1 sigma 0.13790  G 5.26785851e-02 2.41863728e-01 1.33121014e-01 1.00000000e+00
371 S st 8 cl 1 sigma 0.13790  G -2.39825249e-01 7.30514526e-02 1.27220154e-01 1.00000000e+00
# EVENT 372  nrows 11  ncols 4  params[x y z ot]  hypo 1.2251 -4.4305 4.0391
372 P st 0 cl 0 sigma 0.17627  G -5.14507294e-02 1.33764744e-01 7.69972801e-02 1.00000000e+00
372 P st 2 cl 0 sigma 0.17627  G -1.62303448e-02 9.36210155e-02 1.32721663e-01 1.00000000e+00
372 P st 3 cl 0 sigma 0.17627  G -5.43236732e-02 1.46555901e-01 4.24146652e-02 1.00000000e+00
372 P st 4 cl 0 sigma 0.17627  G 3.04460526e-02 1.46961212e-01 6.33597374e-02 1.00000000e+00
372 P st 5 cl 0 sigma 0.17627  G 1.01470947e-01 -6.81936741e-02 1.09016895e-01 1.00000000e+00
372 P st 6 cl 0 sigma 0.17627  G -9.60946083e-02 1.13105774e-01 6.54697418e-02 1.00000000e+00
372 P st 7 cl 0 sigma 0.17627  G 1.39999390e-01 5.01871109e-03 8.39948654e-02 1.00000000e+00
372 P st 8 cl 0 sigma 0.17627  G -3.88860703e-02 -1.09976530e-01 1.12551451e-01 1.00000000e+00
372 P st 9 cl 0 sigma 0.17627  G -6.18815422e-02 1.39641762e-01 5.50627708e-02 1.00000000e+00
372 S st 6 cl 1 sigma 0.13790  G -1.66225433e-01 1.95670128e-01 1.13296509e-01 1.00000000e+00
372 S st 7 cl 1 sigma 0.13790  G 2.42185593e-01 8.67843628e-03 1.45292282e-01 1.00000000e+00
# EVENT 373  nrows 12  ncols 4  params[x y z ot]  hypo -3.8492 4.6837 2.5973
373 P st 1 cl 0 sigma 0.17627  G 8.28146935e-02 -1.26910210e-01 5.98311424e-02 1.00000000e+00
373 P st 2 cl 0 sigma 0.17627  G -6.35385513e-02 1.44600868e-01 3.53217125e-02 1.00000000e+00
373 P st 3 cl 0 sigma 0.17627  G -6.42061234e-02 1.47032738e-01 1.71422958e-02 1.00000000e+00
373 P st 4 cl 0 sigma 0.17627  G -2.00271606e-02 1.58596039e-01 2.32934952e-02 1.00000000e+00
373 P st 5 cl 0 sigma 0.17627  G -5.36441803e-05 1.36125088e-01 9.01520252e-02 1.00000000e+00
373 P st 6 cl 0 sigma 0.17627  G -9.16719437e-02 1.31011009e-01 2.22682953e-02 1.00000000e+00
373 P st 7 cl 0 sigma 0.17627  G 5.47528267e-02 1.44112110e-01 5.19633293e-02 1.00000000e+00
373 P st 8 cl 0 sigma 0.17627  G -1.31201744e-01 6.74128532e-02 6.72161579e-02 1.00000000e+00
373 P st 9 cl 0 sigma 0.17627  G -7.06195831e-02 1.43814087e-01 2.00271606e-02 1.00000000e+00
373 S st 1 cl 1 sigma 0.13790  G 1.43313408e-01 -2.19559669e-01 1.03497505e-01 1.00000000e+00
373 S st 2 cl 1 sigma 0.13790  G -1.09910965e-01 2.50172615e-01 6.11066818e-02 1.00000000e+00
373 S st 8 cl 1 sigma 0.13790  G -2.26962566e-01 1.16622448e-01 1.16264820e-01 1.00000000e+00
# EVENT 374  nrows 12  ncols 4  params[x y z ot]  hypo 0.5794 -4.5152 2.8720
374 P st 0 cl 0 sigma 0.17627  G -6.30974770e-02 1.37317181e-01 5.39302826e-02 1.00000000e+00
374 P st 1 cl 0 sigma 0.17627  G 7.73668289e-02 -1.38998032e-01 2.57372856e-02 1.00000000e+00
374 P st 2 cl 0 sigma 0.17627  G -3.63051891e-02 1.07026100e-01 1.15501881e-01 1.00000000e+00
374 P st 3 cl 0 sigma 0.17627  G -6.04271889e-02 1.46770477e-01 2.76803970e-02 1.00000000e+00
374 P st 4 cl 0 sigma 0.17627  G 2.34603882e-02 1.52909756e-01 4.44293022e-02 1.00000000e+00
374 P st 5 cl 0 sigma 0.17627  G 1.03914738e-01 -8.20159912e-02 9.10699368e-02 1.00000000e+00
374 P st 6 cl 0 sigma 0.17627  G -1.05726719e-01 1.13320351e-01 4.36782837e-02 1.00000000e+00
374 P st 7 cl 0 sigma 0.17627  G 1.47217512e-01 4.15444374e-03 6.60061836e-02 1.00000000e+00
374 P st 8 cl 0 sigma 0.17627  G -5.72800636e-02 -1.23524666e-01 8.50021839e-02 1.00000000e+00
374 P st 9 cl 0 sigma 0.17627  G -6.99400902e-02 1.40368938e-01 3.65257263e-02 1.00000000e+00
374 S st 6 cl 1 sigma 0.13790  G -1.82867050e-01 1.96027756e-01 7.55786896e-02 1.00000000e+00
374 S st 7 cl 1 sigma 0.13790  G 2.54690647e-01 7.18832016e-03 1.14190578e-01 1.00000000e+00
# EVENT 375  nrows 10  ncols 4  params[x y z ot]  hypo 0.3170 -3.2460 2.7862
375 P st 1 cl 0 sigma 0.17627  G 8.03709030e-02 -1.37138367e-01 2.77161598e-02 1.00000000e+00
375 P st 2 cl 0 sigma 0.17627  G -3.75866890e-02 1.22636557e-01 9.54568386e-02 1.00000000e+00
375 P st 4 cl 0 sigma 0.17627  G 1.83820724e-02 1.55496597e-01 3.97443771e-02 1.00000000e+00
375 P st 5 cl 0 sigma 0.17627  G 1.07491016e-01 -5.74171543e-02 1.05255842e-01 1.00000000e+00
375 P st 6 cl 0 sigma 0.17627  G -1.00541115e-01 1.19733810e-01 3.94582748e-02 1.00000000e+00
375 P st 7 cl 0 sigma 0.17627  G 1.43313408e-01 2.76625156e-02 6.70671463e-02 1.00000000e+00
375 P st 8 cl 0 sigma 0.17627  G -7.04765320e-02 -1.06686354e-01 9.90152359e-02 1.00000000e+00
375 S st 1 cl 1 sigma 0.13790  G 1.38998032e-01 -2.37274170e-01 4.79221344e-02 1.00000000e+00
375 S st 6 cl 1 sigma 0.13790  G -1.73902512e-01 2.07114220e-01 6.82830811e-02 1.00000000e+00
375 S st 7 cl 1 sigma 0.13790  G 2.47943401e-01 4.78506088e-02 1.16026402e-01 1.00000000e+00
# EVENT 376  nrows 12  ncols 4  params[x y z ot]  hypo 1.3111 -2.8108 2.6272
376 P st 1 cl 0 sigma 0.17627  G 8.87274742e-02 -1.32226944e-01 2.74419785e-02 1.00000000e+00
376 P st 2 cl 0 sigma 0.17627  G -1.40070915e-02 1.34748220e-01 9.20176506e-02 1.00000000e+00
376 P st 3 cl 0 sigma 0.17627  G -5.04136086e-02 1.51324272e-01 2.55703926e-02 1.00000000e+00
376 P st 4 cl 0 sigma 0.17627  G 2.91943550e-02 1.54721737e-01 3.78251076e-02 1.00000000e+00
376 P st 5 cl 0 sigma 0.17627  G 1.23840570e-01 -4.29511070e-02 9.36031342e-02 1.00000000e+00
376 P st 6 cl 0 sigma 0.17627  G -9.06586647e-02 1.28054619e-01 4.03761864e-02 1.00000000e+00
376 P st 7 cl 0 sigma 0.17627  G 1.47205591e-01 3.24964523e-02 5.89609146e-02 1.00000000e+00
376 P st 8 cl 0 sigma 0.17627  G -5.02049923e-02 -1.04856491e-01 1.12539530e-01 1.00000000e+00
376 S st 1 cl 1 sigma 0.13790  G 1.53493881e-01 -2.28738785e-01 4.74452972e-02 1.00000000e+00
376 S st 2 cl 1 sigma 0.13790  G -2.42352486e-02 2.33113766e-01 1.59180164e-01 1.00000000e+00
376 S st 7 cl 1 sigma 0.13790  G 2.54666805e-01 5.62310219e-02 1.01995468e-01 1.00000000e+00
376 S st 8 cl 1 sigma 0.13790  G -8.68558884e-02 -1.81400776e-01 1.94704533e-01 1.00000000e+00
# EVENT 377  nrows 10  ncols 4  params[x y z ot]  hypo -5.5997 3.4746 3.4385
377 P st 1 cl 0 sigma 0.17627  G 4.82082367e-02 -1.37364864e-01 6.59823418e-02 1.00000000e+00
377 P st 3 cl 0 sigma 0.17627  G -7.48157501e-02 1.41215324e-01 2.03847885e-02 1.00000000e+00
377 P st 4 cl 0 sigma 0.17627  G -3.44872475e-02 1.54662132e-01 2.88128853e-02 1.00000000e+00
377 P st 5 cl 0 sigma 0.17627  G -4.08947468e-02 1.04916096e-01 1.11812353e-01 1.00000000e+00
377 P st 6 cl 0 sigma 0.17627  G -1.03354454e-01 1.20711327e-01 2.61068344e-02 1.00000000e+00
377 P st 7 cl 0 sigma 0.17627  G 3.10122967e-02 1.39248371e-01 7.13884830e-02 1.00000000e+00
377 P st 8 cl 0 sigma 0.17627  G -1.41286850e-01 3.86238098e-02 6.64472580e-02 1.00000000e+00
377 P st 9 cl 0 sigma 0.17627  G -8.25881958e-02 1.36280060e-01 2.38418579e-02 1.00000000e+00
377 S st 5 cl 1 sigma 0.13790  G -7.07507133e-02 1.81508064e-01 1.93428993e-01 1.00000000e+00
377 S st 8 cl 1 sigma 0.13790  G -2.44450569e-01 6.68406487e-02 1.14965439e-01 1.00000000e+00
# EVENT 378  nrows 12  ncols 4  params[x y z ot]  hypo 2.2944 -0.3714 4.7260
378 P st 0 cl 0 sigma 0.17627  G -2.70962715e-02 1.46186352e-01 6.24299049e-02 1.00000000e+00
378 P st 1 cl 0 sigma 0.17627  G 1.01685524e-01 -1.14917755e-01 4.99248505e-02 1.00000000e+00
378 P st 3 cl 0 sigma 0.17627  G -3.74317169e-02 1.52134895e-01 3.88622284e-02 1.00000000e+00
378 P st 4 cl 0 sigma 0.17627  G 3.31044197e-02 1.49393082e-01 5.17129898e-02 1.00000000e+00
378 P st 5 cl 0 sigma 0.17627  G 1.14411116e-01 1.21176243e-02 1.13862753e-01 1.00000000e+00
378 P st 6 cl 0 sigma 0.17627  G -6.69598579e-02 1.35099888e-01 5.79833984e-02 1.00000000e+00
378 P st 7 cl 0 sigma 0.17627  G 1.30403042e-01 5.86032867e-02 7.59243965e-02 1.00000000e+00
378 P st 8 cl 0 sigma 0.17627  G -2.26318836e-02 -3.73184681e-02 1.55597925e-01 1.00000000e+00
378 P st 9 cl 0 sigma 0.17627  G -4.01616096e-02 1.48832798e-01 4.83274460e-02 1.00000000e+00
378 S st 6 cl 1 sigma 0.13790  G -1.15847588e-01 2.33721733e-01 1.00350380e-01 1.00000000e+00
378 S st 7 cl 1 sigma 0.13790  G 2.25591660e-01 1.01399422e-01 1.31368637e-01 1.00000000e+00
378 S st 9 cl 1 sigma 0.13790  G -6.94751740e-02 2.57468224e-01 8.35895538e-02 1.00000000e+00
# EVENT 379  nrows 10  ncols 4  params[x y z ot]  hypo -0.8321 -1.2864 4.5696
379 P st 0 cl 0 sigma 0.17627  G -6.17146492e-02 1.36053562e-01 6.21438026e-02 1.00000000e+00
379 P st 1 cl 0 sigma 0.17627  G 7.72953033e-02 -1.31940842e-01 5.34772873e-02 1.00000000e+00
379 P st 3 cl 0 sigma 0.17627  G -6.02483749e-02 1.44886971e-01 3.86714935e-02 1.00000000e+00
379 P st 4 cl 0 sigma 0.17627  G 3.87430191e-03 1.51765347e-01 5.61833382e-02 1.00000000e+00
379 P st 5 cl 0 sigma 0.17627  G 7.52866268e-02 -6.59823418e-03 1.45399570e-01 1.00000000e+00
379 P st 6 cl 0 sigma 0.17627  G -9.52005386e-02 1.19352341e-01 5.45740128e-02 1.00000000e+00
379 P st 7 cl 0 sigma 0.17627  G 1.11138821e-01 5.81979752e-02 1.01548433e-01 1.00000000e+00
379 P st 8 cl 0 sigma 0.17627  G -8.49545002e-02 -5.01155853e-02 1.29938126e-01 1.00000000e+00
379 P st 9 cl 0 sigma 0.17627  G -6.75320625e-02 1.39069557e-01 4.76479530e-02 1.00000000e+00
379 S st 7 cl 1 sigma 0.13790  G 1.92284584e-01 1.00696087e-01 1.75690651e-01 1.00000000e+00
# EVENT 380  nrows 11  ncols 4  params[x y z ot]  hypo 1.9800 -1.1120 3.4536
380 P st 0 cl 0 sigma 0.17627  G -3.31997871e-02 1.49846077e-01 4.76598740e-02 1.00000000e+00
380 P st 1 cl 0 sigma 0.17627  G 9.89794731e-02 -1.22201443e-01 3.43561172e-02 1.00000000e+00
380 P st 3 cl 0 sigma 0.17627  G -4.14848328e-02 1.53112411e-01 2.78949738e-02 1.00000000e+00
380 P st 4 cl 0 sigma 0.17627  G 3.23176384e-02 1.52659416e-01 3.86118889e-02 1.00000000e+00
380 P st 5 cl 0 sigma 0.17627  G 1.24305487e-01 -1.91926956e-03 9.78410244e-02 1.00000000e+00
380 P st 6 cl 0 sigma 0.17627  G -7.48991966e-02 1.35612488e-01 4.31060791e-02 1.00000000e+00
380 P st 7 cl 0 sigma 0.17627  G 1.39307976e-01 5.37276268e-02 5.97834587e-02 1.00000000e+00
380 P st 8 cl 0 sigma 0.17627  G -3.13460827e-02 -5.77449799e-02 1.43015385e-01 1.00000000e+00
380 P st 9 cl 0 sigma 0.17627  G -4.54783440e-02 1.50394440e-01 3.53455544e-02 1.00000000e+00
380 S st 7 cl 1 sigma 0.13790  G 2.40981579e-01 9.29474831e-02 1.03425980e-01 1.00000000e+00
380 S st 8 cl 1 sigma 0.13790  G -5.42283058e-02 -9.98973846e-02 2.47418880e-01 1.00000000e+00
# EVENT 381  nrows 11  ncols 4  params[x y z ot]  hypo 1.6960 -2.5750 3.6186
381 P st 1 cl 0 sigma 0.17627  G 9.09566879e-02 -1.28388405e-01 3.70264053e-02 1.00000000e+00
381 P st 4 cl 0 sigma 0.17627  G 3.21984291e-02 1.50716305e-01 4.91023064e-02 1.00000000e+00
381 P st 5 cl 0 sigma 0.17627  G 1.17725134e-01 -3.29911709e-02 1.06674433e-01 1.00000000e+00
381 P st 6 cl 0 sigma 0.17627  G -8.39710236e-02 1.28054619e-01 5.35011292e-02 1.00000000e+00
381 P st 7 cl 0 sigma 0.17627  G 1.41346455e-01 3.35454941e-02 7.17043877e-02 1.00000000e+00
381 P st 8 cl 0 sigma 0.17627  G -3.53395939e-02 -8.74340534e-02 1.29514933e-01 1.00000000e+00
381 P st 9 cl 0 sigma 0.17627  G -5.18321991e-02 1.46818161e-01 4.41431999e-02 1.00000000e+00
381 S st 1 cl 1 sigma 0.13790  G 1.57356262e-01 -2.22134590e-01 6.40869141e-02 1.00000000e+00
381 S st 6 cl 1 sigma 0.13790  G -1.45244598e-01 2.21490860e-01 9.25540924e-02 1.00000000e+00
381 S st 7 cl 1 sigma 0.13790  G 2.44510174e-01 5.80430031e-02 1.24073029e-01 1.00000000e+00
381 S st 8 cl 1 sigma 0.13790  G -6.11424446e-02 -1.51252747e-01 2.24053860e-01 1.00000000e+00
# EVENT 382  nrows 12  ncols 4  params[x y z ot]  hypo 1.6596 -2.2837 3.8102
382 P st 1 cl 0 sigma 0.17627  G 9.15884972e-02 -1.27112865e-01 3.76105309e-02 1.00000000e+00
382 P st 3 cl 0 sigma 0.17627  G -4.60147858e-02 1.50847435e-01 3.38554382e-02 1.00000000e+00
382 P st 4 cl 0 sigma 0.17627  G 3.11374664e-02 1.50787830e-01 4.81009483e-02 1.00000000e+00
382 P st 5 cl 0 sigma 0.17627  G 1.16926432e-01 -2.67922878e-02 1.07967854e-01 1.00000000e+00
382 P st 6 cl 0 sigma 0.17627  G -8.22305679e-02 1.28197670e-01 5.23924828e-02 1.00000000e+00
382 P st 7 cl 0 sigma 0.17627  G 1.38890743e-01 3.75509262e-02 7.14540482e-02 1.00000000e+00
382 P st 8 cl 0 sigma 0.17627  G -3.77595425e-02 -8.38875771e-02 1.32584572e-01 1.00000000e+00
382 P st 9 cl 0 sigma 0.17627  G -5.11884689e-02 1.46770477e-01 4.32729721e-02 1.00000000e+00
382 S st 6 cl 1 sigma 0.13790  G -1.42240524e-01 2.21753120e-01 9.06229019e-02 1.00000000e+00
382 S st 7 cl 1 sigma 0.13790  G 2.40302086e-01 6.49809837e-02 1.23620033e-01 1.00000000e+00
382 S st 8 cl 1 sigma 0.13790  G -6.53266907e-02 -1.45125389e-01 2.29370594e-01 1.00000000e+00
382 S st 9 cl 1 sigma 0.13790  G -8.85725021e-02 2.53915787e-01 7.48634338e-02 1.00000000e+00
# EVENT 383  nrows 11  ncols 4  params[x y z ot]  hypo -5.0139 5.3878 2.7484
383 P st 0 cl 0 sigma 0.17627  G -7.30276108e-02 1.41978264e-01 2.30550766e-02 1.00000000e+00
383 P st 1 cl 0 sigma 0.17627  G 6.93142414e-02 -1.27369165e-01 6.94096088e-02 1.00000000e+00
383 P st 3 cl 0 sigma 0.17627  G -6.81161880e-02 1.45220757e-01 1.64270401e-02 1.00000000e+00
383 P st 4 cl 0 sigma 0.17627  G -2.76803970e-02 1.57332420e-01 2.22921371e-02 1.00000000e+00
383 P st 5 cl 0 sigma 0.17627  G -2.53319740e-02 1.39147043e-01 8.00192356e-02 1.00000000e+00
383 P st 6 cl 0 sigma 0.17627  G -9.47952271e-02 1.28769875e-01 2.09808350e-02 1.00000000e+00
383 P st 7 cl 0 sigma 0.17627  G 3.55601311e-02 1.49154663e-01 5.01751900e-02 1.00000000e+00
383 P st 8 cl 0 sigma 0.17627  G -1.33764744e-01 7.04526901e-02 5.71250916e-02 1.00000000e+00
383 P st 9 cl 0 sigma 0.17627  G -7.47680664e-02 1.41668320e-01 1.90258026e-02 1.00000000e+00
383 S st 7 cl 1 sigma 0.13790  G 6.15119934e-02 2.58016586e-01 8.67843628e-02 1.00000000e+00
383 S st 8 cl 1 sigma 0.13790  G -2.31397152e-01 1.21891499e-01 9.88245010e-02 1.00000000e+00
# EVENT 384  nrows 11  ncols 4  params[x y z ot]  hypo 0.4176 -2.3618 5.0550
384 P st 0 cl 0 sigma 0.17627  G -5.21063805e-02 1.35135651e-01 7.53045082e-02 1.00000000e+00
384 P st 3 cl 0 sigma 0.17627  G -5.42163849e-02 1.45363808e-01 4.62532043e-02 1.00000000e+00
384 P st 4 cl 0 sigma 0.17627  G 1.73568726e-02 1.47247314e-01 6.57916069e-02 1.00000000e+00
384 P st 5 cl 0 sigma 0.17627  G 8.32319260e-02 -2.61485577e-02 1.34730339e-01 1.00000000e+00
384 P st 6 cl 0 sigma 0.17627  G -9.00387764e-02 1.18231773e-01 6.66618347e-02 1.00000000e+00
384 P st 7 cl 0 sigma 0.17627  G 1.23143196e-01 3.73363495e-02 1.00362301e-01 1.00000000e+00
384 P st 8 cl 0 sigma 0.17627  G -5.42044640e-02 -6.76393509e-02 1.35678053e-01 1.00000000e+00
384 P st 9 cl 0 sigma 0.17627  G -6.05463982e-02 1.38950348e-01 5.75065613e-02 1.00000000e+00
384 S st 4 cl 1 sigma 0.13790  G 3.00168991e-02 2.54726410e-01 1.13844872e-01 1.00000000e+00
384 S st 6 cl 1 sigma 0.13790  G -1.55758858e-01 2.04539299e-01 1.15323067e-01 1.00000000e+00
384 S st 8 cl 1 sigma 0.13790  G -9.37581062e-02 -1.17015839e-01 2.34723091e-01 1.00000000e+00
# EVENT 385  nrows 11  ncols 4  params[x y z ot]  hypo 2.4203 -1.6188 3.5414
385 P st 0 cl 0 sigma 0.17627  G -2.90393829e-02 1.49548054e-01 5.66720963e-02 1.00000000e+00
385 P st 1 cl 0 sigma 0.17627  G 9.91821289e-02 -1.22082233e-01 3.77535820e-02 1.00000000e+00
385 P st 3 cl 0 sigma 0.17627  G -3.91721725e-02 1.53422356e-01 3.30686569e-02 1.00000000e+00
385 P st 4 cl 0 sigma 0.17627  G 3.76820564e-02 1.51157379e-01 4.53233719e-02 1.00000000e+00
385 P st 5 cl 0 sigma 0.17627  G 1.27834082e-01 -1.21772289e-02 1.00034475e-01 1.00000000e+00
385 P st 6 cl 0 sigma 0.17627  G -7.30276108e-02 1.35672092e-01 5.16057014e-02 1.00000000e+00
385 P st 7 cl 0 sigma 0.17627  G 1.41835213e-01 4.49657440e-02 6.54459000e-02 1.00000000e+00
385 P st 8 cl 0 sigma 0.17627  G -2.03967094e-02 -7.30931759e-02 1.42818689e-01 1.00000000e+00
385 P st 9 cl 0 sigma 0.17627  G -4.26530838e-02 1.50370598e-01 4.21285629e-02 1.00000000e+00
385 S st 7 cl 1 sigma 0.13790  G 2.45356560e-01 7.77721405e-02 1.13213062e-01 1.00000000e+00
385 S st 8 cl 1 sigma 0.13790  G -3.52859497e-02 -1.26445293e-01 2.47097015e-01 1.00000000e+00
# EVENT 386  nrows 14  ncols 4  params[x y z ot]  hypo 0.3312 -4.1536 3.6809
386 P st 0 cl 0 sigma 0.17627  G -6.24656677e-02 1.33395195e-01 6.63757324e-02 1.00000000e+00
386 P st 1 cl 0 sigma 0.17627  G 7.62820244e-02 -1.37758255e-01 3.57389450e-02 1.00000000e+00
386 P st 3 cl 0 sigma 0.17627  G -6.06417656e-02 1.45196915e-01 3.64661217e-02 1.00000000e+00
386 P st 4 cl 0 sigma 0.17627  G 1.93119049e-02 1.50549412e-01 5.66244125e-02 1.00000000e+00
386 P st 5 cl 0 sigma 0.17627  G 9.27329063e-02 -6.95049763e-02 1.13171339e-01 1.00000000e+00
386 P st 6 cl 0 sigma 0.17627  G -1.03163719e-01 1.11770630e-01 5.53250313e-02 1.00000000e+00
386 P st 7 cl 0 sigma 0.17627  G 1.37567520e-01 1.04188919e-02 8.45849514e-02 1.00000000e+00
386 P st 8 cl 0 sigma 0.17627  G -5.77151775e-02 -1.06245279e-01 1.04993582e-01 1.00000000e+00
386 P st 9 cl 0 sigma 0.17627  G -6.95347786e-02 1.38092041e-01 4.71234322e-02 1.00000000e+00
386 S st 4 cl 1 sigma 0.13790  G 3.34024429e-02 2.60400772e-01 9.79661942e-02 1.00000000e+00
386 S st 6 cl 1 sigma 0.13790  G -1.78503990e-01 1.93357468e-01 9.57250595e-02 1.00000000e+00
386 S st 7 cl 1 sigma 0.13790  G 2.37989426e-01 1.80125237e-02 1.46329403e-01 1.00000000e+00
386 S st 8 cl 1 sigma 0.13790  G -9.98377800e-02 -1.83820724e-01 1.81639194e-01 1.00000000e+00
386 S st 9 cl 1 sigma 0.13790  G -1.20306015e-01 2.38895416e-01 8.15153122e-02 1.00000000e+00
# EVENT 387  nrows 10  ncols 4  params[x y z ot]  hypo 0.4750 -3.9923 -0.4303
387 P st 1 cl 0 sigma 0.17627  G 7.96437263e-02 -1.40118599e-01 -8.01444054e-02 1.00000000e+00
387 P st 4 cl 0 sigma 0.17627  G 2.34723091e-02 1.69742107e-01 -5.14268875e-02 1.00000000e+00
387 P st 5 cl 0 sigma 0.17627  G 1.45137310e-01 -9.97543335e-02 5.05149364e-02 1.00000000e+00
387 P st 6 cl 0 sigma 0.17627  G -1.13296509e-01 1.27136707e-01 -5.46216965e-02 1.00000000e+00
387 P st 7 cl 0 sigma 0.17627  G 1.77150965e-01 1.67846680e-02 3.32832336e-02 1.00000000e+00
387 P st 8 cl 0 sigma 0.17627  G -8.30650330e-02 -1.56110525e-01 4.74631786e-02 1.00000000e+00
387 P st 9 cl 0 sigma 0.17627  G -7.12752342e-02 1.46579742e-01 -7.69615173e-02 1.00000000e+00
387 S st 6 cl 1 sigma 0.13790  G -1.96003914e-01 2.19964981e-01 -9.44614410e-02 1.00000000e+00
387 S st 7 cl 1 sigma 0.13790  G 3.06463242e-01 2.90393829e-02 5.75780869e-02 1.00000000e+00
387 S st 8 cl 1 sigma 0.13790  G -1.43694878e-01 -2.70068645e-01 8.21113586e-02 1.00000000e+00
# EVENT 388  nrows 10  ncols 4  params[x y z ot]  hypo -0.2491 -4.2724 1.9475
388 P st 1 cl 0 sigma 0.17627  G 7.32064247e-02 -1.42514706e-01 1.69396400e-02 1.00000000e+00
388 P st 5 cl 0 sigma 0.17627  G 1.00958347e-01 -9.12010670e-02 7.88152218e-02 1.00000000e+00
388 P st 6 cl 0 sigma 0.17627  G -1.12438202e-01 1.12366676e-01 2.60114670e-02 1.00000000e+00
388 P st 7 cl 0 sigma 0.17627  G 1.51085854e-01 9.87052917e-03 5.13255596e-02 1.00000000e+00
388 P st 8 cl 0 sigma 0.17627  G -7.92920589e-02 -1.23953819e-01 5.97655773e-02 1.00000000e+00
388 P st 9 cl 0 sigma 0.17627  G -7.72953033e-02 1.39474869e-01 2.20656395e-02 1.00000000e+00
388 S st 1 cl 1 sigma 0.13790  G 1.26647949e-01 -2.46548653e-01 2.93254852e-02 1.00000000e+00
388 S st 6 cl 1 sigma 0.13790  G -1.94525719e-01 1.94358826e-01 4.49895859e-02 1.00000000e+00
388 S st 7 cl 1 sigma 0.13790  G 2.61390209e-01 1.70588493e-02 8.87751579e-02 1.00000000e+00
388 S st 8 cl 1 sigma 0.13790  G -1.37174129e-01 -2.14445591e-01 1.03390217e-01 1.00000000e+00
# EVENT 389  nrows 11  ncols 4  params[x y z ot]  hypo 0.6048 -2.8071 2.6336
389 P st 1 cl 0 sigma 0.17627  G 8.41140747e-02 -1.34992599e-01 2.80976295e-02 1.00000000e+00
389 P st 3 cl 0 sigma 0.17627  G -5.55753708e-02 1.49488449e-01 2.52008438e-02 1.00000000e+00
389 P st 4 cl 0 sigma 0.17627  G 2.11834908e-02 1.55973434e-01 3.81588936e-02 1.00000000e+00
389 P st 5 cl 0 sigma 0.17627  G 1.15334988e-01 -4.62532043e-02 1.04057789e-01 1.00000000e+00
389 P st 6 cl 0 sigma 0.17627  G -9.64283943e-02 1.24204159e-01 3.89099121e-02 1.00000000e+00
389 P st 7 cl 0 sigma 0.17627  G 1.45006180e-01 3.49044800e-02 6.40332699e-02 1.00000000e+00
389 P st 8 cl 0 sigma 0.17627  G -6.80923462e-02 -1.02984905e-01 1.07246637e-01 1.00000000e+00
389 P st 9 cl 0 sigma 0.17627  G -6.32762909e-02 1.45113468e-01 3.24606895e-02 1.00000000e+00
389 S st 6 cl 1 sigma 0.13790  G -1.66797638e-01 2.14886665e-01 6.73294067e-02 1.00000000e+00
389 S st 7 cl 1 sigma 0.13790  G 2.50875950e-01 6.03914261e-02 1.10793114e-01 1.00000000e+00
389 S st 8 cl 1 sigma 0.13790  G -1.17790699e-01 -1.78170204e-01 1.85537338e-01 1.00000000e+00
# EVENT 390  nrows 11  ncols 4  params[x y z ot]  hypo 1.7661 -2.7651 4.3930
390 P st 1 cl 0 sigma 0.17627  G 8.95500183e-02 -1.27208233e-01 4.11748886e-02 1.00000000e+00
390 P st 3 cl 0 sigma 0.17627  G -4.58955765e-02 1.49440765e-01 3.91721725e-02 1.00000000e+00
390 P st 4 cl 0 sigma 0.17627  G 3.27110291e-02 1.47473812e-01 5.54323196e-02 1.00000000e+00
390 P st 5 cl 0 sigma 0.17627  G 1.08224154e-01 -3.36050987e-02 1.11567974e-01 1.00000000e+00
390 P st 6 cl 0 sigma 0.17627  G -8.20279121e-02 1.24084949e-01 6.03675842e-02 1.00000000e+00
390 P st 7 cl 0 sigma 0.17627  G 1.36470795e-01 2.93254852e-02 7.82728195e-02 1.00000000e+00
390 P st 8 cl 0 sigma 0.17627  G -3.20911407e-02 -8.77022743e-02 1.32006407e-01 1.00000000e+00
390 P st 9 cl 0 sigma 0.17627  G -5.09977341e-02 1.44529343e-01 5.00679016e-02 1.00000000e+00
390 S st 6 cl 1 sigma 0.13790  G -1.41906738e-01 2.14695930e-01 1.04427338e-01 1.00000000e+00
390 S st 7 cl 1 sigma 0.13790  G 2.36117840e-01 5.07354736e-02 1.35409832e-01 1.00000000e+00
390 S st 8 cl 1 sigma 0.13790  G -5.55157661e-02 -1.51717663e-01 2.28369236e-01 1.00000000e+00
# EVENT 391  nrows 12  ncols 4  params[x y z ot]  hypo 3.5373 -3.2490 4.0535
391 P st 0 cl 0 sigma 0.17627  G -1.67846680e-02 1.43933296e-01 7.29560852e-02 1.00000000e+00
391 P st 3 cl 0 sigma 0.17627  G -3.30328941e-02 1.52981281e-01 4.12344933e-02 1.00000000e+00
391 P st 4 cl 0 sigma 0.17627  G 5.24878502e-02 1.43110752e-01 5.53131104e-02 1.00000000e+00
391 P st 5 cl 0 sigma 0.17627  G 1.29079819e-01 -3.89277935e-02 9.18686390e-02 1.00000000e+00
391 P st 6 cl 0 sigma 0.17627  G -6.78181648e-02 1.31917000e-01 6.71863556e-02 1.00000000e+00
391 P st 7 cl 0 sigma 0.17627  G 1.46901608e-01 2.00033188e-02 6.75439835e-02 1.00000000e+00
391 P st 8 cl 0 sigma 0.17627  G 8.17775726e-03 -9.67979431e-02 1.29234791e-01 1.00000000e+00
391 P st 9 cl 0 sigma 0.17627  G -3.51786613e-02 1.49214268e-01 5.35607338e-02 1.00000000e+00
391 S st 4 cl 1 sigma 0.13790  G 9.08136368e-02 2.47550011e-01 9.56773758e-02 1.00000000e+00
391 S st 6 cl 1 sigma 0.13790  G -1.17325783e-01 2.28214264e-01 1.16229057e-01 1.00000000e+00
391 S st 7 cl 1 sigma 0.13790  G 2.54178047e-01 3.45706940e-02 1.16872787e-01 1.00000000e+00
391 S st 9 cl 1 sigma 0.13790  G -6.08682632e-02 2.58111954e-01 9.26256180e-02 1.00000000e+00
# EVENT 392  nrows 11  ncols 4  params[x y z ot]  hypo 2.3386 -5.1700 -3.1475
392 P st 0 cl 0 sigma 0.17627  G -4.94837761e-02 1.73103809e-01 -3.38697433e-01 1.00000000e+00
392 P st 3 cl 0 sigma 0.17627  G -5.44071198e-02 1.71208382e-01 -3.38792801e-01 1.00000000e+00
392 P st 4 cl 0 sigma 0.17627  G 5.51819801e-02 1.71363354e-01 -3.38673592e-01 1.00000000e+00
392 P st 5 cl 0 sigma 0.17627  G 1.49524212e-01 -1.00278854e-01 -3.38685513e-01 1.00000000e+00
392 P st 6 cl 0 sigma 0.17627  G -1.11484528e-01 1.41346455e-01 -3.38685513e-01 1.00000000e+00
392 P st 7 cl 0 sigma 0.17627  G 1.79874897e-01 -7.90357590e-03 -3.38673592e-01 1.00000000e+00
392 P st 8 cl 0 sigma 0.17627  G -2.38180161e-02 -1.78468227e-01 -3.38685513e-01 1.00000000e+00
392 P st 9 cl 0 sigma 0.17627  G -6.34193420e-02 1.68502331e-01 -3.38673592e-01 1.00000000e+00
392 S st 4 cl 1 sigma 0.13790  G 9.54866409e-02 2.96449661e-01 -5.85913658e-01 1.00000000e+00
392 S st 7 cl 1 sigma 0.13790  G 3.11183929e-01 -1.36375427e-02 -5.85937500e-01 1.00000000e+00
392 S st 9 cl 1 sigma 0.13790  G -1.09672546e-01 2.91514397e-01 -5.85913658e-01 1.00000000e+00
# EVENT 393  nrows 11  ncols 4  params[x y z ot]  hypo 0.5821 -4.0236 -0.6656
393 P st 0 cl 0 sigma 0.17627  G -7.14421272e-02 1.64008141e-01 1.76310539e-02 1.00000000e+00
393 P st 3 cl 0 sigma 0.17627  G -5.98430634e-02 1.49786472e-01 -8.42809677e-02 1.00000000e+00
393 P st 4 cl 0 sigma 0.17627  G 2.55465508e-02 1.73294544e-01 3.91006470e-03 1.00000000e+00
393 P st 5 cl 0 sigma 0.17627  G 1.46889687e-01 -9.95576382e-02 2.98261642e-02 1.00000000e+00
393 P st 6 cl 0 sigma 0.17627  G -1.15334988e-01 1.30724907e-01 3.03983688e-03 1.00000000e+00
393 P st 7 cl 0 sigma 0.17627  G 1.78211927e-01 1.59502029e-02 2.18629837e-02 1.00000000e+00
393 P st 8 cl 0 sigma 0.17627  G -8.05914402e-02 -1.58679485e-01 2.86281109e-02 1.00000000e+00
393 P st 9 cl 0 sigma 0.17627  G -7.23481178e-02 1.51038170e-01 -4.60028648e-02 1.00000000e+00
393 S st 6 cl 1 sigma 0.13790  G -1.99532509e-01 2.26140022e-01 5.26905060e-03 1.00000000e+00
393 S st 7 cl 1 sigma 0.13790  G 3.08310986e-01 2.76207924e-02 3.78251076e-02 1.00000000e+00
393 S st 8 cl 1 sigma 0.13790  G -1.39415264e-01 -2.74503231e-01 4.95195389e-02 1.00000000e+00
# EVENT 394  nrows 13  ncols 4  params[x y z ot]  hypo 0.5746 -3.8774 3.8501
394 P st 0 cl 0 sigma 0.17627  G -5.83052635e-02 1.35636330e-01 6.54220581e-02 1.00000000e+00
394 P st 1 cl 0 sigma 0.17627  G 7.87138939e-02 -1.35946274e-01 3.60131264e-02 1.00000000e+00
394 P st 3 cl 0 sigma 0.17627  G -5.78761101e-02 1.45924091e-01 3.61084938e-02 1.00000000e+00
394 P st 4 cl 0 sigma 0.17627  G 2.16841698e-02 1.49416924e-01 5.51939011e-02 1.00000000e+00
394 P st 5 cl 0 sigma 0.17627  G 9.56177711e-02 -6.17384911e-02 1.12646818e-01 1.00000000e+00
394 P st 6 cl 0 sigma 0.17627  G -9.92655754e-02 1.14214420e-01 5.51223755e-02 1.00000000e+00
394 P st 7 cl 0 sigma 0.17627  G 1.38396025e-01 1.49428844e-02 8.21709633e-02 1.00000000e+00
394 P st 8 cl 0 sigma 0.17627  G -5.52058220e-02 -1.05291605e-01 1.09285116e-01 1.00000000e+00
394 P st 9 cl 0 sigma 0.17627  G -6.59942627e-02 1.39176846e-01 4.66346741e-02 1.00000000e+00
394 S st 1 cl 1 sigma 0.13790  G 1.36160851e-01 -2.35199928e-01 6.22749329e-02 1.00000000e+00
394 S st 6 cl 1 sigma 0.13790  G -1.71756744e-01 1.97577477e-01 9.53674316e-02 1.00000000e+00
394 S st 7 cl 1 sigma 0.13790  G 2.39431858e-01 2.58445740e-02 1.42168999e-01 1.00000000e+00
394 S st 8 cl 1 sigma 0.13790  G -9.54985619e-02 -1.82139874e-01 1.89065933e-01 1.00000000e+00
# EVENT 395  nrows 11  ncols 4  params[x y z ot]  hypo 1.9146 -2.9360 2.3206
395 P st 0 cl 0 sigma 0.17627  G -4.01735306e-02 1.51050091e-01 4.01616096e-02 1.00000000e+00
395 P st 1 cl 0 sigma 0.17627  G 9.21368599e-02 -1.30510330e-01 2.18510628e-02 1.00000000e+00
395 P st 3 cl 0 sigma 0.17627  G -4.61935997e-02 1.52993202e-01 2.12788582e-02 1.00000000e+00
395 P st 4 cl 0 sigma 0.17627  G 3.63349915e-02 1.54066086e-01 3.10778618e-02 1.00000000e+00
395 P st 5 cl 0 sigma 0.17627  G 1.35898590e-01 -4.51505184e-02 7.46846199e-02 1.00000000e+00
395 P st 6 cl 0 sigma 0.17627  G -8.65578651e-02 1.31642818e-01 3.46779823e-02 1.00000000e+00
395 P st 7 cl 0 sigma 0.17627  G 1.51968002e-01 2.93731689e-02 4.63247299e-02 1.00000000e+00
395 P st 8 cl 0 sigma 0.17627  G -3.63409519e-02 -1.15960836e-01 1.04874372e-01 1.00000000e+00
395 P st 9 cl 0 sigma 0.17627  G -5.19990921e-02 1.50060654e-01 2.78234482e-02 1.00000000e+00
395 S st 6 cl 1 sigma 0.13790  G -1.49726868e-01 2.27737427e-01 5.99861145e-02 1.00000000e+00
395 S st 7 cl 1 sigma 0.13790  G 2.62904167e-01 5.07950783e-02 8.01324844e-02 1.00000000e+00
# EVENT 396  nrows 12  ncols 4  params[x y z ot]  hypo 2.1775 -2.2785 -2.0409
396 P st 0 cl 0 sigma 0.17627  G -3.98516655e-02 1.75583363e-01 -3.28421593e-01 1.00000000e+00
396 P st 1 cl 0 sigma 0.17627  G 1.03294849e-01 -1.36399269e-01 -3.32486629e-01 1.00000000e+00
396 P st 3 cl 0 sigma 0.17627  G -4.39643860e-02 1.58548355e-01 -3.36027145e-01 1.00000000e+00
396 P st 4 cl 0 sigma 0.17627  G 4.26054001e-02 1.74927711e-01 -3.28409672e-01 1.00000000e+00
396 P st 5 cl 0 sigma 0.17627  G 1.76244974e-01 -3.67581844e-02 -3.28421593e-01 1.00000000e+00
396 P st 6 cl 0 sigma 0.17627  G -9.18865204e-02 1.54805183e-01 -3.28421593e-01 1.00000000e+00
396 P st 7 cl 0 sigma 0.17627  G 1.74391270e-01 4.47034836e-02 -3.28421593e-01 1.00000000e+00
396 P st 8 cl 0 sigma 0.17627  G -5.29170036e-02 -1.77258253e-01 -3.28159332e-01 1.00000000e+00
396 P st 9 cl 0 sigma 0.17627  G -5.37753105e-02 1.71828270e-01 -3.28421593e-01 1.00000000e+00
396 S st 0 cl 1 sigma 0.13790  G -6.89268112e-02 3.03721428e-01 -5.68175316e-01 1.00000000e+00
396 S st 6 cl 1 sigma 0.13790  G -1.58953667e-01 2.67839432e-01 -5.68175316e-01 1.00000000e+00
396 S st 8 cl 1 sigma 0.13790  G -9.15408134e-02 -3.06653976e-01 -5.67716360e-01 1.00000000e+00
# EVENT 397  nrows 13  ncols 4  params[x y z ot]  hypo 1.2302 -3.1565 2.0346
397 P st 0 cl 0 sigma 0.17627  G -5.01990318e-02 1.48940086e-01 4.02092934e-02 1.00000000e+00
397 P st 1 cl 0 sigma 0.17627  G 8.72254372e-02 -1.34170055e-01 2.21133232e-02 1.00000000e+00
397 P st 3 cl 0 sigma 0.17627  G -5.20706177e-02 1.51443481e-01 2.12669373e-02 1.00000000e+00
397 P st 4 cl 0 sigma 0.17627  G 2.92658806e-02 1.56116486e-01 3.20792198e-02 1.00000000e+00
397 P st 5 cl 0 sigma 0.17627  G 1.32042170e-01 -5.56409359e-02 8.19742680e-02 1.00000000e+00
397 P st 6 cl 0 sigma 0.17627  G -9.43064690e-02 1.27327442e-01 3.39746475e-02 1.00000000e+00
397 P st 7 cl 0 sigma 0.17627  G 1.52170658e-01 2.78353691e-02 5.06341457e-02 1.00000000e+00
397 P st 8 cl 0 sigma 0.17627  G -5.58018684e-02 -1.21629238e-01 9.65952873e-02 1.00000000e+00
397 P st 9 cl 0 sigma 0.17627  G -5.94615936e-02 1.47938728e-01 2.77400017e-02 1.00000000e+00
397 S st 0 cl 1 sigma 0.13790  G -8.68558884e-02 2.57682800e-01 6.95705414e-02 1.00000000e+00
397 S st 3 cl 1 sigma 0.13790  G -9.00745392e-02 2.61998177e-01 3.68356705e-02 1.00000000e+00
397 S st 6 cl 1 sigma 0.13790  G -1.63149834e-01 2.20298767e-01 5.87701797e-02 1.00000000e+00
397 S st 7 cl 1 sigma 0.13790  G 2.63249874e-01 4.81486320e-02 8.75949860e-02 1.00000000e+00
# EVENT 398  nrows 11  ncols 4  params[x y z ot]  hypo 1.2390 -3.0889 3.4563
398 P st 0 cl 0 sigma 0.17627  G -4.78625298e-02 1.43229961e-01 5.55872917e-02 1.00000000e+00
398 P st 1 cl 0 sigma 0.17627  G 8.62956047e-02 -1.32024288e-01 3.19600105e-02 1.00000000e+00
398 P st 3 cl 0 sigma 0.17627  G -5.11288643e-02 1.49476528e-01 3.05533409e-02 1.00000000e+00
398 P st 4 cl 0 sigma 0.17627  G 2.83598900e-02 1.51526928e-01 4.52637672e-02 1.00000000e+00
398 P st 5 cl 0 sigma 0.17627  G 1.09964609e-01 -4.46856022e-02 1.02525949e-01 1.00000000e+00
398 P st 6 cl 0 sigma 0.17627  G -9.06586647e-02 1.23393536e-01 4.78386879e-02 1.00000000e+00
398 P st 7 cl 0 sigma 0.17627  G 1.42079592e-01 2.70843506e-02 6.82711601e-02 1.00000000e+00
398 P st 8 cl 0 sigma 0.17627  G -4.70101833e-02 -1.01292133e-01 1.15644932e-01 1.00000000e+00
398 P st 9 cl 0 sigma 0.17627  G -5.77688217e-02 1.44696236e-01 3.95417213e-02 1.00000000e+00
398 S st 6 cl 1 sigma 0.13790  G -1.56855583e-01 2.13479996e-01 8.27550888e-02 1.00000000e+00
398 S st 7 cl 1 sigma 0.13790  G 2.45797634e-01 4.68492508e-02 1.18112564e-01 1.00000000e+00
# EVENT 399  nrows 10  ncols 4  params[x y z ot]  hypo 1.6208 -3.0052 1.5983
399 P st 1 cl 0 sigma 0.17627  G 9.05513763e-02 -1.32584572e-01 1.70707703e-02 1.00000000e+00
399 P st 3 cl 0 sigma 0.17627  G -4.88638878e-02 1.52957439e-01 1.65104866e-02 1.00000000e+00
399 P st 4 cl 0 sigma 0.17627  G 3.35812569e-02 1.56307220e-01 2.43186951e-02 1.00000000e+00
399 P st 5 cl 0 sigma 0.17627  G 1.40160322e-01 -5.08427620e-02 6.51478767e-02 1.00000000e+00
399 P st 6 cl 0 sigma 0.17627  G -9.07421112e-02 1.31332874e-01 2.65955925e-02 1.00000000e+00
399 P st 7 cl 0 sigma 0.17627  G 1.54978037e-01 2.97188759e-02 3.79145145e-02 1.00000000e+00
399 P st 8 cl 0 sigma 0.17627  G -4.82022762e-02 -1.26832724e-01 8.84771347e-02 1.00000000e+00
399 P st 9 cl 0 sigma 0.17627  G -5.55038452e-02 1.50263309e-01 2.14457512e-02 1.00000000e+00
399 S st 6 cl 1 sigma 0.13790  G -1.56998634e-01 2.27189064e-01 4.59909439e-02 1.00000000e+00
399 S st 8 cl 1 sigma 0.13790  G -8.33988190e-02 -2.19404697e-01 1.53076649e-01 1.00000000e+00
# EVENT 400  nrows 11  ncols 4  params[x y z ot]  hypo 0.8678 -3.2811 2.4343
400 P st 0 cl 0 sigma 0.17627  G -5.47170639e-02 1.45542622e-01 4.01973724e-02 1.00000000e+00
400 P st 1 cl 0 sigma 0.17627  G 8.41498375e-02 -1.35517120e-01 2.22325325e-02 1.00000000e+00
400 P st 3 cl 0 sigma 0.17627  G -5.49674034e-02 1.49881840e-01 2.12669373e-02 1.00000000e+00
400 P st 4 cl 0 sigma 0.17627  G 2.50935555e-02 1.55699253e-01 3.25918198e-02 1.00000000e+00
400 P st 5 cl 0 sigma 0.17627  G 1.20890141e-01 -5.79237938e-02 8.60869884e-02 1.00000000e+00
400 P st 6 cl 0 sigma 0.17627  G -9.74059105e-02 1.23810768e-01 3.35812569e-02 1.00000000e+00
400 P st 7 cl 0 sigma 0.17627  G 1.48397684e-01 2.61127949e-02 5.31554222e-02 1.00000000e+00
400 P st 8 cl 0 sigma 0.17627  G -5.92291355e-02 -1.12003088e-01 9.17315483e-02 1.00000000e+00
400 P st 9 cl 0 sigma 0.17627  G -6.28948212e-02 1.45578384e-01 2.76803970e-02 1.00000000e+00
400 S st 6 cl 1 sigma 0.13790  G -1.68514252e-01 2.14195251e-01 5.81264496e-02 1.00000000e+00
400 S st 7 cl 1 sigma 0.13790  G 2.56729126e-01 4.51683998e-02 9.19699669e-02 1.00000000e+00
# EVENT 401  nrows 10  ncols 4  params[x y z ot]  hypo -0.2325 -4.1361 4.6195
401 P st 0 cl 0 sigma 0.17627  G -6.66379929e-02 1.26445293e-01 7.72118568e-02 1.00000000e+00
401 P st 1 cl 0 sigma 0.17627  G 7.15732574e-02 -1.37889385e-01 4.52637672e-02 1.00000000e+00
401 P st 3 cl 0 sigma 0.17627  G -6.38842583e-02 1.41751766e-01 4.47988510e-02 1.00000000e+00
401 P st 4 cl 0 sigma 0.17627  G 1.19447708e-02 1.46687031e-01 6.86645508e-02 1.00000000e+00
401 P st 5 cl 0 sigma 0.17627  G 7.47859478e-02 -6.44385815e-02 1.28251314e-01 1.00000000e+00
401 P st 7 cl 0 sigma 0.17627  G 1.24520063e-01 1.04546547e-02 1.03855133e-01 1.00000000e+00
401 P st 8 cl 0 sigma 0.17627  G -6.32107258e-02 -9.67800617e-02 1.13874674e-01 1.00000000e+00
401 P st 9 cl 0 sigma 0.17627  G -7.28726387e-02 1.33228302e-01 5.67674637e-02 1.00000000e+00
401 S st 7 cl 1 sigma 0.13790  G 2.15423107e-01 1.81078911e-02 1.79660320e-01 1.00000000e+00
401 S st 8 cl 1 sigma 0.13790  G -1.09350681e-01 -1.67417526e-01 1.97005272e-01 1.00000000e+00
# EVENT 402  nrows 11  ncols 4  params[x y z ot]  hypo 0.2175 -4.1707 4.5833
402 P st 0 cl 0 sigma 0.17627  G -6.13212585e-02 1.27422810e-01 7.87258148e-02 1.00000000e+00
402 P st 1 cl 0 sigma 0.17627  G 7.45058060e-02 -1.36446953e-01 4.46677208e-02 1.00000000e+00
402 P st 3 cl 0 sigma 0.17627  G -6.07013702e-02 1.42920017e-01 4.53352928e-02 1.00000000e+00
402 P st 5 cl 0 sigma 0.17627  G 8.34107399e-02 -6.46233559e-02 1.24448538e-01 1.00000000e+00
402 P st 6 cl 0 sigma 0.17627  G -1.01089478e-01 1.07836723e-01 6.67333603e-02 1.00000000e+00
402 P st 7 cl 0 sigma 0.17627  G 1.29127502e-01 9.62615013e-03 9.93072987e-02 1.00000000e+00
402 P st 8 cl 0 sigma 0.17627  G -5.68985939e-02 -1.01047754e-01 1.15925074e-01 1.00000000e+00
402 P st 9 cl 0 sigma 0.17627  G -6.90817833e-02 1.34623051e-01 5.77092171e-02 1.00000000e+00
402 S st 1 cl 1 sigma 0.13790  G 1.28912926e-01 -2.36010551e-01 7.72714615e-02 1.00000000e+00
402 S st 7 cl 1 sigma 0.13790  G 2.23398209e-01 1.66654587e-02 1.71804428e-01 1.00000000e+00
402 S st 8 cl 1 sigma 0.13790  G -9.84311104e-02 -1.74808502e-01 2.00557709e-01 1.00000000e+00
# EVENT 403  nrows 10  ncols 4  params[x y z ot]  hypo 0.8210 -5.5729 2.1285
403 P st 0 cl 0 sigma 0.17627  G -6.75678253e-02 1.37889385e-01 5.14388084e-02 1.00000000e+00
403 P st 1 cl 0 sigma 0.17627  G 7.57575035e-02 -1.41143799e-01 1.99079514e-02 1.00000000e+00
403 P st 3 cl 0 sigma 0.17627  G -6.23941422e-02 1.47056580e-01 2.42471695e-02 1.00000000e+00
403 P st 5 cl 0 sigma 0.17627  G 1.05929375e-01 -1.03276968e-01 6.94811344e-02 1.00000000e+00
403 P st 6 cl 0 sigma 0.17627  G -1.12736225e-01 1.09291077e-01 3.96847725e-02 1.00000000e+00
403 P st 7 cl 0 sigma 0.17627  G 1.52140856e-01 -1.53422356e-02 5.41269779e-02 1.00000000e+00
403 P st 8 cl 0 sigma 0.17627  G -4.99010086e-02 -1.41131878e-01 6.47127628e-02 1.00000000e+00
403 P st 9 cl 0 sigma 0.17627  G -7.34686852e-02 1.40368938e-01 3.28421593e-02 1.00000000e+00
403 S st 7 cl 1 sigma 0.13790  G 2.63202190e-01 -2.65359879e-02 9.36388969e-02 1.00000000e+00
403 S st 8 cl 1 sigma 0.13790  G -8.63313675e-02 -2.44140625e-01 1.11961365e-01 1.00000000e+00
# EVENT 404  nrows 10  ncols 4  params[x y z ot]  hypo 1.1745 -2.3756 4.2761
404 P st 0 cl 0 sigma 0.17627  G -4.48346138e-02 1.40750408e-01 6.49929047e-02 1.00000000e+00
404 P st 1 cl 0 sigma 0.17627  G 8.76426697e-02 -1.28507614e-01 4.27961349e-02 1.00000000e+00
404 P st 5 cl 0 sigma 0.17627  G 1.05130672e-01 -2.83420086e-02 1.19096041e-01 1.00000000e+00
404 P st 6 cl 0 sigma 0.17627  G -8.59737396e-02 1.24239922e-01 5.74231148e-02 1.00000000e+00
404 P st 7 cl 0 sigma 0.17627  G 1.33252144e-01 3.66330147e-02 8.18848610e-02 1.00000000e+00
404 P st 8 cl 0 sigma 0.17627  G -4.34339046e-02 -7.50541687e-02 1.33132935e-01 1.00000000e+00
404 P st 9 cl 0 sigma 0.17627  G -5.52535057e-02 1.43897533e-01 4.82201576e-02 1.00000000e+00
404 S st 1 cl 1 sigma 0.13790  G 1.51586533e-01 -2.22349167e-01 7.40528107e-02 1.00000000e+00
404 S st 6 cl 1 sigma 0.13790  G -1.48749352e-01 2.14934349e-01 9.93251801e-02 1.00000000e+00
404 S st 8 cl 1 sigma 0.13790  G -7.51376152e-02 -1.29854679e-01 2.30324268e-01 1.00000000e+00
# EVENT 405  nrows 10  ncols 4  params[x y z ot]  hypo 2.4499 0.0500 3.8294
405 P st 0 cl 0 sigma 0.17627  G -2.54273415e-02 1.51145458e-01 4.97102737e-02 1.00000000e+00
405 P st 1 cl 0 sigma 0.17627  G 1.06203556e-01 -1.14297867e-01 4.08053398e-02 1.00000000e+00
405 P st 5 cl 0 sigma 0.17627  G 1.23041868e-01 2.09510326e-02 9.88841057e-02 1.00000000e+00
405 P st 6 cl 0 sigma 0.17627  G -6.55293465e-02 1.40058994e-01 4.61816788e-02 1.00000000e+00
405 P st 7 cl 0 sigma 0.17627  G 1.33454800e-01 6.47187233e-02 6.16550446e-02 1.00000000e+00
405 P st 8 cl 0 sigma 0.17627  G -2.14159489e-02 -3.04341316e-02 1.56587362e-01 1.00000000e+00
405 P st 9 cl 0 sigma 0.17627  G -3.85880470e-02 1.51944160e-01 3.80277634e-02 1.00000000e+00
405 S st 0 cl 1 sigma 0.13790  G -4.39882278e-02 2.61473656e-01 8.59975815e-02 1.00000000e+00
405 S st 7 cl 1 sigma 0.13790  G 2.30884552e-01 1.11985207e-01 1.06668472e-01 1.00000000e+00
405 S st 8 cl 1 sigma 0.13790  G -3.70502472e-02 -5.26547432e-02 2.70879269e-01 1.00000000e+00
# EVENT 406  nrows 11  ncols 4  params[x y z ot]  hypo 0.9543 -4.6971 2.9168
406 P st 0 cl 0 sigma 0.17627  G -5.91993332e-02 1.38723850e-01 5.58853149e-02 1.00000000e+00
406 P st 1 cl 0 sigma 0.17627  G 7.91192055e-02 -1.38068199e-01 2.52604485e-02 1.00000000e+00
406 P st 5 cl 0 sigma 0.17627  G 1.08104944e-01 -8.27491283e-02 8.55863094e-02 1.00000000e+00
406 P st 6 cl 0 sigma 0.17627  G -1.03640556e-01 1.14059448e-01 4.53233719e-02 1.00000000e+00
406 P st 7 cl 0 sigma 0.17627  G 1.46925449e-01 7.68899918e-04 6.30915165e-02 1.00000000e+00
406 P st 8 cl 0 sigma 0.17627  G -4.86254692e-02 -1.26594305e-01 8.47458839e-02 1.00000000e+00
406 P st 9 cl 0 sigma 0.17627  G -6.72221184e-02 1.41537189e-01 3.75032425e-02 1.00000000e+00
406 S st 1 cl 1 sigma 0.13790  G 1.36899948e-01 -2.38847733e-01 4.36782837e-02 1.00000000e+00
406 S st 6 cl 1 sigma 0.13790  G -1.79314613e-01 1.97315216e-01 7.84158707e-02 1.00000000e+00
406 S st 7 cl 1 sigma 0.13790  G 2.54189968e-01 1.33514404e-03 1.09136105e-01 1.00000000e+00
406 S st 8 cl 1 sigma 0.13790  G -8.41379166e-02 -2.19011307e-01 1.46603584e-01 1.00000000e+00
# EVENT 407  nrows 11  ncols 4  params[x y z ot]  hypo 1.5062 -3.8753 3.9625
407 P st 1 cl 0 sigma 0.17627  G 8.44955444e-02 -1.32465363e-01 3.50236893e-02 1.00000000e+00
407 P st 5 cl 0 sigma 0.17627  G 1.08665228e-01 -5.79237938e-02 1.02913380e-01 1.00000000e+00
407 P st 6 cl 0 sigma 0.17627  G -9.13143158e-02 1.18851662e-01 5.79237938e-02 1.00000000e+00
407 P st 7 cl 0 sigma 0.17627  G 1.40047073e-01 1.35660172e-02 7.46488571e-02 1.00000000e+00
407 P st 8 cl 0 sigma 0.17627  G -3.56554985e-02 -1.05977058e-01 1.13755465e-01 1.00000000e+00
407 P st 9 cl 0 sigma 0.17627  G -5.73992729e-02 1.42514706e-01 4.79340553e-02 1.00000000e+00
407 S st 1 cl 1 sigma 0.13790  G 1.46174431e-01 -2.29144096e-01 6.05821609e-02 1.00000000e+00
407 S st 6 cl 1 sigma 0.13790  G -1.57976151e-01 2.05612183e-01 1.00207329e-01 1.00000000e+00
407 S st 7 cl 1 sigma 0.13790  G 2.42245197e-01 2.34603882e-02 1.29127502e-01 1.00000000e+00
407 S st 8 cl 1 sigma 0.13790  G -6.16788864e-02 -1.83331966e-01 1.96802616e-01 1.00000000e+00
407 S st 9 cl 1 sigma 0.13790  G -9.93013382e-02 2.46572495e-01 8.28981400e-02 1.00000000e+00
# EVENT 408  nrows 11  ncols 4  params[x y z ot]  hypo 2.5793 -2.4868 3.3317
408 P st 0 cl 0 sigma 0.17627  G -2.90274620e-02 1.48820877e-01 5.43355942e-02 1.00000000e+00
408 P st 1 cl 0 sigma 0.17627  G 9.68217850e-02 -1.25026703e-01 3.14235687e-02 1.00000000e+00
408 P st 5 cl 0 sigma 0.17627  G 1.31750107e-01 -3.00347805e-02 8.82506371e-02 1.00000000e+00
408 P st 6 cl 0 sigma 0.17627  G -7.58171082e-02 1.33645535e-01 4.87685204e-02 1.00000000e+00
408 P st 7 cl 0 sigma 0.17627  G 1.46353245e-01 3.29613686e-02 5.87582588e-02 1.00000000e+00
408 P st 8 cl 0 sigma 0.17627  G -1.60813332e-02 -9.66608524e-02 1.28799677e-01 1.00000000e+00
408 P st 9 cl 0 sigma 0.17627  G -4.35590744e-02 1.50358677e-01 3.91483307e-02 1.00000000e+00
408 S st 1 cl 1 sigma 0.13790  G 1.67489052e-01 -2.16293335e-01 5.43594360e-02 1.00000000e+00
408 S st 6 cl 1 sigma 0.13790  G -1.31154060e-01 2.31170654e-01 8.43524933e-02 1.00000000e+00
408 S st 7 cl 1 sigma 0.13790  G 2.53212452e-01 5.70297241e-02 1.01661682e-01 1.00000000e+00
408 S st 9 cl 1 sigma 0.13790  G -7.53402710e-02 2.60090828e-01 6.77585602e-02 1.00000000e+00
# EVENT 409  nrows 12  ncols 4  params[x y z ot]  hypo 2.3740 -2.1607 2.6492
409 P st 0 cl 0 sigma 0.17627  G -3.16143036e-02 1.52373314e-01 4.53233719e-02 1.00000000e+00
409 P st 1 cl 0 sigma 0.17627  G 9.77277756e-02 -1.25658512e-01 2.72989273e-02 1.00000000e+00
409 P st 5 cl 0 sigma 0.17627  G 1.37060881e-01 -2.50875950e-02 8.22722912e-02 1.00000000e+00
409 P st 6 cl 0 sigma 0.17627  G -7.75694847e-02 1.36280060e-01 4.04596329e-02 1.00000000e+00
409 P st 7 cl 0 sigma 0.17627  G 1.48785114e-01 3.91602516e-02 5.16533852e-02 1.00000000e+00
409 P st 8 cl 0 sigma 0.17627  G -2.35140324e-02 -9.53793526e-02 1.27214193e-01 1.00000000e+00
409 P st 9 cl 0 sigma 0.17627  G -4.50968742e-02 1.51717663e-01 3.24606895e-02 1.00000000e+00
409 S st 0 cl 1 sigma 0.13790  G -5.46932220e-02 2.63595581e-01 7.84158707e-02 1.00000000e+00
409 S st 6 cl 1 sigma 0.13790  G -1.34205818e-01 2.35772133e-01 6.99758530e-02 1.00000000e+00
409 S st 7 cl 1 sigma 0.13790  G 2.57408619e-01 6.77585602e-02 8.93712044e-02 1.00000000e+00
409 S st 8 cl 1 sigma 0.13790  G -4.06742096e-02 -1.65009499e-01 2.20072269e-01 1.00000000e+00
409 S st 9 cl 1 sigma 0.13790  G -7.80105591e-02 2.62451172e-01 5.61714172e-02 1.00000000e+00
# EVENT 410  nrows 10  ncols 4  params[x y z ot]  hypo 1.3244 -3.6749 3.4631
410 P st 0 cl 0 sigma 0.17627  G -4.85062599e-02 1.40547752e-01 5.88297844e-02 1.00000000e+00
410 P st 1 cl 0 sigma 0.17627  G 8.46147537e-02 -1.33323669e-01 3.09586525e-02 1.00000000e+00
410 P st 5 cl 0 sigma 0.17627  G 1.10507011e-01 -5.66840172e-02 9.80496407e-02 1.00000000e+00
410 P st 6 cl 0 sigma 0.17627  G -9.30309296e-02 1.20615959e-01 5.00440598e-02 1.00000000e+00
410 P st 7 cl 0 sigma 0.17627  G 1.43522024e-01 1.74760818e-02 6.83248043e-02 1.00000000e+00
410 P st 8 cl 0 sigma 0.17627  G -4.27603722e-02 -1.09940767e-01 1.08826160e-01 1.00000000e+00
410 P st 9 cl 0 sigma 0.17627  G -5.89847565e-02 1.43718719e-01 4.12702560e-02 1.00000000e+00
410 S st 6 cl 1 sigma 0.13790  G -1.60932541e-01 2.08663940e-01 8.65459442e-02 1.00000000e+00
410 S st 7 cl 1 sigma 0.13790  G 2.48289108e-01 3.02433968e-02 1.18184090e-01 1.00000000e+00
410 S st 8 cl 1 sigma 0.13790  G -7.39693642e-02 -1.90186501e-01 1.88267231e-01 1.00000000e+00
# EVENT 411  nrows 11  ncols 4  params[x y z ot]  hypo 2.7943 -0.4125 3.5336
411 P st 0 cl 0 sigma 0.17627  G -2.25067139e-02 1.52146816e-01 5.17010689e-02 1.00000000e+00
411 P st 1 cl 0 sigma 0.17627  G 1.06477737e-01 -1.15454197e-01 3.93390656e-02 1.00000000e+00
411 P st 5 cl 0 sigma 0.17627  G 1.32352114e-01 1.21474266e-02 9.55402851e-02 1.00000000e+00
411 P st 6 cl 0 sigma 0.17627  G -6.43849373e-02 1.40619278e-01 4.81128693e-02 1.00000000e+00
411 P st 7 cl 0 sigma 0.17627  G 1.39093399e-01 5.88774681e-02 6.09874725e-02 1.00000000e+00
411 P st 8 cl 0 sigma 0.17627  G -1.28686428e-02 -5.07533550e-02 1.54739618e-01 1.00000000e+00
411 P st 9 cl 0 sigma 0.17627  G -3.66806984e-02 1.52575970e-01 3.93033028e-02 1.00000000e+00
411 S st 1 cl 1 sigma 0.13790  G 1.84249878e-01 -1.99723244e-01 6.80685043e-02 1.00000000e+00
411 S st 6 cl 1 sigma 0.13790  G -1.11365318e-01 2.43282318e-01 8.32557678e-02 1.00000000e+00
411 S st 7 cl 1 sigma 0.13790  G 2.40659714e-01 1.01900101e-01 1.05547905e-01 1.00000000e+00
411 S st 8 cl 1 sigma 0.13790  G -2.22802162e-02 -8.77976418e-02 2.67696381e-01 1.00000000e+00
# EVENT 412  nrows 12  ncols 4  params[x y z ot]  hypo 2.1531 -0.8936 2.9005
412 P st 0 cl 0 sigma 0.17627  G -3.11374664e-02 1.52528286e-01 4.02569771e-02 1.00000000e+00
412 P st 1 cl 0 sigma 0.17627  G 1.01721287e-01 -1.21450424e-01 2.92897224e-02 1.00000000e+00
412 P st 5 cl 0 sigma 0.17627  G 1.34450197e-01 2.91466713e-03 8.61287117e-02 1.00000000e+00
412 P st 6 cl 0 sigma 0.17627  G -7.32183456e-02 1.38616562e-01 3.65138054e-02 1.00000000e+00
412 P st 7 cl 0 sigma 0.17627  G 1.41525269e-01 5.68270683e-02 5.06401062e-02 1.00000000e+00
412 P st 8 cl 0 sigma 0.17627  G -3.30328941e-02 -6.38663769e-02 1.42854452e-01 1.00000000e+00
412 P st 9 cl 0 sigma 0.17627  G -4.37617302e-02 1.52170658e-01 2.97188759e-02 1.00000000e+00
412 S st 1 cl 1 sigma 0.13790  G 1.75952911e-01 -2.10118294e-01 5.06639481e-02 1.00000000e+00
412 S st 6 cl 1 sigma 0.13790  G -1.26695633e-01 2.39801407e-01 6.31809235e-02 1.00000000e+00
412 S st 7 cl 1 sigma 0.13790  G 2.44820118e-01 9.82999802e-02 8.75949860e-02 1.00000000e+00
412 S st 8 cl 1 sigma 0.13790  G -5.71608543e-02 -1.10483170e-01 2.47144699e-01 1.00000000e+00
412 S st 9 cl 1 sigma 0.13790  G -7.57217407e-02 2.63237953e-01 5.14268875e-02 1.00000000e+00
# EVENT 413  nrows 10  ncols 4  params[x y z ot]  hypo 2.5462 -3.5120 4.6414
413 P st 0 cl 0 sigma 0.17627  G -3.00407410e-02 1.37794018e-01 7.96079636e-02 1.00000000e+00
413 P st 1 cl 0 sigma 0.17627  G 9.09924507e-02 -1.26254559e-01 4.30464745e-02 1.00000000e+00
413 P st 5 cl 0 sigma 0.17627  G 1.12301111e-01 -4.37319279e-02 1.07109547e-01 1.00000000e+00
413 P st 6 cl 0 sigma 0.17627  G -7.74025917e-02 1.22642517e-01 7.15613365e-02 1.00000000e+00
413 P st 7 cl 0 sigma 0.17627  G 1.40738487e-01 1.73330307e-02 7.98821449e-02 1.00000000e+00
413 P st 8 cl 0 sigma 0.17627  G -1.32322311e-02 -9.70005989e-02 1.30128860e-01 1.00000000e+00
413 P st 9 cl 0 sigma 0.17627  G -4.52995300e-02 1.44147873e-01 5.87940216e-02 1.00000000e+00
413 S st 1 cl 1 sigma 0.13790  G 1.57380104e-01 -2.18439102e-01 7.44342804e-02 1.00000000e+00
413 S st 7 cl 1 sigma 0.13790  G 2.43449211e-01 2.99811363e-02 1.38151646e-01 1.00000000e+00
413 S st 8 cl 1 sigma 0.13790  G -2.29001045e-02 -1.67834759e-01 2.25114822e-01 1.00000000e+00
# EVENT 414  nrows 11  ncols 4  params[x y z ot]  hypo 0.8230 -3.6555 0.5978
414 P st 0 cl 0 sigma 0.17627  G -5.91635704e-02 1.49774551e-01 1.28984451e-02 1.00000000e+00
414 P st 1 cl 0 sigma 0.17627  G 8.32080841e-02 -1.37960911e-01 7.64131546e-03 1.00000000e+00
414 P st 5 cl 0 sigma 0.17627  G 1.38276815e-01 -7.79867172e-02 3.44693661e-02 1.00000000e+00
414 P st 6 cl 0 sigma 0.17627  G -1.02329254e-01 1.24382973e-01 1.09672546e-02 1.00000000e+00
414 P st 7 cl 0 sigma 0.17627  G 1.59442425e-01 2.09748745e-02 1.70528889e-02 1.00000000e+00
414 P st 8 cl 0 sigma 0.17627  G -7.05182552e-02 -1.42037868e-01 3.62396240e-02 1.00000000e+00
414 P st 9 cl 0 sigma 0.17627  G -6.58154488e-02 1.47032738e-01 9.42945480e-03 1.00000000e+00
414 S st 6 cl 1 sigma 0.13790  G -1.77001953e-01 2.15196609e-01 1.89781189e-02 1.00000000e+00
414 S st 7 cl 1 sigma 0.13790  G 2.75826454e-01 3.62873077e-02 2.95281410e-02 1.00000000e+00
414 S st 8 cl 1 sigma 0.13790  G -1.21974945e-01 -2.45714188e-01 6.26921654e-02 1.00000000e+00
414 S st 9 cl 1 sigma 0.13790  G -1.13868713e-01 2.54392624e-01 1.63316727e-02 1.00000000e+00
# EVENT 415  nrows 12  ncols 4  params[x y z ot]  hypo 1.2609 -4.0802 3.9825
415 P st 0 cl 0 sigma 0.17627  G -5.00559807e-02 1.36506557e-01 6.82115555e-02 1.00000000e+00
415 P st 1 cl 0 sigma 0.17627  G 8.22424889e-02 -1.33824348e-01 3.49402428e-02 1.00000000e+00
415 P st 5 cl 0 sigma 0.17627  G 1.01143122e-01 -6.05583191e-02 1.04308128e-01 1.00000000e+00
415 P st 6 cl 0 sigma 0.17627  G -9.44852829e-02 1.16240978e-01 5.79714775e-02 1.00000000e+00
415 P st 7 cl 0 sigma 0.17627  G 1.40130520e-01 1.06573105e-02 7.66873360e-02 1.00000000e+00
415 P st 8 cl 0 sigma 0.17627  G -3.94880772e-02 -1.07014179e-01 1.10417604e-01 1.00000000e+00
415 P st 9 cl 0 sigma 0.17627  G -6.02245331e-02 1.40619278e-01 4.82559204e-02 1.00000000e+00
415 S st 1 cl 1 sigma 0.13790  G 1.42288208e-01 -2.31504440e-01 6.04391098e-02 1.00000000e+00
415 S st 6 cl 1 sigma 0.13790  G -1.63459778e-01 2.01106071e-01 1.00278854e-01 1.00000000e+00
415 S st 7 cl 1 sigma 0.13790  G 2.42424011e-01 1.84297562e-02 1.32691860e-01 1.00000000e+00
415 S st 8 cl 1 sigma 0.13790  G -6.82950020e-02 -1.85132027e-01 1.91020966e-01 1.00000000e+00
415 S st 9 cl 1 sigma 0.13790  G -1.04188919e-01 2.43258476e-01 8.34703445e-02 1.00000000e+00
# EVENT 416  nrows 11  ncols 4  params[x y z ot]  hypo 1.7715 -2.9579 4.3539
416 P st 0 cl 0 sigma 0.17627  G -3.93509865e-02 1.40619278e-01 6.90579414e-02 1.00000000e+00
416 P st 1 cl 0 sigma 0.17627  G 8.90374184e-02 -1.28078461e-01 4.08053398e-02 1.00000000e+00
416 P st 5 cl 0 sigma 0.17627  G 1.07550621e-01 -3.70681286e-02 1.10846758e-01 1.00000000e+00
416 P st 6 cl 0 sigma 0.17627  G -8.31484795e-02 1.23560429e-01 6.11782074e-02 1.00000000e+00
416 P st 7 cl 0 sigma 0.17627  G 1.37329102e-01 2.66075134e-02 7.85112381e-02 1.00000000e+00
416 P st 8 cl 0 sigma 0.17627  G -3.07679176e-02 -8.86261463e-02 1.30009651e-01 1.00000000e+00
416 P st 9 cl 0 sigma 0.17627  G -5.14268875e-02 1.43921375e-01 5.06997108e-02 1.00000000e+00
416 S st 1 cl 1 sigma 0.13790  G 1.54042244e-01 -2.21586227e-01 7.05957413e-02 1.00000000e+00
416 S st 6 cl 1 sigma 0.13790  G -1.43885612e-01 2.13742256e-01 1.05810165e-01 1.00000000e+00
416 S st 7 cl 1 sigma 0.13790  G 2.37584114e-01 4.60505486e-02 1.35838985e-01 1.00000000e+00
416 S st 8 cl 1 sigma 0.13790  G -5.32269478e-02 -1.53315067e-01 2.24924088e-01 1.00000000e+00
# EVENT 417  nrows 10  ncols 4  params[x y z ot]  hypo 1.8773 -4.2870 2.2098
417 P st 0 cl 0 sigma 0.17627  G -4.56809998e-02 1.48117542e-01 4.65393066e-02 1.00000000e+00
417 P st 1 cl 0 sigma 0.17627  G 8.67128372e-02 -1.34515762e-01 2.05159187e-02 1.00000000e+00
417 P st 5 cl 0 sigma 0.17627  G 1.27774477e-01 -7.28785992e-02 6.87479973e-02 1.00000000e+00
417 P st 6 cl 0 sigma 0.17627  G -9.52482224e-02 1.24979019e-01 3.85999680e-02 1.00000000e+00
417 P st 7 cl 0 sigma 0.17627  G 1.54364109e-01 7.53402710e-03 4.74750996e-02 1.00000000e+00
417 P st 8 cl 0 sigma 0.17627  G -3.30328941e-02 -1.36840343e-01 8.27729702e-02 1.00000000e+00
417 P st 9 cl 0 sigma 0.17627  G -5.72085381e-02 1.48010254e-01 3.07679176e-02 1.00000000e+00
417 S st 6 cl 1 sigma 0.13790  G -1.64794922e-01 2.16245651e-01 6.67810440e-02 1.00000000e+00
417 S st 7 cl 1 sigma 0.13790  G 2.67040730e-01 1.30176544e-02 8.21471214e-02 1.00000000e+00
417 S st 9 cl 1 sigma 0.13790  G -9.89675522e-02 2.56037712e-01 5.32150269e-02 1.00000000e+00
# EVENT 418  nrows 11  ncols 4  params[x y z ot]  hypo 0.9419 -3.8124 2.8237
418 P st 0 cl 0 sigma 0.17627  G -5.53131104e-02 1.42085552e-01 5.10573387e-02 1.00000000e+00
418 P st 1 cl 0 sigma 0.17627  G 8.22782516e-02 -1.36089325e-01 2.63929367e-02 1.00000000e+00
418 P st 5 cl 0 sigma 0.17627  G 1.14941597e-01 -6.69717789e-02 9.23812389e-02 1.00000000e+00
418 P st 6 cl 0 sigma 0.17627  G -9.90033150e-02 1.20198727e-01 4.25100327e-02 1.00000000e+00
418 P st 7 cl 0 sigma 0.17627  G 1.46758556e-01 1.62720680e-02 6.27875328e-02 1.00000000e+00
418 P st 8 cl 0 sigma 0.17627  G -5.28216362e-02 -1.15787983e-01 9.59217548e-02 1.00000000e+00
418 P st 9 cl 0 sigma 0.17627  G -6.38246536e-02 1.43778324e-01 3.51428986e-02 1.00000000e+00
418 S st 1 cl 1 sigma 0.13790  G 1.42335892e-01 -2.35462189e-01 4.56333160e-02 1.00000000e+00
418 S st 6 cl 1 sigma 0.13790  G -1.71279907e-01 2.07948685e-01 7.35521317e-02 1.00000000e+00
418 S st 7 cl 1 sigma 0.13790  G 2.53891945e-01 2.81691551e-02 1.08611584e-01 1.00000000e+00
418 S st 9 cl 1 sigma 0.13790  G -1.10411644e-01 2.48742104e-01 6.08205795e-02 1.00000000e+00
# EVENT 419  nrows 10  ncols 4  params[x y z ot]  hypo 2.5563 -0.4387 3.5543
419 P st 0 cl 0 sigma 0.17627  G -2.52246857e-02 1.51634216e-01 5.16653061e-02 1.00000000e+00
419 P st 1 cl 0 sigma 0.17627  G 1.05082989e-01 -1.16646290e-01 3.96966934e-02 1.00000000e+00
419 P st 5 cl 0 sigma 0.17627  G 1.27720833e-01 1.16407871e-02 9.83595848e-02 1.00000000e+00
419 P st 6 cl 0 sigma 0.17627  G -6.68287277e-02 1.39939785e-01 4.78506088e-02 1.00000000e+00
419 P st 7 cl 0 sigma 0.17627  G 1.37662888e-01 5.93066216e-02 6.22749329e-02 1.00000000e+00
419 P st 8 cl 0 sigma 0.17627  G -1.96456909e-02 -4.83512878e-02 1.53928995e-01 1.00000000e+00
419 P st 9 cl 0 sigma 0.17627  G -3.88503075e-02 1.52266026e-01 3.92198563e-02 1.00000000e+00
419 S st 1 cl 1 sigma 0.13790  G 1.81818008e-01 -2.01797485e-01 6.86645508e-02 1.00000000e+00
419 S st 6 cl 1 sigma 0.13790  G -1.15609169e-01 2.42066383e-01 8.28027725e-02 1.00000000e+00
419 S st 7 cl 1 sigma 0.13790  G 2.38144398e-01 1.02615356e-01 1.07741356e-01 1.00000000e+00
# EVENT 420  nrows 10  ncols 4  params[x y z ot]  hypo 0.9335 -4.5279 4.7373
420 P st 0 cl 0 sigma 0.17627  G -5.36918640e-02 1.27506256e-01 8.29458237e-02 1.00000000e+00
420 P st 1 cl 0 sigma 0.17627  G 7.77602196e-02 -1.34551525e-01 4.30822372e-02 1.00000000e+00
420 P st 5 cl 0 sigma 0.17627  G 8.84771347e-02 -6.48856163e-02 1.16372108e-01 1.00000000e+00
420 P st 6 cl 0 sigma 0.17627  G -9.71555710e-02 1.08766556e-01 7.06553459e-02 1.00000000e+00
420 P st 7 cl 0 sigma 0.17627  G 1.31487846e-01 3.34978104e-03 9.26971436e-02 1.00000000e+00
420 P st 8 cl 0 sigma 0.17627  G -4.24325466e-02 -1.06251240e-01 1.15793943e-01 1.00000000e+00
420 P st 9 cl 0 sigma 0.17627  G -6.37769699e-02 1.35672092e-01 6.02841377e-02 1.00000000e+00
420 S st 6 cl 1 sigma 0.13790  G -1.68085098e-01 1.88159943e-01 1.22237206e-01 1.00000000e+00
420 S st 7 cl 1 sigma 0.13790  G 2.27475166e-01 5.80549240e-03 1.60372257e-01 1.00000000e+00
420 S st 8 cl 1 sigma 0.13790  G -7.34210014e-02 -1.83808804e-01 2.00331211e-01 1.00000000e+00
# EVENT 421  nrows 11  ncols 4  params[x y z ot]  hypo 0.8248 -3.9626 4.3805
421 P st 0 cl 0 sigma 0.17627  G -5.38825989e-02 1.32203102e-01 7.30514526e-02 1.00000000e+00
421 P st 1 cl 0 sigma 0.17627  G 7.93933868e-02 -1.34229660e-01 4.00543213e-02 1.00000000e+00
421 P st 5 cl 0 sigma 0.17627  G 9.60350037e-02 -6.04391098e-02 1.15519762e-01 1.00000000e+00
421 P st 6 cl 0 sigma 0.17627  G -9.63807106e-02 1.13391876e-01 6.22749329e-02 1.00000000e+00
421 P st 7 cl 0 sigma 0.17627  G 1.34074688e-01 1.26481056e-02 8.70645046e-02 1.00000000e+00
421 P st 8 cl 0 sigma 0.17627  G -4.76837158e-02 -1.02329254e-01 1.15656853e-01 1.00000000e+00
421 P st 9 cl 0 sigma 0.17627  G -6.33358955e-02 1.38270855e-01 5.27858734e-02 1.00000000e+00
421 S st 1 cl 1 sigma 0.13790  G 1.37376785e-01 -2.32172012e-01 6.92605972e-02 1.00000000e+00
421 S st 6 cl 1 sigma 0.13790  G -1.66726112e-01 1.96170807e-01 1.07717514e-01 1.00000000e+00
421 S st 7 cl 1 sigma 0.13790  G 2.31945515e-01 2.18749046e-02 1.50620937e-01 1.00000000e+00
421 S st 8 cl 1 sigma 0.13790  G -8.24689865e-02 -1.77025795e-01 2.00080872e-01 1.00000000e+00
# EVENT 422  nrows 11  ncols 4  params[x y z ot]  hypo 0.4996 -4.7326 2.4620
422 P st 0 cl 0 sigma 0.17627  G -6.64472580e-02 1.38485432e-01 4.60386276e-02 1.00000000e+00
422 P st 5 cl 0 sigma 0.17627  G 1.04910135e-01 -8.95678997e-02 7.92562962e-02 1.00000000e+00
422 P st 6 cl 0 sigma 0.17627  G -1.08873844e-01 1.12628937e-01 3.64780426e-02 1.00000000e+00
422 P st 7 cl 0 sigma 0.17627  G 1.48755312e-01 1.54972076e-04 5.68389893e-02 1.00000000e+00
422 P st 8 cl 0 sigma 0.17627  G -5.89728355e-02 -1.28185749e-01 7.17043877e-02 1.00000000e+00
422 P st 9 cl 0 sigma 0.17627  G -7.22050667e-02 1.40583515e-01 3.03626060e-02 1.00000000e+00
422 S st 0 cl 1 sigma 0.13790  G -1.14965439e-01 2.39562988e-01 7.96556473e-02 1.00000000e+00
422 S st 6 cl 1 sigma 0.13790  G -1.88374519e-01 1.94859505e-01 6.30855560e-02 1.00000000e+00
422 S st 7 cl 1 sigma 0.13790  G 2.57337093e-01 2.74181366e-04 9.83357430e-02 1.00000000e+00
422 S st 8 cl 1 sigma 0.13790  G -1.02019310e-01 -2.21776962e-01 1.24037266e-01 1.00000000e+00
422 S st 9 cl 1 sigma 0.13790  G -1.24931335e-01 2.43186951e-01 5.25474548e-02 1.00000000e+00
# EVENT 423  nrows 10  ncols 4  params[x y z ot]  hypo 2.0737 -0.8502 3.7439
423 P st 0 cl 0 sigma 0.17627  G -3.12328339e-02 1.49273872e-01 5.29646873e-02 1.00000000e+00
423 P st 1 cl 0 sigma 0.17627  G 1.00266933e-01 -1.20234489e-01 3.97086143e-02 1.00000000e+00
423 P st 5 cl 0 sigma 0.17627  G 1.20699406e-01 3.49879265e-03 1.04659796e-01 1.00000000e+00
423 P st 6 cl 0 sigma 0.17627  G -7.23600388e-02 1.35803223e-01 4.83870506e-02 1.00000000e+00
423 P st 7 cl 0 sigma 0.17627  G 1.36530399e-01 5.58972359e-02 6.58273697e-02 1.00000000e+00
423 P st 8 cl 0 sigma 0.17627  G -3.10242176e-02 -5.44071198e-02 1.48808956e-01 1.00000000e+00
423 P st 9 cl 0 sigma 0.17627  G -4.38094139e-02 1.50156021e-01 3.98874283e-02 1.00000000e+00
423 S st 1 cl 1 sigma 0.13790  G 1.73473358e-01 -2.08020210e-01 6.86883926e-02 1.00000000e+00
423 S st 6 cl 1 sigma 0.13790  G -1.25193596e-01 2.34913826e-01 8.36849213e-02 1.00000000e+00
423 S st 7 cl 1 sigma 0.13790  G 2.36189365e-01 9.67144966e-02 1.13892555e-01 1.00000000e+00
# EVENT 424  nrows 13  ncols 4  params[x y z ot]  hypo 2.0615 -1.9158 1.6290
424 P st 0 cl 0 sigma 0.17627  G -3.56674194e-02 1.55174732e-01 2.82406807e-02 1.00000000e+00
424 P st 1 cl 0 sigma 0.17627  G 9.77873802e-02 -1.27172470e-01 1.77264214e-02 1.00000000e+00
424 P st 3 cl 0 sigma 0.17627  G -4.30107117e-02 1.54757500e-01 1.57117844e-02 1.00000000e+00
424 P st 4 cl 0 sigma 0.17627  G 3.57866287e-02 1.56033039e-01 2.20894814e-02 1.00000000e+00
424 P st 5 cl 0 sigma 0.17627  G 1.47032738e-01 -2.22384930e-02 6.31392002e-02 1.00000000e+00
424 P st 6 cl 0 sigma 0.17627  G -8.05974007e-02 1.37865543e-01 2.49266624e-02 1.00000000e+00
424 P st 7 cl 0 sigma 0.17627  G 1.51562691e-01 4.51207161e-02 3.46899033e-02 1.00000000e+00
424 P st 8 cl 0 sigma 0.17627  G -4.05848026e-02 -1.09350681e-01 1.14053488e-01 1.00000000e+00
424 P st 9 cl 0 sigma 0.17627  G -4.78982925e-02 1.52921677e-01 2.00986862e-02 1.00000000e+00
424 S st 1 cl 1 sigma 0.13790  G 1.69157982e-01 -2.20012665e-01 3.06606293e-02 1.00000000e+00
424 S st 6 cl 1 sigma 0.13790  G -1.39427185e-01 2.38513947e-01 4.31299210e-02 1.00000000e+00
424 S st 7 cl 1 sigma 0.13790  G 2.62212753e-01 7.80701637e-02 6.00218773e-02 1.00000000e+00
424 S st 8 cl 1 sigma 0.13790  G -7.02142715e-02 -1.89167261e-01 1.97327137e-01 1.00000000e+00
# EVENT 425  nrows 11  ncols 4  params[x y z ot]  hypo 0.6288 -2.2709 4.8893
425 P st 1 cl 0 sigma 0.17627  G 8.34584236e-02 -1.28757954e-01 4.84347343e-02 1.00000000e+00
425 P st 3 cl 0 sigma 0.17627  G -5.26189804e-02 1.46317482e-01 4.15563583e-02 1.00000000e+00
425 P st 4 cl 0 sigma 0.17627  G 1.96456909e-02 1.48522854e-01 5.95808029e-02 1.00000000e+00
425 P st 5 cl 0 sigma 0.17627  G 9.24229622e-02 -2.57909298e-02 1.29532814e-01 1.00000000e+00
425 P st 6 cl 0 sigma 0.17627  G -8.79406929e-02 1.19554996e-01 6.11066818e-02 1.00000000e+00
425 P st 7 cl 0 sigma 0.17627  G 1.24454498e-01 3.81469727e-02 9.21368599e-02 1.00000000e+00
425 P st 8 cl 0 sigma 0.17627  G -5.34176826e-02 -7.02977180e-02 1.34438276e-01 1.00000000e+00
425 S st 1 cl 1 sigma 0.13790  G 1.44410133e-01 -2.22754478e-01 8.37802887e-02 1.00000000e+00
425 S st 3 cl 1 sigma 0.13790  G -9.10758972e-02 2.53129005e-01 7.19070435e-02 1.00000000e+00
425 S st 6 cl 1 sigma 0.13790  G -1.52134895e-01 2.06804276e-01 1.05738640e-01 1.00000000e+00
425 S st 8 cl 1 sigma 0.13790  G -9.24110413e-02 -1.21605396e-01 2.32589245e-01 1.00000000e+00
# EVENT 426  nrows 13  ncols 4  params[x y z ot]  hypo 0.3230 -4.3725 5.9308
426 P st 0 cl 0 sigma 0.17627  G -5.71846962e-02 1.19090080e-01 8.89778137e-02 1.00000000e+00
426 P st 1 cl 0 sigma 0.17627  G 7.30037689e-02 -1.33752823e-01 4.90427017e-02 1.00000000e+00
426 P st 3 cl 0 sigma 0.17627  G -5.91635704e-02 1.39653683e-01 5.10334969e-02 1.00000000e+00
426 P st 4 cl 0 sigma 0.17627  G 1.78337097e-02 1.37305260e-01 7.72953033e-02 1.00000000e+00
426 P st 5 cl 0 sigma 0.17627  G 7.21812248e-02 -5.80012798e-02 1.30069256e-01 1.00000000e+00
426 P st 6 cl 0 sigma 0.17627  G -9.67621803e-02 1.02174282e-01 7.53879547e-02 1.00000000e+00
426 P st 7 cl 0 sigma 0.17627  G 1.16813183e-01 5.55515289e-03 1.08897686e-01 1.00000000e+00
426 P st 8 cl 0 sigma 0.17627  G -4.78267670e-02 -9.14752483e-02 1.23286247e-01 1.00000000e+00
426 P st 9 cl 0 sigma 0.17627  G -6.65068626e-02 1.29663944e-01 6.51597977e-02 1.00000000e+00
426 S st 1 cl 1 sigma 0.13790  G 1.26266479e-01 -2.31409073e-01 8.48531723e-02 1.00000000e+00
426 S st 3 cl 1 sigma 0.13790  G -1.02305412e-01 2.41565704e-01 8.83102417e-02 1.00000000e+00
426 S st 6 cl 1 sigma 0.13790  G -1.67393684e-01 1.76763535e-01 1.30414963e-01 1.00000000e+00
426 S st 7 cl 1 sigma 0.13790  G 2.02095509e-01 9.60826874e-03 1.88386440e-01 1.00000000e+00
# EVENT 427  nrows 13  ncols 4  params[x y z ot]  hypo 0.5686 -4.8724 1.7016
427 P st 0 cl 0 sigma 0.17627  G -6.81281090e-02 1.42085552e-01 3.69548798e-02 1.00000000e+00
427 P st 1 cl 0 sigma 0.17627  G 7.67230988e-02 -1.41012669e-01 1.60932541e-02 1.00000000e+00
427 P st 3 cl 0 sigma 0.17627  G -6.22987747e-02 1.47795677e-01 1.79052353e-02 1.00000000e+00
427 P st 4 cl 0 sigma 0.17627  G 2.47001648e-02 1.56867504e-01 2.96115875e-02 1.00000000e+00
427 P st 5 cl 0 sigma 0.17627  G 1.11389160e-01 -9.71376896e-02 6.46233559e-02 1.00000000e+00
427 P st 6 cl 0 sigma 0.17627  G -1.11091137e-01 1.13976002e-01 2.87175179e-02 1.00000000e+00
427 P st 7 cl 0 sigma 0.17627  G 1.55180693e-01 -2.53915787e-03 4.50611115e-02 1.00000000e+00
427 P st 8 cl 0 sigma 0.17627  G -6.01112843e-02 -1.37555599e-01 5.81443310e-02 1.00000000e+00
427 P st 9 cl 0 sigma 0.17627  G -7.30395317e-02 1.42121315e-01 2.37822533e-02 1.00000000e+00
427 S st 1 cl 1 sigma 0.13790  G 1.32727623e-01 -2.43949890e-01 2.78711319e-02 1.00000000e+00
427 S st 6 cl 1 sigma 0.13790  G -1.92165375e-01 1.97196007e-01 4.96864319e-02 1.00000000e+00
427 S st 7 cl 1 sigma 0.13790  G 2.68447399e-01 -4.38690186e-03 7.79509544e-02 1.00000000e+00
427 S st 9 cl 1 sigma 0.13790  G -1.26361847e-01 2.45857239e-01 4.11748886e-02 1.00000000e+00
# EVENT 428  nrows 10  ncols 4  params[x y z ot]  hypo 0.5451 -5.6664 4.1341
428 P st 1 cl 0 sigma 0.17627  G 7.23361969e-02 -1.39594078e-01 3.72052193e-02 1.00000000e+00
428 P st 4 cl 0 sigma 0.17627  G 2.40564346e-02 1.44040585e-01 7.09176064e-02 1.00000000e+00
428 P st 5 cl 0 sigma 0.17627  G 8.33034515e-02 -8.80897045e-02 1.06018782e-01 1.00000000e+00
428 P st 6 cl 0 sigma 0.17627  G -1.07800961e-01 9.96589661e-02 6.78062439e-02 1.00000000e+00
428 P st 7 cl 0 sigma 0.17627  G 1.35868788e-01 -1.57654285e-02 8.93175602e-02 1.00000000e+00
428 P st 8 cl 0 sigma 0.17627  G -4.71651554e-02 -1.21062994e-01 9.73165035e-02 1.00000000e+00
428 P st 9 cl 0 sigma 0.17627  G -7.29322433e-02 1.32071972e-01 5.84721565e-02 1.00000000e+00
428 S st 1 cl 1 sigma 0.13790  G 1.25098228e-01 -2.41494179e-01 6.43730164e-02 1.00000000e+00
428 S st 7 cl 1 sigma 0.13790  G 2.35044956e-01 -2.72631645e-02 1.54531002e-01 1.00000000e+00
428 S st 8 cl 1 sigma 0.13790  G -8.16106796e-02 -2.09438801e-01 1.68371201e-01 1.00000000e+00
# EVENT 429  nrows 13  ncols 4  params[x y z ot]  hypo -0.0256 -4.4130 4.4887
429 P st 0 cl 0 sigma 0.17627  G -6.55889511e-02 1.26016140e-01 7.33971596e-02 1.00000000e+00
429 P st 1 cl 0 sigma 0.17627  G 7.21573830e-02 -1.37960911e-01 4.01020050e-02 1.00000000e+00
429 P st 3 cl 0 sigma 0.17627  G -6.32882118e-02 1.42049789e-01 4.12344933e-02 1.00000000e+00
429 P st 4 cl 0 sigma 0.17627  G 1.47104263e-02 1.45947933e-01 6.42657280e-02 1.00000000e+00
429 P st 5 cl 0 sigma 0.17627  G 7.96616077e-02 -7.06911087e-02 1.20115280e-01 1.00000000e+00
429 P st 6 cl 0 sigma 0.17627  G -1.04415417e-01 1.05321407e-01 6.10947609e-02 1.00000000e+00
429 P st 7 cl 0 sigma 0.17627  G 1.26177073e-01 5.59091568e-03 9.52303410e-02 1.00000000e+00
429 P st 8 cl 0 sigma 0.17627  G -5.88476658e-02 -1.01023912e-01 1.07026100e-01 1.00000000e+00
429 P st 9 cl 0 sigma 0.17627  G -7.23600388e-02 1.33335590e-01 5.28573990e-02 1.00000000e+00
429 S st 1 cl 1 sigma 0.13790  G 1.24812126e-01 -2.38680840e-01 6.93559647e-02 1.00000000e+00
429 S st 4 cl 1 sigma 0.13790  G 2.54869461e-02 2.52485275e-01 1.11174583e-01 1.00000000e+00
429 S st 7 cl 1 sigma 0.13790  G 2.18296051e-01 9.67979431e-03 1.64771080e-01 1.00000000e+00
429 S st 8 cl 1 sigma 0.13790  G -1.01804733e-01 -1.74772739e-01 1.85155869e-01 1.00000000e+00
# EVENT 430  nrows 10  ncols 4  params[x y z ot]  hypo 0.8299 -4.5199 4.9353
430 P st 0 cl 0 sigma 0.17627  G -5.43236732e-02 1.25706196e-01 8.26001167e-02 1.00000000e+00
430 P st 4 cl 0 sigma 0.17627  G 2.48551369e-02 1.42073631e-01 6.99877739e-02 1.00000000e+00
430 P st 5 cl 0 sigma 0.17627  G 8.62360001e-02 -6.44922256e-02 1.17272139e-01 1.00000000e+00
430 P st 6 cl 0 sigma 0.17627  G -9.71198082e-02 1.07371807e-01 7.02381134e-02 1.00000000e+00
430 P st 7 cl 0 sigma 0.17627  G 1.29711628e-01 3.48091125e-03 9.36150551e-02 1.00000000e+00
430 P st 8 cl 0 sigma 0.17627  G -4.34100628e-02 -1.03706121e-01 1.15466118e-01 1.00000000e+00
430 P st 9 cl 0 sigma 0.17627  G -6.43134117e-02 1.34491920e-01 6.00814819e-02 1.00000000e+00
430 S st 4 cl 1 sigma 0.13790  G 4.30107117e-02 2.45785713e-01 1.21068954e-01 1.00000000e+00
430 S st 6 cl 1 sigma 0.13790  G -1.68013573e-01 1.85751915e-01 1.21521950e-01 1.00000000e+00
430 S st 7 cl 1 sigma 0.13790  G 2.24387646e-01 6.03199005e-03 1.61957741e-01 1.00000000e+00
# EVENT 431  nrows 14  ncols 4  params[x y z ot]  hypo 0.7297 -4.2831 4.1297
431 P st 0 cl 0 sigma 0.17627  G -5.72562218e-02 1.32608414e-01 7.47561455e-02 1.00000000e+00
431 P st 1 cl 0 sigma 0.17627  G 7.80224800e-02 -1.35958195e-01 3.95417213e-02 1.00000000e+00
431 P st 3 cl 0 sigma 0.17627  G -5.75900078e-02 1.45089626e-01 4.16278839e-02 1.00000000e+00
431 P st 4 cl 0 sigma 0.17627  G 2.40921974e-02 1.47688389e-01 6.30974770e-02 1.00000000e+00
431 P st 5 cl 0 sigma 0.17627  G 9.46700573e-02 -6.74545765e-02 1.14411116e-01 1.00000000e+00
431 P st 6 cl 0 sigma 0.17627  G -9.91821289e-02 1.11246109e-01 6.31809235e-02 1.00000000e+00
431 P st 7 cl 0 sigma 0.17627  G 1.36613846e-01 7.65919685e-03 8.80837440e-02 1.00000000e+00
431 P st 8 cl 0 sigma 0.17627  G -4.79638577e-02 -1.05237961e-01 1.12015009e-01 1.00000000e+00
431 P st 9 cl 0 sigma 0.17627  G -6.59108162e-02 1.38044357e-01 5.37037849e-02 1.00000000e+00
431 S st 1 cl 1 sigma 0.13790  G 1.35016441e-01 -2.35223770e-01 6.84261322e-02 1.00000000e+00
431 S st 4 cl 1 sigma 0.13790  G 4.16755676e-02 2.55465508e-01 1.09148026e-01 1.00000000e+00
431 S st 7 cl 1 sigma 0.13790  G 2.36356258e-01 1.32679939e-02 1.52385235e-01 1.00000000e+00
431 S st 8 cl 1 sigma 0.13790  G -8.29696655e-02 -1.82056427e-01 1.93774700e-01 1.00000000e+00
431 S st 9 cl 1 sigma 0.13790  G -1.14035606e-01 2.38800049e-01 9.28878784e-02 1.00000000e+00
# EVENT 432  nrows 14  ncols 4  params[x y z ot]  hypo 1.4258 -5.5235 2.4285
432 P st 0 cl 0 sigma 0.17627  G -5.76972961e-02 1.40082836e-01 5.28335571e-02 1.00000000e+00
432 P st 1 cl 0 sigma 0.17627  G 7.95125961e-02 -1.38771534e-01 1.96218491e-02 1.00000000e+00
432 P st 3 cl 0 sigma 0.17627  G -5.70654869e-02 1.48653984e-01 2.45332718e-02 1.00000000e+00
432 P st 4 cl 0 sigma 0.17627  G 3.73244286e-02 1.51145458e-01 3.99947166e-02 1.00000000e+00
432 P st 5 cl 0 sigma 0.17627  G 1.10143423e-01 -9.40442085e-02 6.52015209e-02 1.00000000e+00
432 P st 6 cl 0 sigma 0.17627  G -1.06513500e-01 1.12676620e-01 4.13894653e-02 1.00000000e+00
432 P st 7 cl 0 sigma 0.17627  G 1.51526928e-01 -1.33931637e-02 5.00619411e-02 1.00000000e+00
432 P st 8 cl 0 sigma 0.17627  G -3.69489193e-02 -1.39659643e-01 6.70254230e-02 1.00000000e+00
432 P st 9 cl 0 sigma 0.17627  G -6.67929649e-02 1.42681599e-01 3.34978104e-02 1.00000000e+00
432 S st 1 cl 1 sigma 0.13790  G 1.37591362e-01 -2.40039825e-01 3.39508057e-02 1.00000000e+00
432 S st 3 cl 1 sigma 0.13790  G -9.86814499e-02 2.57182121e-01 4.24385071e-02 1.00000000e+00
432 S st 6 cl 1 sigma 0.13790  G -1.84273720e-01 1.94907188e-01 7.16209412e-02 1.00000000e+00
432 S st 7 cl 1 sigma 0.13790  G 2.62153149e-01 -2.31742859e-02 8.66055489e-02 1.00000000e+00
432 S st 8 cl 1 sigma 0.13790  G -6.39200211e-02 -2.41613388e-01 1.15942955e-01 1.00000000e+00
# EVENT 433  nrows 10  ncols 4  params[x y z ot]  hypo -2.8535 -9.0176 3.9373
433 P st 1 cl 0 sigma 0.17627  G 4.16278839e-02 -1.52659416e-01 3.00168991e-02 1.00000000e+00
433 P st 3 cl 0 sigma 0.17627  G -1.00660324e-01 1.18052959e-01 4.26411629e-02 1.00000000e+00
433 P st 4 cl 0 sigma 0.17627  G -2.91228294e-02 1.27589703e-01 9.01162624e-02 1.00000000e+00
433 P st 5 cl 0 sigma 0.17627  G 1.71005726e-02 -1.37633085e-01 8.17298889e-02 1.00000000e+00
433 P st 6 cl 0 sigma 0.17627  G -1.42085552e-01 5.09500504e-02 5.54561615e-02 1.00000000e+00
433 P st 7 cl 0 sigma 0.17627  G 8.99255276e-02 -8.40544701e-02 1.00922585e-01 1.00000000e+00
433 P st 8 cl 0 sigma 0.17627  G -7.68303871e-02 -1.28734112e-01 5.77449799e-02 1.00000000e+00
433 P st 9 cl 0 sigma 0.17627  G -1.16562843e-01 9.58323479e-02 5.43594360e-02 1.00000000e+00
433 S st 4 cl 1 sigma 0.13790  G -5.03897667e-02 2.20727921e-01 1.55901909e-01 1.00000000e+00
433 S st 8 cl 1 sigma 0.13790  G -1.32942200e-01 -2.22706795e-01 9.98973846e-02 1.00000000e+00
# EVENT 434  nrows 11  ncols 4  params[x y z ot]  hypo 1.7926 0.0758 3.5114
434 P st 0 cl 0 sigma 0.17627  G -3.26037407e-02 1.50978565e-01 4.91499901e-02 1.00000000e+00
434 P st 1 cl 0 sigma 0.17627  G 1.03127956e-01 -1.17766857e-01 4.20570374e-02 1.00000000e+00
434 P st 4 cl 0 sigma 0.17627  G 2.85029411e-02 1.54256821e-01 4.09007072e-02 1.00000000e+00
434 P st 5 cl 0 sigma 0.17627  G 1.21283531e-01 2.36034393e-02 1.06811523e-01 1.00000000e+00
434 P st 6 cl 0 sigma 0.17627  G -7.14540482e-02 1.38282776e-01 4.51683998e-02 1.00000000e+00
434 P st 7 cl 0 sigma 0.17627  G 1.32036209e-01 6.89744949e-02 6.49929047e-02 1.00000000e+00
434 P st 8 cl 0 sigma 0.17627  G -4.25338745e-02 -3.08394432e-02 1.53362751e-01 1.00000000e+00
434 P st 9 cl 0 sigma 0.17627  G -4.41908836e-02 1.51157379e-01 3.75866890e-02 1.00000000e+00
434 S st 1 cl 1 sigma 0.13790  G 1.78384781e-01 -2.03752518e-01 7.27653503e-02 1.00000000e+00
434 S st 7 cl 1 sigma 0.13790  G 2.28428841e-01 1.19316578e-01 1.12438202e-01 1.00000000e+00
434 S st 8 cl 1 sigma 0.13790  G -7.35998154e-02 -5.33699989e-02 2.65312195e-01 1.00000000e+00
# EVENT 435  nrows 13  ncols 4  params[x y z ot]  hypo 2.2914 -0.8862 3.1209
435 P st 0 cl 0 sigma 0.17627  G -2.93612480e-02 1.52027607e-01 4.70042229e-02 1.00000000e+00
435 P st 1 cl 0 sigma 0.17627  G 1.02233887e-01 -1.20437145e-01 3.42845917e-02 1.00000000e+00
435 P st 3 cl 0 sigma 0.17627  G -3.89337540e-02 1.54256821e-01 2.76803970e-02 1.00000000e+00
435 P st 4 cl 0 sigma 0.17627  G 3.51071358e-02 1.53315067e-01 3.78370285e-02 1.00000000e+00
435 P st 5 cl 0 sigma 0.17627  G 1.33609772e-01 2.95042992e-03 9.37104225e-02 1.00000000e+00
435 P st 6 cl 0 sigma 0.17627  G -7.16447830e-02 1.38652325e-01 4.29511070e-02 1.00000000e+00
435 P st 7 cl 0 sigma 0.17627  G 1.40619278e-01 5.57541847e-02 5.76138496e-02 1.00000000e+00
435 P st 8 cl 0 sigma 0.17627  G -2.83479691e-02 -6.31868839e-02 1.46830082e-01 1.00000000e+00
435 P st 9 cl 0 sigma 0.17627  G -4.24146652e-02 1.52075291e-01 3.50475311e-02 1.00000000e+00
435 S st 6 cl 1 sigma 0.13790  G -1.23953819e-01 2.39872932e-01 7.42912292e-02 1.00000000e+00
435 S st 7 cl 1 sigma 0.13790  G 2.43246555e-01 9.64760780e-02 9.96708870e-02 1.00000000e+00
435 S st 8 cl 1 sigma 0.13790  G -4.90546227e-02 -1.09314919e-01 2.54011154e-01 1.00000000e+00
435 S st 9 cl 1 sigma 0.13790  G -7.33613968e-02 2.63118744e-01 6.06298447e-02 1.00000000e+00
# EVENT 436  nrows 10  ncols 4  params[x y z ot]  hypo -0.7364 -6.8268 0.3630
436 P st 0 cl 0 sigma 0.17627  G -1.03592873e-01 1.27589703e-01 -4.33444977e-02 1.00000000e+00
436 P st 1 cl 0 sigma 0.17627  G 6.20961189e-02 -1.48701668e-01 -8.41736794e-02 1.00000000e+00
436 P st 3 cl 0 sigma 0.17627  G -7.99655914e-02 1.39927864e-01 -8.41736794e-02 1.00000000e+00
436 P st 4 cl 0 sigma 0.17627  G 8.34465027e-03 1.63614750e-01 -5.92112541e-02 1.00000000e+00
436 P st 5 cl 0 sigma 0.17627  G 7.78675079e-02 -1.45316124e-01 5.53131104e-03 1.00000000e+00
436 P st 7 cl 0 sigma 0.17627  G 1.57445669e-01 -4.90725040e-02 -5.05447388e-03 1.00000000e+00
436 P st 8 cl 0 sigma 0.17627  G -7.27713108e-02 -1.47140026e-01 -5.15282154e-02 1.00000000e+00
436 P st 9 cl 0 sigma 0.17627  G -9.61422920e-02 1.29461288e-01 -8.33392143e-02 1.00000000e+00
436 S st 4 cl 1 sigma 0.13790  G 1.44362450e-02 2.83026695e-01 -1.02448463e-01 1.00000000e+00
436 S st 7 cl 1 sigma 0.13790  G 2.72381306e-01 -8.48889351e-02 -8.74996185e-03 1.00000000e+00
# EVENT 437  nrows 10  ncols 4  params[x y z ot]  hypo 0.5420 -3.6003 4.2082
437 P st 3 cl 0 sigma 0.17627  G -5.71608543e-02 1.45661831e-01 4.00066376e-02 1.00000000e+00
437 P st 4 cl 0 sigma 0.17627  G 2.07424164e-02 1.48761272e-01 5.99384308e-02 1.00000000e+00
437 P st 5 cl 0 sigma 0.17627  G 9.45389271e-02 -5.55336475e-02 1.20335817e-01 1.00000000e+00
437 P st 6 cl 0 sigma 0.17627  G -9.67502594e-02 1.14166737e-01 6.00457191e-02 1.00000000e+00
437 P st 7 cl 0 sigma 0.17627  G 1.34772062e-01 1.92880630e-02 8.91029835e-02 1.00000000e+00
437 P st 8 cl 0 sigma 0.17627  G -5.34474850e-02 -9.50336456e-02 1.17802620e-01 1.00000000e+00
437 P st 9 cl 0 sigma 0.17627  G -6.48617744e-02 1.38938427e-01 5.11646271e-02 1.00000000e+00
437 S st 6 cl 1 sigma 0.13790  G -1.67369843e-01 1.97505951e-01 1.03878975e-01 1.00000000e+00
437 S st 7 cl 1 sigma 0.13790  G 2.33161449e-01 3.33666801e-02 1.54149532e-01 1.00000000e+00
437 S st 8 cl 1 sigma 0.13790  G -9.24825668e-02 -1.64413452e-01 2.03800201e-01 1.00000000e+00
# EVENT 438  nrows 12  ncols 4  params[x y z ot]  hypo 2.7080 -1.3156 1.9802
438 P st 1 cl 0 sigma 0.17627  G 1.03878975e-01 -1.21796131e-01 1.77860260e-02 1.00000000e+00
438 P st 3 cl 0 sigma 0.17627  G -3.69548798e-02 1.56021118e-01 1.53779984e-02 1.00000000e+00
438 P st 4 cl 0 sigma 0.17627  G 4.06742096e-02 1.54340267e-01 2.08854675e-02 1.00000000e+00
438 P st 5 cl 0 sigma 0.17627  G 1.49303675e-01 -6.69360161e-03 5.67257404e-02 1.00000000e+00
438 P st 6 cl 0 sigma 0.17627  G -7.11560249e-02 1.42276287e-01 2.44617462e-02 1.00000000e+00
438 P st 7 cl 0 sigma 0.17627  G 1.49333477e-01 5.04493713e-02 3.15546989e-02 1.00000000e+00
438 P st 8 cl 0 sigma 0.17627  G -1.62005424e-02 -8.35120678e-02 1.28674507e-01 1.00000000e+00
438 P st 9 cl 0 sigma 0.17627  G -4.01735306e-02 1.54721737e-01 1.95503235e-02 1.00000000e+00
438 S st 1 cl 1 sigma 0.13790  G 1.79672241e-01 -2.10690498e-01 3.07559967e-02 1.00000000e+00
438 S st 3 cl 1 sigma 0.13790  G -6.39200211e-02 2.69961357e-01 2.66075134e-02 1.00000000e+00
438 S st 6 cl 1 sigma 0.13790  G -1.23143196e-01 2.46119499e-01 4.22954559e-02 1.00000000e+00
438 S st 8 cl 1 sigma 0.13790  G -2.80201435e-02 -1.44475698e-01 2.22611427e-01 1.00000000e+00
# EVENT 439  nrows 13  ncols 4  params[x y z ot]  hypo 2.6005 -1.7006 4.2345
439 P st 0 cl 0 sigma 0.17627  G -2.64525414e-02 1.46663189e-01 6.33358955e-02 1.00000000e+00
439 P st 1 cl 0 sigma 0.17627  G 9.89437103e-02 -1.20568275e-01 4.20093536e-02 1.00000000e+00
439 P st 3 cl 0 sigma 0.17627  G -3.76224518e-02 1.52301788e-01 3.75270844e-02 1.00000000e+00
439 P st 4 cl 0 sigma 0.17627  G 3.89218330e-02 1.48046017e-01 5.07831573e-02 1.00000000e+00
439 P st 5 cl 0 sigma 0.17627  G 1.19501352e-01 -1.25706196e-02 1.05047226e-01 1.00000000e+00
439 P st 6 cl 0 sigma 0.17627  G -7.00831413e-02 1.33121014e-01 5.81145287e-02 1.00000000e+00
439 P st 7 cl 0 sigma 0.17627  G 1.38223171e-01 4.19020653e-02 7.10368156e-02 1.00000000e+00
439 P st 8 cl 0 sigma 0.17627  G -1.38461590e-02 -6.72757626e-02 1.45107508e-01 1.00000000e+00
439 P st 9 cl 0 sigma 0.17627  G -4.06742096e-02 1.48797035e-01 4.76002693e-02 1.00000000e+00
439 S st 1 cl 1 sigma 0.13790  G 1.71160698e-01 -2.08568573e-01 7.26699829e-02 1.00000000e+00
439 S st 4 cl 1 sigma 0.13790  G 6.73532486e-02 2.56133080e-01 8.78572464e-02 1.00000000e+00
439 S st 7 cl 1 sigma 0.13790  G 2.39121914e-01 7.24911690e-02 1.22904778e-01 1.00000000e+00
439 S st 8 cl 1 sigma 0.13790  G -2.39491463e-02 -1.16384029e-01 2.51054764e-01 1.00000000e+00
# EVENT 440  nrows 12  ncols 4  params[x y z ot]  hypo -6.9323 -8.2209 4.3773
440 P st 0 cl 0 sigma 0.17627  G -1.35755539e-01 6.22391701e-02 5.95808029e-02 1.00000000e+00
440 P st 1 cl 0 sigma 0.17627  G 1.26242638e-02 -1.56450272e-01 3.64542007e-02 1.00000000e+00
440 P st 3 cl 0 sigma 0.17627  G -1.16562843e-01 1.04212761e-01 3.89814377e-02 1.00000000e+00
440 P st 4 cl 0 sigma 0.17627  G -8.21948051e-02 1.14679337e-01 7.65800476e-02 1.00000000e+00
440 P st 5 cl 0 sigma 0.17627  G -5.19216061e-02 -1.21134520e-01 9.07540321e-02 1.00000000e+00
440 P st 6 cl 0 sigma 0.17627  G -1.47151947e-01 4.64558601e-02 4.59551811e-02 1.00000000e+00
440 P st 7 cl 0 sigma 0.17627  G 1.21295452e-02 -8.49664211e-02 1.38115883e-01 1.00000000e+00
440 P st 9 cl 0 sigma 0.17627  G -1.30224228e-01 8.27670097e-02 4.62651253e-02 1.00000000e+00
440 S st 0 cl 1 sigma 0.13790  G -2.34842300e-01 1.07669830e-01 1.03068352e-01 1.00000000e+00
440 S st 1 cl 1 sigma 0.13790  G 2.18153000e-02 -2.70676613e-01 6.30617142e-02 1.00000000e+00
440 S st 6 cl 1 sigma 0.13790  G -2.54583359e-01 8.03709030e-02 7.95125961e-02 1.00000000e+00
440 S st 7 cl 1 sigma 0.13790  G 2.09927559e-02 -1.46996975e-01 2.38955021e-01 1.00000000e+00
# EVENT 441  nrows 16  ncols 4  params[x y z ot]  hypo 2.1921 -0.8614 1.7707
441 P st 0 cl 1 sigma 0.40238  G -3.13282013e-02 1.56152248e-01 2.56061554e-02 1.00000000e+00
441 P st 1 cl 0 sigma 0.17627  G 1.03259087e-01 -1.22535229e-01 1.85489655e-02 1.00000000e+00
441 P st 3 cl 1 sigma 0.40238  G -3.99827957e-02 1.55496597e-01 1.49488449e-02 1.00000000e+00
441 P st 4 cl 0 sigma 0.17627  G 3.46899033e-02 1.56235695e-01 2.03967094e-02 1.00000000e+00
441 P st 5 cl 0 sigma 0.17627  G 1.49434805e-01 3.96966934e-03 6.23762608e-02 1.00000000e+00
441 P st 6 cl 0 sigma 0.17627  G -7.40766525e-02 1.41441822e-01 2.31504440e-02 1.00000000e+00
441 P st 7 cl 0 sigma 0.17627  G 1.46520138e-01 5.90801239e-02 3.27706337e-02 1.00000000e+00
441 P st 8 cl 0 sigma 0.17627  G -4.00602818e-02 -7.92205334e-02 1.33371353e-01 1.00000000e+00
441 P st 9 cl 0 sigma 0.17627  G -4.38451767e-02 1.54078007e-01 1.88112259e-02 1.00000000e+00
441 S st 1 cl 1 sigma 0.13790  G 1.78647041e-01 -2.11977959e-01 3.21149826e-02 1.00000000e+00
441 S st 3 cl 1 sigma 0.13790  G -6.91413879e-02 2.68983841e-01 2.58445740e-02 1.00000000e+00
441 S st 4 cl 1 sigma 0.13790  G 6.00337982e-02 2.70295143e-01 3.52859497e-02 1.00000000e+00
441 S st 6 cl 1 sigma 0.13790  G -1.28149986e-01 2.44665146e-01 4.00304794e-02 1.00000000e+00
441 S st 7 cl 1 sigma 0.13790  G 2.53462791e-01 1.02221966e-01 5.66840172e-02 1.00000000e+00
441 S st 8 cl 1 sigma 0.13790  G -6.93142414e-02 -1.37060881e-01 2.30735540e-01 1.00000000e+00
441 S st 9 cl 1 sigma 0.13790  G -7.58647919e-02 2.66551971e-01 3.25441360e-02 1.00000000e+00
# EVENT 442  nrows 14  ncols 4  params[x y z ot]  hypo 2.2565 -0.9318 3.4284
442 P st 0 cl 1 sigma 0.40238  G -2.96235085e-02 1.50692463e-01 4.71711159e-02 1.00000000e+00
442 P st 1 cl 0 sigma 0.17627  G 1.01375580e-01 -1.20258331e-01 3.42726707e-02 1.00000000e+00
442 P st 3 cl 0 sigma 0.17627  G -3.91483307e-02 1.53756142e-01 2.77280807e-02 1.00000000e+00
442 P st 4 cl 0 sigma 0.17627  G 3.46899033e-02 1.52575970e-01 3.79800797e-02 1.00000000e+00
442 P st 5 cl 0 sigma 0.17627  G 1.29812956e-01 1.91926956e-03 9.41514969e-02 1.00000000e+00
442 P st 6 cl 0 sigma 0.17627  G -7.16686249e-02 1.37460232e-01 4.30107117e-02 1.00000000e+00
442 P st 7 cl 0 sigma 0.17627  G 1.39081478e-01 5.46932220e-02 5.78999519e-02 1.00000000e+00
442 P st 8 cl 0 sigma 0.17627  G -2.73048878e-02 -5.98788261e-02 1.46198273e-01 1.00000000e+00
442 P st 9 cl 0 sigma 0.17627  G -4.26292419e-02 1.51288509e-01 3.51190567e-02 1.00000000e+00
442 S st 1 cl 1 sigma 0.13790  G 1.75380707e-01 -2.08067894e-01 5.92947006e-02 1.00000000e+00
442 S st 6 cl 1 sigma 0.13790  G -1.24025345e-01 2.37822533e-01 7.44342804e-02 1.00000000e+00
442 S st 7 cl 1 sigma 0.13790  G 2.40600109e-01 9.46402550e-02 1.00159645e-01 1.00000000e+00
442 S st 8 cl 1 sigma 0.13790  G -4.72545624e-02 -1.03592873e-01 2.52938271e-01 1.00000000e+00
442 S st 9 cl 1 sigma 0.13790  G -7.37190247e-02 2.61712074e-01 6.07728958e-02 1.00000000e+00
# EVENT 443  nrows 13  ncols 4  params[x y z ot]  hypo -0.0414 -7.4257 -0.1320
443 P st 0 cl 1 sigma 0.40238  G -1.08015537e-01 1.38807297e-01 3.62515450e-02 1.00000000e+00
443 P st 1 cl 0 sigma 0.17627  G 6.49929047e-02 -1.47485733e-01 -8.01801682e-02 1.00000000e+00
443 P st 3 cl 0 sigma 0.17627  G -7.72953033e-02 1.41656399e-01 -7.92384148e-02 1.00000000e+00
443 P st 4 cl 0 sigma 0.17627  G 2.31027603e-02 1.72793865e-01 2.59280205e-02 1.00000000e+00
443 P st 5 cl 0 sigma 0.17627  G 8.99195671e-02 -1.51324272e-01 3.65078449e-02 1.00000000e+00
443 P st 6 cl 0 sigma 0.17627  G -1.41167641e-01 9.30070877e-02 -8.14199448e-03 1.00000000e+00
443 P st 7 cl 0 sigma 0.17627  G 1.65158510e-01 -6.00218773e-02 3.38733196e-02 1.00000000e+00
443 P st 8 cl 0 sigma 0.17627  G -6.09576702e-02 -1.61266327e-01 2.01642513e-02 1.00000000e+00
443 P st 9 cl 0 sigma 0.17627  G -9.63568687e-02 1.34539604e-01 -4.17470932e-02 1.00000000e+00
443 S st 3 cl 1 sigma 0.13790  G -1.33681297e-01 2.45070457e-01 -1.37066841e-01 1.00000000e+00
443 S st 6 cl 1 sigma 0.13790  G -2.44235992e-01 1.60932541e-01 -1.40666962e-02 1.00000000e+00
443 S st 7 cl 1 sigma 0.13790  G 2.85720825e-01 -1.03819370e-01 5.86152077e-02 1.00000000e+00
443 S st 8 cl 1 sigma 0.13790  G -1.05452538e-01 -2.78997421e-01 3.48687172e-02 1.00000000e+00
# EVENT 444  nrows 13  ncols 4  params[x y z ot]  hypo 2.4729 -1.0426 2.3805
444 P st 0 cl 1 sigma 0.40238  G -2.80499458e-02 1.54983997e-01 3.38077545e-02 1.00000000e+00
444 P st 1 cl 1 sigma 0.40238  G 1.03402138e-01 -1.21283531e-01 2.34723091e-02 1.00000000e+00
444 P st 3 cl 0 sigma 0.17627  G -3.81231308e-02 1.55377388e-01 1.94072723e-02 1.00000000e+00
444 P st 4 cl 0 sigma 0.17627  G 3.75628471e-02 1.54459476e-01 2.65836716e-02 1.00000000e+00
444 P st 5 cl 0 sigma 0.17627  G 1.42502785e-01 -4.64916229e-04 7.17818737e-02 1.00000000e+00
444 P st 6 cl 0 sigma 0.17627  G -7.17282295e-02 1.41072273e-01 3.06725502e-02 1.00000000e+00
444 P st 7 cl 0 sigma 0.17627  G 1.46031380e-01 5.45620918e-02 4.10556793e-02 1.00000000e+00
444 P st 8 cl 0 sigma 0.17627  G -2.47299671e-02 -7.49588013e-02 1.38062239e-01 1.00000000e+00
444 P st 9 cl 0 sigma 0.17627  G -4.14967537e-02 1.53696537e-01 2.46882439e-02 1.00000000e+00
444 S st 6 cl 1 sigma 0.13790  G -1.24073029e-01 2.44045258e-01 5.30719757e-02 1.00000000e+00
444 S st 7 cl 1 sigma 0.13790  G 2.52652168e-01 9.43660736e-02 7.10129738e-02 1.00000000e+00
444 S st 8 cl 1 sigma 0.13790  G -4.27961349e-02 -1.29687786e-01 2.38859653e-01 1.00000000e+00
444 S st 9 cl 1 sigma 0.13790  G -7.18116760e-02 2.65836716e-01 4.27246094e-02 1.00000000e+00
# EVENT 445  nrows 10  ncols 4  params[x y z ot]  hypo 0.7399 -3.6166 4.5071
445 P st 3 cl 1 sigma 0.40238  G -5.54919243e-02 1.45590305e-01 4.39167023e-02 1.00000000e+00
445 P st 4 cl 0 sigma 0.17627  G 2.28404999e-02 1.47056580e-01 6.46591187e-02 1.00000000e+00
445 P st 5 cl 0 sigma 0.17627  G 9.25302505e-02 -5.23447990e-02 1.22421980e-01 1.00000000e+00
445 P st 6 cl 0 sigma 0.17627  G -9.45210457e-02 1.14154816e-01 6.55531883e-02 1.00000000e+00
445 P st 7 cl 0 sigma 0.17627  G 1.32346153e-01 1.82151794e-02 9.28401947e-02 1.00000000e+00
445 P st 8 cl 0 sigma 0.17627  G -4.86433506e-02 -9.38594341e-02 1.22737885e-01 1.00000000e+00
445 P st 9 cl 0 sigma 0.17627  G -6.27875328e-02 1.38735771e-01 5.59091568e-02 1.00000000e+00
445 S st 6 cl 1 sigma 0.13790  G -1.63531303e-01 1.97458267e-01 1.13368034e-01 1.00000000e+00
445 S st 7 cl 1 sigma 0.13790  G 2.28929520e-01 3.15070152e-02 1.60610676e-01 1.00000000e+00
445 S st 8 cl 1 sigma 0.13790  G -8.41617584e-02 -1.62374973e-01 2.12323666e-01 1.00000000e+00
# EVENT 446  nrows 13  ncols 4  params[x y z ot]  hypo -4.7734 4.8817 0.3899
446 P st 1 cl 0 sigma 0.17627  G 7.78496265e-02 -1.44368410e-01 -3.81767750e-02 1.00000000e+00
446 P st 3 cl 0 sigma 0.17627  G -6.84022903e-02 1.45912170e-01 -8.41856003e-02 1.00000000e+00
446 P st 4 cl 0 sigma 0.17627  G -2.68220901e-02 1.58882141e-01 -8.41856003e-02 1.00000000e+00
446 P st 5 cl 0 sigma 0.17627  G -2.53438950e-02 1.61492825e-01 2.27391720e-02 1.00000000e+00
446 P st 6 cl 0 sigma 0.17627  G -9.61542130e-02 1.29342079e-01 -8.41856003e-02 1.00000000e+00
446 P st 7 cl 0 sigma 0.17627  G 4.32610512e-02 1.56772137e-01 -7.14659691e-02 1.00000000e+00
446 P st 8 cl 0 sigma 0.17627  G -1.47527456e-01 7.06613064e-02 -5.13970852e-02 1.00000000e+00
446 P st 9 cl 0 sigma 0.17627  G -7.53402710e-02 1.42431259e-01 -8.42094421e-02 1.00000000e+00
446 S st 1 cl 1 sigma 0.13790  G 1.34658813e-01 -2.49767303e-01 -6.60419464e-02 1.00000000e+00
446 S st 4 cl 1 sigma 0.13790  G -4.63724136e-02 2.74896622e-01 -1.45626068e-01 1.00000000e+00
446 S st 6 cl 1 sigma 0.13790  G -1.66320801e-01 2.23755836e-01 -1.45649910e-01 1.00000000e+00
446 S st 7 cl 1 sigma 0.13790  G 7.48395920e-02 2.71201134e-01 -1.23631954e-01 1.00000000e+00
446 S st 8 cl 1 sigma 0.13790  G -2.55215168e-01 1.22237206e-01 -8.89062881e-02 1.00000000e+00
# EVENT 447  nrows 13  ncols 4  params[x y z ot]  hypo 2.6128 -1.6825 6.2071
447 P st 0 cl 0 sigma 0.17627  G -2.44021416e-02 1.36280060e-01 8.38994980e-02 1.00000000e+00
447 P st 3 cl 0 sigma 0.17627  G -3.64065170e-02 1.47938728e-01 5.25951385e-02 1.00000000e+00
447 P st 4 cl 0 sigma 0.17627  G 3.72529030e-02 1.41346455e-01 6.92725182e-02 1.00000000e+00
447 P st 5 cl 0 sigma 0.17627  G 1.01727247e-01 -1.03235245e-02 1.23262405e-01 1.00000000e+00
447 P st 6 cl 0 sigma 0.17627  G -6.53743744e-02 1.24597549e-01 7.80820847e-02 1.00000000e+00
447 P st 7 cl 0 sigma 0.17627  G 1.26218796e-01 3.82065773e-02 9.24229622e-02 1.00000000e+00
447 P st 8 cl 0 sigma 0.17627  G -1.06811523e-02 -5.27024269e-02 1.51056051e-01 1.00000000e+00
447 P st 9 cl 0 sigma 0.17627  G -3.87191772e-02 1.42216682e-01 6.54339790e-02 1.00000000e+00
447 S st 3 cl 1 sigma 0.13790  G -6.29425049e-02 2.55942345e-01 9.10043716e-02 1.00000000e+00
447 S st 4 cl 1 sigma 0.13790  G 6.44445419e-02 2.44522095e-01 1.19829178e-01 1.00000000e+00
447 S st 5 cl 1 sigma 0.13790  G 1.75964832e-01 -1.78337097e-02 2.13229656e-01 1.00000000e+00
447 S st 8 cl 1 sigma 0.13790  G -1.84893608e-02 -9.11712646e-02 2.61330605e-01 1.00000000e+00
447 S st 9 cl 1 sigma 0.13790  G -6.69717789e-02 2.46024132e-01 1.13224983e-01 1.00000000e+00
# EVENT 448  nrows 12  ncols 4  params[x y z ot]  hypo 1.0419 -2.2331 3.0831
448 P st 0 cl 0 sigma 0.17627  G -4.76479530e-02 1.46126747e-01 5.12599945e-02 1.00000000e+00
448 P st 1 cl 0 sigma 0.17627  G 8.89301300e-02 -1.30927563e-01 3.36170197e-02 1.00000000e+00
448 P st 3 cl 0 sigma 0.17627  G -5.07354736e-02 1.50585175e-01 2.90870667e-02 1.00000000e+00
448 P st 4 cl 0 sigma 0.17627  G 2.49266624e-02 1.54411793e-01 4.24504280e-02 1.00000000e+00
448 P st 5 cl 0 sigma 0.17627  G 1.20365620e-01 -2.98261642e-02 1.08957291e-01 1.00000000e+00
448 P st 6 cl 0 sigma 0.17627  G -8.88943672e-02 1.27887726e-01 4.47273254e-02 1.00000000e+00
448 P st 8 cl 0 sigma 0.17627  G -5.48303127e-02 -8.51869583e-02 1.24478340e-01 1.00000000e+00
448 P st 9 cl 0 sigma 0.17627  G -5.71489334e-02 1.46770477e-01 3.71932983e-02 1.00000000e+00
448 S st 1 cl 1 sigma 0.13790  G 1.53827667e-01 -2.26497650e-01 5.81264496e-02 1.00000000e+00
448 S st 6 cl 1 sigma 0.13790  G -1.53803825e-01 2.21252441e-01 7.73668289e-02 1.00000000e+00
448 S st 8 cl 1 sigma 0.13790  G -9.48786736e-02 -1.47354603e-01 2.15363503e-01 1.00000000e+00
448 S st 9 cl 1 sigma 0.13790  G -9.88721848e-02 2.53891945e-01 6.43491745e-02 1.00000000e+00
# EVENT 449  nrows 14  ncols 4  params[x y z ot]  hypo 1.9293 -1.4244 3.5677
449 P st 0 cl 1 sigma 0.40238  G -3.43322754e-02 1.48308277e-01 5.53011894e-02 1.00000000e+00
449 P st 1 cl 0 sigma 0.17627  G 9.71078873e-02 -1.23357773e-01 3.88383865e-02 1.00000000e+00
449 P st 3 cl 0 sigma 0.17627  G -4.23669815e-02 1.52540207e-01 3.25441360e-02 1.00000000e+00
449 P st 4 cl 0 sigma 0.17627  G 3.23891640e-02 1.52313709e-01 4.50968742e-02 1.00000000e+00
449 P st 5 cl 0 sigma 0.17627  G 1.22576952e-01 -8.52942467e-03 1.06263161e-01 1.00000000e+00
449 P st 6 cl 0 sigma 0.17627  G -7.64012337e-02 1.33693218e-01 4.99963760e-02 1.00000000e+00
449 P st 8 cl 0 sigma 0.17627  G -3.36408615e-02 -6.76929951e-02 1.42884254e-01 1.00000000e+00
449 P st 9 cl 0 sigma 0.17627  G -4.65869904e-02 1.49452686e-01 4.12344933e-02 1.00000000e+00
449 S st 1 cl 1 sigma 0.13790  G 1.68013573e-01 -2.13432312e-01 6.71386719e-02 1.00000000e+00
449 S st 3 cl 1 sigma 0.13790  G -7.33375549e-02 2.63881683e-01 5.62667847e-02 1.00000000e+00
449 S st 4 cl 1 sigma 0.13790  G 5.60283661e-02 2.63476372e-01 7.79867172e-02 1.00000000e+00
449 S st 6 cl 1 sigma 0.13790  G -1.32131577e-01 2.31242180e-01 8.64982605e-02 1.00000000e+00
449 S st 8 cl 1 sigma 0.13790  G -5.82098961e-02 -1.17123127e-01 2.47180462e-01 1.00000000e+00
449 S st 9 cl 1 sigma 0.13790  G -8.06093216e-02 2.58564949e-01 7.13348389e-02 1.00000000e+00
# EVENT 450  nrows 10  ncols 4  params[x y z ot]  hypo 0.9251 -4.2009 0.2981
450 P st 3 cl 0 sigma 0.17627  G -5.76853752e-02 1.50477886e-01 -8.41736794e-02 1.00000000e+00
450 P st 4 cl 0 sigma 0.17627  G 2.83479691e-02 1.58989429e-01 -8.24809074e-02 1.00000000e+00
450 P st 5 cl 0 sigma 0.17627  G 1.38127804e-01 -9.20116901e-02 2.93195248e-02 1.00000000e+00
450 P st 6 cl 0 sigma 0.17627  G -1.05476379e-01 1.22451782e-01 -8.21590424e-02 1.00000000e+00
450 P st 7 cl 0 sigma 0.17627  G 1.65849924e-01 1.07169151e-02 -4.19616699e-02 1.00000000e+00
450 P st 8 cl 0 sigma 0.17627  G -6.49631023e-02 -1.52575970e-01 3.14056873e-02 1.00000000e+00
450 P st 9 cl 0 sigma 0.17627  G -6.72221184e-02 1.46520138e-01 -8.40306282e-02 1.00000000e+00
450 S st 6 cl 1 sigma 0.13790  G -1.82485580e-01 2.11811066e-01 -1.42145157e-01 1.00000000e+00
450 S st 7 cl 1 sigma 0.13790  G 2.86924839e-01 1.85489655e-02 -7.25865364e-02 1.00000000e+00
450 S st 9 cl 1 sigma 0.13790  G -1.16300583e-01 2.53486633e-01 -1.45363808e-01 1.00000000e+00
# EVENT 451  nrows 11  ncols 4  params[x y z ot]  hypo -1.6720 -7.9867 0.1122
451 P st 0 cl 0 sigma 0.17627  G -1.28579140e-01 1.11949444e-01 -3.90052795e-02 1.00000000e+00
451 P st 3 cl 0 sigma 0.17627  G -9.19103622e-02 1.32393837e-01 -8.41617584e-02 1.00000000e+00
451 P st 4 cl 0 sigma 0.17627  G -9.52482224e-03 1.70964003e-01 -3.29196453e-02 1.00000000e+00
451 P st 5 cl 0 sigma 0.17627  G 5.12778759e-02 -1.64204836e-01 -1.47163868e-02 1.00000000e+00
451 P st 6 cl 0 sigma 0.17627  G -1.45065784e-01 7.24792480e-02 -8.15272331e-02 1.00000000e+00
451 P st 7 cl 0 sigma 0.17627  G 1.49834156e-01 -8.44717026e-02 6.40749931e-03 1.00000000e+00
451 P st 8 cl 0 sigma 0.17627  G -7.77125359e-02 -1.45411491e-01 -7.40408897e-02 1.00000000e+00
451 P st 9 cl 0 sigma 0.17627  G -1.10960007e-01 1.17599964e-01 -8.29935074e-02 1.00000000e+00
451 S st 0 cl 1 sigma 0.13790  G -2.22408772e-01 1.93691254e-01 -6.74724579e-02 1.00000000e+00
451 S st 6 cl 1 sigma 0.13790  G -2.50959396e-01 1.25336647e-01 -1.41024590e-01 1.00000000e+00
451 S st 9 cl 1 sigma 0.13790  G -1.91974640e-01 2.03442574e-01 -1.43599510e-01 1.00000000e+00
# EVENT 452  nrows 12  ncols 4  params[x y z ot]  hypo 1.0133 -4.3783 3.5367
452 P st 0 cl 0 sigma 0.17627  G -5.51462173e-02 1.36005878e-01 6.94751740e-02 1.00000000e+00
452 P st 1 cl 0 sigma 0.17627  G 8.00490379e-02 -1.36148930e-01 3.46779823e-02 1.00000000e+00
452 P st 3 cl 0 sigma 0.17627  G -5.62071800e-02 1.47044659e-01 3.74674797e-02 1.00000000e+00
452 P st 4 cl 0 sigma 0.17627  G 2.82406807e-02 1.49810314e-01 5.71608543e-02 1.00000000e+00
452 P st 5 cl 0 sigma 0.17627  G 1.01411343e-01 -7.00294971e-02 1.04874372e-01 1.00000000e+00
452 P st 6 cl 0 sigma 0.17627  G -9.96828079e-02 1.14715099e-01 5.82933426e-02 1.00000000e+00
452 P st 7 cl 0 sigma 0.17627  G 1.41739845e-01 6.09755516e-03 7.87854195e-02 1.00000000e+00
452 P st 8 cl 0 sigma 0.17627  G -4.51266766e-02 -1.14035606e-01 1.06006861e-01 1.00000000e+00
452 P st 9 cl 0 sigma 0.17627  G -6.44207001e-02 1.40559673e-01 4.88877296e-02 1.00000000e+00
452 S st 1 cl 1 sigma 0.13790  G 1.38473511e-01 -2.35557556e-01 6.00099564e-02 1.00000000e+00
452 S st 7 cl 1 sigma 0.13790  G 2.45165825e-01 1.05381012e-02 1.36315823e-01 1.00000000e+00
452 S st 8 cl 1 sigma 0.13790  G -7.80820847e-02 -1.97279453e-01 1.83391571e-01 1.00000000e+00
# EVENT 453  nrows 10  ncols 4  params[x y z ot]  hypo 0.4625 -4.4595 3.6906
453 P st 0 cl 0 sigma 0.17627  G -6.25729561e-02 1.33287907e-01 6.84976578e-02 1.00000000e+00
453 P st 1 cl 1 sigma 0.40238  G 7.61151314e-02 -1.38068199e-01 3.50713730e-02 1.00000000e+00
453 P st 4 cl 1 sigma 0.40238  G 2.13265419e-02 1.49321556e-01 5.80072403e-02 1.00000000e+00
453 P st 5 cl 0 sigma 0.17627  G 9.49025154e-02 -7.56978989e-02 1.09606981e-01 1.00000000e+00
453 P st 6 cl 0 sigma 0.17627  G -1.03604794e-01 1.10161304e-01 5.67913055e-02 1.00000000e+00
453 P st 7 cl 0 sigma 0.17627  G 1.37782097e-01 4.91142273e-03 8.35418701e-02 1.00000000e+00
453 P st 8 cl 0 sigma 0.17627  G -5.53786755e-02 -1.13153458e-01 1.02388859e-01 1.00000000e+00
453 P st 9 cl 0 sigma 0.17627  G -6.94751740e-02 1.37495995e-01 4.82678413e-02 1.00000000e+00
453 S st 4 cl 1 sigma 0.13790  G 3.68833542e-02 2.58302689e-01 1.00398064e-01 1.00000000e+00
453 S st 7 cl 1 sigma 0.13790  G 2.38358974e-01 8.48770142e-03 1.44505501e-01 1.00000000e+00
# EVENT 454  nrows 10  ncols 4  params[x y z ot]  hypo -0.0388 -4.1978 2.9971
454 P st 1 cl 1 sigma 0.40238  G 7.42554665e-02 -1.40333176e-01 2.83241272e-02 1.00000000e+00
454 P st 3 cl 0 sigma 0.17627  G -6.39915466e-02 1.45208836e-01 2.84790993e-02 1.00000000e+00
454 P st 5 cl 0 sigma 0.17627  G 9.10520554e-02 -7.59363174e-02 1.04540586e-01 1.00000000e+00
454 P st 6 cl 0 sigma 0.17627  G -1.07920170e-01 1.11329556e-01 4.35352325e-02 1.00000000e+00
454 P st 7 cl 0 sigma 0.17627  G 1.41143799e-01 1.03771687e-02 7.44760036e-02 1.00000000e+00
454 P st 8 cl 1 sigma 0.40238  G -7.00116158e-02 -1.15007162e-01 8.81373882e-02 1.00000000e+00
454 P st 9 cl 1 sigma 0.40238  G -7.39216805e-02 1.38318539e-01 3.70383263e-02 1.00000000e+00
454 S st 6 cl 1 sigma 0.13790  G -1.86681747e-01 1.92618370e-01 7.53164291e-02 1.00000000e+00
454 S st 7 cl 1 sigma 0.13790  G 2.44176388e-01 1.79529190e-02 1.28841400e-01 1.00000000e+00
454 S st 8 cl 1 sigma 0.13790  G -1.21140480e-01 -1.98960304e-01 1.52468681e-01 1.00000000e+00
# EVENT 455  nrows 13  ncols 4  params[x y z ot]  hypo 3.9799 -0.1022 4.8722
455 P st 0 cl 0 sigma 0.17627  G -8.34465027e-03 1.47831440e-01 6.21438026e-02 1.00000000e+00
455 P st 1 cl 0 sigma 0.17627  G 1.11198425e-01 -1.06441975e-01 4.71472740e-02 1.00000000e+00
455 P st 3 cl 0 sigma 0.17627  G -2.50339508e-02 1.54328346e-01 3.90052795e-02 1.00000000e+00
455 P st 4 cl 0 sigma 0.17627  G 4.70161438e-02 1.45685673e-01 4.95433807e-02 1.00000000e+00
455 P st 5 cl 0 sigma 0.17627  G 1.26028061e-01 1.48117542e-02 9.67621803e-02 1.00000000e+00
455 P st 6 cl 0 sigma 0.17627  G -5.01155853e-02 1.40738487e-01 5.96523285e-02 1.00000000e+00
455 P st 8 cl 0 sigma 0.17627  G 1.79529190e-02 -2.61664391e-02 1.57099962e-01 1.00000000e+00
455 P st 9 cl 0 sigma 0.17627  G -2.50935555e-02 1.51681900e-01 4.86016273e-02 1.00000000e+00
455 S st 1 cl 1 sigma 0.13790  G 1.92403793e-01 -1.84154510e-01 8.15391541e-02 1.00000000e+00
455 S st 3 cl 1 sigma 0.13790  G -4.32968140e-02 2.67004967e-01 6.74962997e-02 1.00000000e+00
455 S st 4 cl 1 sigma 0.13790  G 8.13484192e-02 2.52008438e-01 8.56876373e-02 1.00000000e+00
455 S st 6 cl 1 sigma 0.13790  G -8.66651535e-02 2.43473053e-01 1.03187561e-01 1.00000000e+00
455 S st 8 cl 1 sigma 0.13790  G 3.10420990e-02 -4.52756882e-02 2.71773338e-01 1.00000000e+00
# EVENT 456  nrows 12  ncols 4  params[x y z ot]  hypo 0.2667 -3.2952 2.8062
456 P st 0 cl 1 sigma 0.40238  G -6.15835190e-02 1.41429901e-01 4.73618507e-02 1.00000000e+00
456 P st 1 cl 0 sigma 0.17627  G 7.98106194e-02 -1.37436390e-01 2.76684761e-02 1.00000000e+00
456 P st 3 cl 0 sigma 0.17627  G -5.92589378e-02 1.47795677e-01 2.57015228e-02 1.00000000e+00
456 P st 4 cl 0 sigma 0.17627  G 1.77741051e-02 1.55043602e-01 3.99351120e-02 1.00000000e+00
456 P st 5 cl 0 sigma 0.17627  G 1.06388330e-01 -5.87821007e-02 1.05577707e-01 1.00000000e+00
456 P st 6 cl 0 sigma 0.17627  G -1.01137161e-01 1.19113922e-01 3.94940376e-02 1.00000000e+00
456 P st 8 cl 0 sigma 0.17627  G -7.06017017e-02 -1.06215477e-01 9.79125500e-02 1.00000000e+00
456 P st 9 cl 0 sigma 0.17627  G -6.79135323e-02 1.42538548e-01 3.31878662e-02 1.00000000e+00
456 S st 1 cl 1 sigma 0.13790  G 1.38092041e-01 -2.37751007e-01 4.78744507e-02 1.00000000e+00
456 S st 3 cl 1 sigma 0.13790  G -1.02519989e-01 2.55703926e-01 4.44650650e-02 1.00000000e+00
456 S st 6 cl 1 sigma 0.13790  G -1.74975395e-01 2.06089020e-01 6.83069229e-02 1.00000000e+00
456 S st 9 cl 1 sigma 0.13790  G -1.17516518e-01 2.46596336e-01 5.74350357e-02 1.00000000e+00
# EVENT 457  nrows 11  ncols 4  params[x y z ot]  hypo 2.0803 -1.6018 3.1714
457 P st 1 cl 0 sigma 0.17627  G 9.78350639e-02 -1.24144554e-01 3.34024429e-02 1.00000000e+00
457 P st 3 cl 1 sigma 0.40238  G -4.17947769e-02 1.53326988e-01 2.86340714e-02 1.00000000e+00
457 P st 4 cl 0 sigma 0.17627  G 3.44514847e-02 1.52683258e-01 3.98993492e-02 1.00000000e+00
457 P st 5 cl 0 sigma 0.17627  G 1.27637386e-01 -1.24871731e-02 9.60648060e-02 1.00000000e+00
457 P st 6 cl 0 sigma 0.17627  G -7.66634941e-02 1.35207176e-01 4.47869301e-02 1.00000000e+00
457 P st 8 cl 0 sigma 0.17627  G -3.03447247e-02 -7.44163990e-02 1.38103962e-01 1.00000000e+00
457 P st 9 cl 1 sigma 0.40238  G -4.60267067e-02 1.50656700e-01 3.65376472e-02 1.00000000e+00
457 S st 1 cl 1 sigma 0.13790  G 1.69229507e-01 -2.14791298e-01 5.77688217e-02 1.00000000e+00
457 S st 6 cl 1 sigma 0.13790  G -1.32608414e-01 2.33936310e-01 7.74860382e-02 1.00000000e+00
457 S st 8 cl 1 sigma 0.13790  G -5.24997711e-02 -1.28746033e-01 2.38931179e-01 1.00000000e+00
457 S st 9 cl 1 sigma 0.13790  G -7.96318054e-02 2.60615349e-01 6.32047653e-02 1.00000000e+00
# EVENT 458  nrows 11  ncols 4  params[x y z ot]  hypo 2.4084 -1.3332 3.5866
458 P st 1 cl 0 sigma 0.17627  G 1.00326538e-01 -1.21021271e-01 3.82781029e-02 1.00000000e+00
458 P st 3 cl 0 sigma 0.17627  G -3.86953354e-02 1.53493881e-01 3.26156616e-02 1.00000000e+00
458 P st 4 cl 0 sigma 0.17627  G 3.68595123e-02 1.51205063e-01 4.44769859e-02 1.00000000e+00
458 P st 5 cl 0 sigma 0.17627  G 1.27696991e-01 -6.34789467e-03 1.00451708e-01 1.00000000e+00
458 P st 6 cl 0 sigma 0.17627  G -7.16924667e-02 1.36184692e-01 5.05924225e-02 1.00000000e+00
458 P st 8 cl 0 sigma 0.17627  G -2.27749348e-02 -7.18712807e-02 1.45757198e-01 1.00000000e+00
458 P st 9 cl 0 sigma 0.17627  G -4.21047211e-02 1.50752068e-01 4.13537025e-02 1.00000000e+00
458 S st 1 cl 1 sigma 0.13790  G 1.73544884e-01 -2.09331512e-01 6.62565231e-02 1.00000000e+00
458 S st 6 cl 1 sigma 0.13790  G -1.24025345e-01 2.35581398e-01 8.75234604e-02 1.00000000e+00
458 S st 8 cl 1 sigma 0.13790  G -3.93986702e-02 -1.24335289e-01 2.52175331e-01 1.00000000e+00
458 S st 9 cl 1 sigma 0.13790  G -7.28130341e-02 2.60782242e-01 7.15255737e-02 1.00000000e+00
# EVENT 459  nrows 10  ncols 4  params[x y z ot]  hypo 0.3160 -3.6278 1.3281
459 P st 0 cl 0 sigma 0.17627  G -6.49094582e-02 1.45852566e-01 2.20298767e-02 1.00000000e+00
459 P st 3 cl 0 sigma 0.17627  G -6.04391098e-02 1.48975849e-01 1.19566917e-02 1.00000000e+00
459 P st 4 cl 0 sigma 0.17627  G 1.93715096e-02 1.59049034e-01 1.82867050e-02 1.00000000e+00
459 P st 5 cl 0 sigma 0.17627  G 1.23906136e-01 -7.75516033e-02 6.04152679e-02 1.00000000e+00
459 P st 6 cl 0 sigma 0.17627  G -1.05428696e-01 1.20675564e-01 1.79767609e-02 1.00000000e+00
459 P st 8 cl 0 sigma 0.17627  G -7.85768032e-02 -1.29187107e-01 5.33163548e-02 1.00000000e+00
459 P st 9 cl 0 sigma 0.17627  G -7.00235367e-02 1.44433975e-01 1.51872635e-02 1.00000000e+00
459 S st 4 cl 1 sigma 0.13790  G 3.34739685e-02 2.75158882e-01 3.16143036e-02 1.00000000e+00
459 S st 6 cl 1 sigma 0.13790  G -1.82437897e-01 2.08783150e-01 3.11136246e-02 1.00000000e+00
459 S st 8 cl 1 sigma 0.13790  G -1.35934353e-01 -2.23481655e-01 9.22203064e-02 1.00000000e+00
